{"recipes":[{"vegetarian":false,"vegan":false,"glutenFree":false,"dairyFree":true,"veryHealthy":false,"cheap":false,"veryPopular":false,"sustainable":false,"weightWatcherSmartPoints":5,"gaps":"no","lowFodmap":false,"aggregateLikes":15,"spoonacularScore":29.0,"healthScore":2.0,"creditsText":"Foodista.com – The Cooking Encyclopedia Everyone Can Edit","license":"CC BY 3.0","sourceName":"Foodista","pricePerServing":60.19,"extendedIngredients":[{"id":4582,"aisle":"Oil, Vinegar, Salad Dressing","image":"vegetable-oil.jpg","consistency":"liquid","name":"oil","nameClean":"cooking oil","original":"2 tablespoons plus 1 teaspoon oil","originalString":"2 tablespoons plus 1 teaspoon oil","originalName":"oil","amount":2.0,"unit":"tablespoons","meta":[],"metaInformation":[],"measures":{"us":{"amount":2.0,"unitShort":"Tbsps","unitLong":"Tbsps"},"metric":{"amount":2.0,"unitShort":"Tbsps","unitLong":"Tbsps"}}},{"id":15243,"aisle":"Seafood","image":"crayfish.jpg","consistency":"solid","name":"crawfish tails","nameClean":"crawfish","original":"1 cup shelled crawfish tails","originalString":"1 cup shelled crawfish tails","originalName":"shelled crawfish tails","amount":1.0,"unit":"cup","meta":["shelled"],"metaInformation":["shelled"],"measures":{"us":{"amount":1.0,"unitShort":"cup","unitLong":"cup"},"metric":{"amount":236.588,"unitShort":"ml","unitLong":"milliliters"}}},{"id":10011282,"aisle":"Produce","image":"red-onion.png","consistency":"solid","name":"red onion","nameClean":"red onion","original":"2 tablespoons each chopped onion, red pepper and celery","originalString":"2 tablespoons each chopped onion, red pepper and celery","originalName":"each chopped onion, red pepper and celery","amount":2.0,"unit":"tablespoons","meta":["red","chopped"],"metaInformation":["red","chopped"],"measures":{"us":{"amount":2.0,"unitShort":"Tbsps","unitLong":"Tbsps"},"metric":{"amount":2.0,"unitShort":"Tbsps","unitLong":"Tbsps"}}},{"id":11215,"aisle":"Produce","image":"garlic.png","consistency":"solid","name":"garlic","nameClean":"garlic","original":"1/2 teaspoon chopped garlic","originalString":"1/2 teaspoon chopped garlic","originalName":"chopped garlic","amount":0.5,"unit":"teaspoon","meta":["chopped"],"metaInformation":["chopped"],"measures":{"us":{"amount":0.5,"unitShort":"tsps","unitLong":"teaspoons"},"metric":{"amount":0.5,"unitShort":"tsps","unitLong":"teaspoons"}}},{"id":1002031,"aisle":"Spices and Seasonings","image":"chili-powder.jpg","consistency":"solid","name":"creole spice","nameClean":"creole seasoning","original":"Creole spice","originalString":"Creole spice","originalName":"Creole spice","amount":1.0,"unit":"serving","meta":[],"metaInformation":[],"measures":{"us":{"amount":1.0,"unitShort":"serving","unitLong":"serving"},"metric":{"amount":1.0,"unitShort":"serving","unitLong":"serving"}}},{"id":1123,"aisle":"Milk, Eggs, Other Dairy","image":"egg.png","consistency":"solid","name":"egg","nameClean":"egg","original":"1 egg","originalString":"1 egg","originalName":"egg","amount":1.0,"unit":"","meta":[],"metaInformation":[],"measures":{"us":{"amount":1.0,"unitShort":"","unitLong":""},"metric":{"amount":1.0,"unitShort":"","unitLong":""}}},{"id":18079,"aisle":"Pasta and Rice","image":"breadcrumbs.jpg","consistency":"solid","name":"bread crumbs","nameClean":"breadcrumbs","original":"1/2 cup bread crumbs","originalString":"1/2 cup bread crumbs","originalName":"bread crumbs","amount":0.5,"unit":"cup","meta":[],"metaInformation":[],"measures":{"us":{"amount":0.5,"unitShort":"cups","unitLong":"cups"},"metric":{"amount":118.294,"unitShort":"ml","unitLong":"milliliters"}}},{"id":93646,"aisle":"Bakery/Bread","image":"dinner-yeast-rolls.jpg","consistency":"solid","name":"slider buns","nameClean":"slider buns","original":"8 slider buns","originalString":"8 slider buns","originalName":"slider buns","amount":8.0,"unit":"","meta":[],"metaInformation":[],"measures":{"us":{"amount":8.0,"unitShort":"","unitLong":""},"metric":{"amount":8.0,"unitShort":"","unitLong":""}}},{"id":27049,"aisle":"Condiments","image":"sour-cream.jpg","consistency":"liquid","name":"tartar sauce","nameClean":"tartar sauce","original":"Tartar sauce","originalString":"Tartar sauce","originalName":"Tartar sauce","amount":1.0,"unit":"serving","meta":[],"metaInformation":[],"measures":{"us":{"amount":1.0,"unitShort":"serving","unitLong":"serving"},"metric":{"amount":1.0,"unitShort":"serving","unitLong":"serving"}}}],"id":640461,"title":"Crawfish Cake Sliders","readyInMinutes":45,"servings":8,"sourceUrl":"https://www.foodista.com/recipe/MLDXBH7V/crawfish-cake-sliders","image":"https://spoonacular.com/recipeImages/640461-556x370.jpg","imageType":"jpg","summary":"Need a <b>dairy free and pescatarian hor d'oeuvre</b>? Crawfish Cake Sliders could be an excellent recipe to try. One portion of this dish contains around <b>9g of protein</b>, <b>6g of fat</b>, and a total of <b>181 calories</b>. For <b>60 cents per serving</b>, this recipe <b>covers 6%</b> of your daily requirements of vitamins and minerals. This recipe serves 8. 15 people were impressed by this recipe. From preparation to the plate, this recipe takes about <b>about 45 minutes</b>. It is brought to you by Foodista. If you have egg, tartar sauce, onion, and a few other ingredients on hand, you can make it. With a spoonacular <b>score of 25%</b>, this dish is rather bad. If you like this recipe, take a look at these similar recipes: <a href=\"https://spoonacular.com/recipes/cajun-crawfish-sliders-404940\">Cajun Crawfish Sliders</a>, <a href=\"https://spoonacular.com/recipes/crawfish-jalapeno-cheese-cornbread-topped-with-crawfish-etouffee-362029\">Crawfish Jalapeno Cheese Cornbread topped with Crawfish Etouffee</a>, and <a href=\"https://spoonacular.com/recipes/crab-cake-sliders-303927\">Crab Cake Sliders</a>.","cuisines":[],"dishTypes":["fingerfood","antipasti","starter","snack","appetizer","antipasto","hor d'oeuvre"],"diets":["dairy free","pescatarian"],"occasions":[],"instructions":"In a saute pan heat 1 teaspoon oil, add chopped onion, red pepper and celery and cook until tender, about 2-3 minutes.\nRemove pan from heat and add garlic, crawfish meat, and 1 teaspoon Creole spice (or to taste). Transfer to a mixing bowl and set aside to cool.\nMix in egg and enough bread crumbs for mixture to bind; adjust seasonings to taste with salt, pepper and Creole spice.\nForm into 8 equal patties and flatten to 3/4-inch thick. Heat remaining oil in a saute pan and cook cakes on both sides until brown and crispy.\nServe with a dollop of tartar sauce.","analyzedInstructions":[{"name":"","steps":[{"number":1,"step":"In a saute pan heat 1 teaspoon oil, add chopped onion, red pepper and celery and cook until tender, about 2-3 minutes.","ingredients":[{"id":11821,"name":"red pepper","localizedName":"red pepper","image":"red-pepper.jpg"},{"id":11143,"name":"celery","localizedName":"celery","image":"celery.jpg"},{"id":11282,"name":"onion","localizedName":"onion","image":"brown-onion.png"},{"id":4582,"name":"cooking oil","localizedName":"cooking oil","image":"vegetable-oil.jpg"}],"equipment":[{"id":404645,"name":"frying pan","localizedName":"frying pan","image":"pan.png"}],"length":{"number":3,"unit":"minutes"}},{"number":2,"step":"Remove pan from heat and add garlic, crawfish meat, and 1 teaspoon Creole spice (or to taste).","ingredients":[{"id":1002031,"name":"creole seasoning","localizedName":"creole seasoning","image":"chili-powder.jpg"},{"id":15243,"name":"crawfish","localizedName":"crawfish","image":"crayfish.jpg"},{"id":11215,"name":"garlic","localizedName":"garlic","image":"garlic.png"},{"id":1065062,"name":"meat","localizedName":"meat","image":"whole-chicken.jpg"}],"equipment":[{"id":404645,"name":"frying pan","localizedName":"frying pan","image":"pan.png"}]},{"number":3,"step":"Transfer to a mixing bowl and set aside to cool.","ingredients":[],"equipment":[{"id":405907,"name":"mixing bowl","localizedName":"mixing bowl","image":"mixing-bowl.jpg"}]},{"number":4,"step":"Mix in egg and enough bread crumbs for mixture to bind; adjust seasonings to taste with salt, pepper and Creole spice.","ingredients":[{"id":18079,"name":"breadcrumbs","localizedName":"breadcrumbs","image":"breadcrumbs.jpg"},{"id":1002031,"name":"creole seasoning","localizedName":"creole seasoning","image":"chili-powder.jpg"},{"id":1042027,"name":"seasoning","localizedName":"seasoning","image":"seasoning.png"},{"id":1002030,"name":"pepper","localizedName":"pepper","image":"pepper.jpg"},{"id":2047,"name":"salt","localizedName":"salt","image":"salt.jpg"},{"id":1123,"name":"egg","localizedName":"egg","image":"egg.png"}],"equipment":[]},{"number":5,"step":"Form into 8 equal patties and flatten to 3/4-inch thick.","ingredients":[],"equipment":[]},{"number":6,"step":"Heat remaining oil in a saute pan and cook cakes on both sides until brown and crispy.","ingredients":[{"id":4582,"name":"cooking oil","localizedName":"cooking oil","image":"vegetable-oil.jpg"}],"equipment":[{"id":404645,"name":"frying pan","localizedName":"frying pan","image":"pan.png"}]},{"number":7,"step":"Serve with a dollop of tartar sauce.","ingredients":[{"id":27049,"name":"tartar sauce","localizedName":"tartar sauce","image":"sour-cream.jpg"}],"equipment":[]}]}],"originalId":null,"spoonacularSourceUrl":"https://spoonacular.com/crawfish-cake-sliders-640461"}]}