{"recipes":[{"vegetarian":false,"vegan":false,"glutenFree":true,"dairyFree":true,"veryHealthy":false,"cheap":false,"veryPopular":false,"sustainable":false,"weightWatcherSmartPoints":10,"gaps":"no","lowFodmap":false,"aggregateLikes":9,"spoonacularScore":57.0,"healthScore":13.0,"creditsText":"Foodista.com – The Cooking Encyclopedia Everyone Can Edit","license":"CC BY 3.0","sourceName":"Foodista","pricePerServing":186.55,"extendedIngredients":[{"id":13786,"aisle":"Meat","image":"beef-chuck-roast.png","consistency":"solid","name":"chuck roast","nameClean":"beef chuck roast","original":"2 pounds chuck roast","originalString":"2 pounds chuck roast","originalName":"chuck roast","amount":2.0,"unit":"pounds","meta":[],"metaInformation":[],"measures":{"us":{"amount":2.0,"unitShort":"lb","unitLong":"pounds"},"metric":{"amount":907.185,"unitShort":"g","unitLong":"grams"}}},{"id":1102047,"aisle":"Spices and Seasonings","image":"salt-and-pepper.jpg","consistency":"solid","name":"salt and pepper","nameClean":"salt and pepper","original":"Salt and pepper","originalString":"Salt and pepper","originalName":"Salt and pepper","amount":1.0,"unit":"serving","meta":[],"metaInformation":[],"measures":{"us":{"amount":1.0,"unitShort":"serving","unitLong":"serving"},"metric":{"amount":1.0,"unitShort":"serving","unitLong":"serving"}}},{"id":4513,"aisle":null,"image":null,"consistency":null,"name":"vegetable oil","nameClean":null,"original":"2 tablespoons vegetable oil","originalString":"2 tablespoons vegetable oil","originalName":"vegetable oil","amount":2.0,"unit":"tablespoons","meta":[],"metaInformation":[],"measures":{"us":{"amount":2.0,"unitShort":"Tbsps","unitLong":"Tbsps"},"metric":{"amount":2.0,"unitShort":"Tbsps","unitLong":"Tbsps"}}},{"id":11282,"aisle":"Produce","image":"brown-onion.png","consistency":"solid","name":"onions","nameClean":"onion","original":"2 inches large onions, sliced half moons","originalString":"2 inches large onions, sliced half moons","originalName":"onions, sliced half moons","amount":2.0,"unit":"inches","meta":["sliced"],"metaInformation":["sliced"],"measures":{"us":{"amount":2.0,"unitShort":"inches","unitLong":"inches"},"metric":{"amount":2.0,"unitShort":"inches","unitLong":"inches"}}},{"id":11960,"aisle":"Produce","image":"baby-carrots.jpg","consistency":"solid","name":"baby carrots","nameClean":"baby carrots","original":"20 inches baby carrots, cut half","originalString":"20 inches baby carrots, cut half","originalName":"baby carrots, cut half","amount":20.0,"unit":"inches","meta":[],"metaInformation":[],"measures":{"us":{"amount":20.0,"unitShort":"inches","unitLong":"inches"},"metric":{"amount":20.0,"unitShort":"inches","unitLong":"inches"}}},{"id":10111143,"aisle":"Produce","image":"celery.jpg","consistency":"solid","name":"celery stalks","nameClean":"celery sticks","original":"3 inches celery stalks, cut into one pieces","originalString":"3 inches celery stalks, cut into one pieces","originalName":"celery stalks, cut into one pieces","amount":3.0,"unit":"inches","meta":["cut into one pieces"],"metaInformation":["cut into one pieces"],"measures":{"us":{"amount":3.0,"unitShort":"inches","unitLong":"inches"},"metric":{"amount":3.0,"unitShort":"inches","unitLong":"inches"}}},{"id":14003,"aisle":"Alcoholic Beverages","image":"beer.jpg","consistency":"liquid","name":"beer","nameClean":"beer","original":"8 ounces beer","originalString":"8 ounces beer","originalName":"beer","amount":8.0,"unit":"ounces","meta":[],"metaInformation":[],"measures":{"us":{"amount":8.0,"unitShort":"oz","unitLong":"ounces"},"metric":{"amount":226.796,"unitShort":"g","unitLong":"grams"}}},{"id":2049,"aisle":"Produce;Spices and Seasonings","image":"thyme.jpg","consistency":"solid","name":"fresh thyme","nameClean":"thyme","original":"2 sprigs of fresh thyme","originalString":"2 sprigs of fresh thyme","originalName":"fresh thyme","amount":2.0,"unit":"sprigs","meta":["fresh"],"metaInformation":["fresh"],"measures":{"us":{"amount":2.0,"unitShort":"sprigs","unitLong":"sprigs"},"metric":{"amount":2.0,"unitShort":"sprigs","unitLong":"sprigs"}}},{"id":6170,"aisle":"Canned and Jarred","image":"beef-broth.png","consistency":"liquid","name":"beef stock","nameClean":"beef stock","original":"1 cup beef stock","originalString":"1 cup beef stock","originalName":"beef stock","amount":1.0,"unit":"cup","meta":[],"metaInformation":[],"measures":{"us":{"amount":1.0,"unitShort":"cup","unitLong":"cup"},"metric":{"amount":236.588,"unitShort":"ml","unitLong":"milliliters"}}},{"id":6971,"aisle":"Condiments","image":"dark-sauce.jpg","consistency":"liquid","name":"worcestershire sauce","nameClean":"worcestershire sauce","original":"1 tablespoon Worcestershire sauce","originalString":"1 tablespoon Worcestershire sauce","originalName":"Worcestershire sauce","amount":1.0,"unit":"tablespoon","meta":[],"metaInformation":[],"measures":{"us":{"amount":1.0,"unitShort":"Tbsp","unitLong":"Tbsp"},"metric":{"amount":1.0,"unitShort":"Tbsp","unitLong":"Tbsp"}}}],"id":639628,"title":"Classic Pot Roast","readyInMinutes":45,"servings":6,"sourceUrl":"https://www.foodista.com/recipe/MHHJFJCK/classic-pot-roast","image":"https://spoonacular.com/recipeImages/639628-556x370.jpg","imageType":"jpg","summary":"If you want to add more <b>gluten free and dairy free</b> recipes to your recipe box, Classic Pot Roast might be a recipe you should try. This main course has <b>340 calories</b>, <b>30g of protein</b>, and <b>22g of fat</b> per serving. This recipe serves 6. For <b>$1.87 per serving</b>, this recipe <b>covers 19%</b> of your daily requirements of vitamins and minerals. 9 people have made this recipe and would make it again. It is brought to you by Foodista. A mixture of baby carrots, beer, celery stalks, and a handful of other ingredients are all it takes to make this recipe so delicious. From preparation to the plate, this recipe takes around <b>around 45 minutes</b>. Taking all factors into account, this recipe <b>earns a spoonacular score of 56%</b>, which is solid. If you like this recipe, take a look at these similar recipes: <a href=\"https://spoonacular.com/recipes/classic-pot-roast-484451\">Classic Pot Roast</a>, <a href=\"https://spoonacular.com/recipes/classic-pot-roast-293385\">Classic Pot Roast</a>, and <a href=\"https://spoonacular.com/recipes/classic-pot-roast-534670\">Classic Pot Roast</a>.","cuisines":[],"dishTypes":["lunch","main course","main dish","dinner"],"diets":["gluten free","dairy free"],"occasions":[],"instructions":"Heat a cast iron skillet or dutch oven to medium high heat, and preheat the oven to 325 degrees.\nTrim excess fat off the chuck roast and season all over with salt and pepper, then coat the meat with canola oil, rubbing all sides of it.\nSear the meat in the skillet, browning for several minutes on all sides.\nRemove the meat and set aside, then add the vegetables. Saute for several minutes and season with salt and pepper.\nDeglaze the pan with beer and let reduce for several minutes.\nAdd the beef back to the pan and add the thyme, stock and Worcestershire.\nCover the pan and place in the oven and let cook for 6-8 hours, until the meat is fork tender. Serve with steamed potatoes or crusty bread.","analyzedInstructions":[{"name":"","steps":[{"number":1,"step":"Heat a cast iron skillet or dutch oven to medium high heat, and preheat the oven to 325 degrees.","ingredients":[],"equipment":[{"id":404667,"name":"dutch oven","localizedName":"dutch oven","image":"dutch-oven.jpg"},{"id":404645,"name":"frying pan","localizedName":"frying pan","image":"pan.png"},{"id":404784,"name":"oven","localizedName":"oven","image":"oven.jpg"}]},{"number":2,"step":"Trim excess fat off the chuck roast and season all over with salt and pepper, then coat the meat with canola oil, rubbing all sides of it.","ingredients":[{"id":1102047,"name":"salt and pepper","localizedName":"salt and pepper","image":"salt-and-pepper.jpg"},{"id":13786,"name":"beef chuck roast","localizedName":"beef chuck roast","image":"beef-chuck-roast.png"},{"id":1014582,"name":"canola oil","localizedName":"canola oil","image":"vegetable-oil.jpg"},{"id":1065062,"name":"meat","localizedName":"meat","image":"whole-chicken.jpg"}],"equipment":[]},{"number":3,"step":"Sear the meat in the skillet, browning for several minutes on all sides.","ingredients":[{"id":1065062,"name":"meat","localizedName":"meat","image":"whole-chicken.jpg"}],"equipment":[{"id":404645,"name":"frying pan","localizedName":"frying pan","image":"pan.png"}]},{"number":4,"step":"Remove the meat and set aside, then add the vegetables.","ingredients":[{"id":11583,"name":"vegetable","localizedName":"vegetable","image":"mixed-vegetables.png"},{"id":1065062,"name":"meat","localizedName":"meat","image":"whole-chicken.jpg"}],"equipment":[]},{"number":5,"step":"Saute for several minutes and season with salt and pepper.","ingredients":[{"id":1102047,"name":"salt and pepper","localizedName":"salt and pepper","image":"salt-and-pepper.jpg"}],"equipment":[]},{"number":6,"step":"Deglaze the pan with beer and let reduce for several minutes.","ingredients":[{"id":14003,"name":"beer","localizedName":"beer","image":"beer.jpg"}],"equipment":[{"id":404645,"name":"frying pan","localizedName":"frying pan","image":"pan.png"}]},{"number":7,"step":"Add the beef back to the pan and add the thyme, stock and Worcestershire.","ingredients":[{"id":6971,"name":"worcestershire sauce","localizedName":"worcestershire sauce","image":"dark-sauce.jpg"},{"id":1006615,"name":"stock","localizedName":"stock","image":"chicken-broth.png"},{"id":2049,"name":"thyme","localizedName":"thyme","image":"thyme.jpg"},{"id":23572,"name":"beef","localizedName":"beef","image":"beef-cubes-raw.png"}],"equipment":[{"id":404645,"name":"frying pan","localizedName":"frying pan","image":"pan.png"}]},{"number":8,"step":"Cover the pan and place in the oven and let cook for 6-8 hours, until the meat is fork tender.","ingredients":[{"id":1065062,"name":"meat","localizedName":"meat","image":"whole-chicken.jpg"}],"equipment":[{"id":404784,"name":"oven","localizedName":"oven","image":"oven.jpg"},{"id":404645,"name":"frying pan","localizedName":"frying pan","image":"pan.png"}],"length":{"number":480,"unit":"minutes"}},{"number":9,"step":"Serve with steamed potatoes or crusty bread.","ingredients":[{"id":10018029,"name":"crusty bread","localizedName":"crusty bread","image":"crusty-bread.jpg"},{"id":11352,"name":"potato","localizedName":"potato","image":"potatoes-yukon-gold.png"}],"equipment":[]}]}],"originalId":null,"spoonacularSourceUrl":"https://spoonacular.com/classic-pot-roast-639628"}]}