{"recipes":[{"vegetarian":false,"vegan":false,"glutenFree":false,"dairyFree":false,"veryHealthy":false,"cheap":false,"veryPopular":false,"sustainable":false,"weightWatcherSmartPoints":12,"gaps":"no","lowFodmap":false,"aggregateLikes":22,"spoonacularScore":28.0,"healthScore":2.0,"creditsText":"Foodista.com – The Cooking Encyclopedia Everyone Can Edit","license":"CC BY 3.0","sourceName":"Foodista","pricePerServing":136.86,"extendedIngredients":[{"id":1017,"aisle":"Cheese","image":"cream-cheese.jpg","consistency":"solid","name":"cream cheese","nameClean":"cream cheese","original":"8 ounces pkg cream cheese, softened","originalString":"8 ounces pkg cream cheese, softened","originalName":"pkg cream cheese, softened","amount":8.0,"unit":"ounces","meta":["softened"],"metaInformation":["softened"],"measures":{"us":{"amount":8.0,"unitShort":"oz","unitLong":"ounces"},"metric":{"amount":226.796,"unitShort":"g","unitLong":"grams"}}},{"id":1077,"aisle":"Milk, Eggs, Other Dairy","image":"milk.png","consistency":"liquid","name":"milk","nameClean":"milk","original":"1 tablespoon milk","originalString":"1 tablespoon milk","originalName":"milk","amount":1.0,"unit":"tablespoon","meta":[],"metaInformation":[],"measures":{"us":{"amount":1.0,"unitShort":"Tbsp","unitLong":"Tbsp"},"metric":{"amount":1.0,"unitShort":"Tbsp","unitLong":"Tbsp"}}},{"id":15141,"aisle":"Canned and Jarred","image":"lump-crabmeat.png","consistency":"solid","name":"canned crabmeat","nameClean":"cooked crabmeat","original":"1 can crabmeat, flaked","originalString":"1 can crabmeat, flaked","originalName":"crabmeat, flaked","amount":1.0,"unit":"can","meta":["flaked"],"metaInformation":["flaked"],"measures":{"us":{"amount":1.0,"unitShort":"can","unitLong":"can"},"metric":{"amount":1.0,"unitShort":"can","unitLong":"can"}}},{"id":11282,"aisle":"Produce","image":"brown-onion.png","consistency":"solid","name":"onion","nameClean":"onion","original":"2 tablespoons finely chopped onion","originalString":"2 tablespoons finely chopped onion","originalName":"finely chopped onion","amount":2.0,"unit":"tablespoons","meta":["finely chopped"],"metaInformation":["finely chopped"],"measures":{"us":{"amount":2.0,"unitShort":"Tbsps","unitLong":"Tbsps"},"metric":{"amount":2.0,"unitShort":"Tbsps","unitLong":"Tbsps"}}},{"id":1002055,"aisle":"Produce","image":"horseradish.jpg","consistency":"liquid","name":"horseradish","nameClean":"horseradish","original":"1/2 teaspoon horseradish","originalString":"1/2 teaspoon horseradish","originalName":"horseradish","amount":0.5,"unit":"teaspoon","meta":[],"metaInformation":[],"measures":{"us":{"amount":0.5,"unitShort":"tsps","unitLong":"teaspoons"},"metric":{"amount":0.5,"unitShort":"tsps","unitLong":"teaspoons"}}},{"id":18079,"aisle":"Pasta and Rice","image":"breadcrumbs.jpg","consistency":"solid","name":"breadcrumbs","nameClean":"breadcrumbs","original":"1/8 cup breadcrumbs","originalString":"1/8 cup breadcrumbs","originalName":"breadcrumbs","amount":0.125,"unit":"cup","meta":[],"metaInformation":[],"measures":{"us":{"amount":0.125,"unitShort":"cups","unitLong":"cups"},"metric":{"amount":29.574,"unitShort":"ml","unitLong":"milliliters"}}},{"id":1001,"aisle":"Milk, Eggs, Other Dairy","image":"butter-sliced.jpg","consistency":"solid","name":"butter","nameClean":"butter","original":"2 tablespoons butter, cut into small bits","originalString":"2 tablespoons butter, cut into small bits","originalName":"butter, cut into small bits","amount":2.0,"unit":"tablespoons","meta":["cut into small bits"],"metaInformation":["cut into small bits"],"measures":{"us":{"amount":2.0,"unitShort":"Tbsps","unitLong":"Tbsps"},"metric":{"amount":2.0,"unitShort":"Tbsps","unitLong":"Tbsps"}}},{"id":2047,"aisle":"Spices and Seasonings","image":"salt.jpg","consistency":"solid","name":"salt","nameClean":"salt","original":"salt, pepper","originalString":"salt, pepper","originalName":"salt, pepper","amount":1.0,"unit":"serving","meta":[],"metaInformation":[],"measures":{"us":{"amount":1.0,"unitShort":"serving","unitLong":"serving"},"metric":{"amount":1.0,"unitShort":"serving","unitLong":"serving"}}}],"id":631751,"title":"Hot Crab Dip","readyInMinutes":45,"servings":4,"sourceUrl":"https://www.foodista.com/recipe/5FF8FJ23/holiday-hot-crabmeat-dip","image":"https://spoonacular.com/recipeImages/631751-556x370.jpg","imageType":"jpg","summary":"Hot Crab Dip could be just the <b>pescatarian</b> recipe you've been looking for. This recipe makes 4 servings with <b>288 calories</b>, <b>10g of protein</b>, and <b>26g of fat</b> each. For <b>$1.37 per serving</b>, this recipe <b>covers 8%</b> of your daily requirements of vitamins and minerals. It works well as a hor d'oeuvre. This recipe is liked by 22 foodies and cooks. It is perfect for <b>The Super Bowl</b>. It is brought to you by Foodista. From preparation to the plate, this recipe takes about <b>about 45 minutes</b>. Head to the store and pick up salt, milk, crabmeat, and a few other things to make it today. Taking all factors into account, this recipe <b>earns a spoonacular score of 25%</b>, which is not so amazing. Users who liked this recipe also liked <a href=\"https://spoonacular.com/recipes/hot-crab-dip-300282\">Hot Crab Dip</a>, <a href=\"https://spoonacular.com/recipes/hot-crab-dip-21389\">Hot Crab Dip</a>, and <a href=\"https://spoonacular.com/recipes/hot-crab-dip-120082\">Hot Crab Dip</a>.","cuisines":[],"dishTypes":["antipasti","condiment","starter","snack","appetizer","dip","antipasto","hor d'oeuvre","spread"],"diets":["pescatarian"],"occasions":["super bowl"],"instructions":"Add all ingredients to softened cream cheese, mix with fork\nPlace in small casserole dish\nCover with breadcrumbs and butter\nBake 375 for 15 minutes","analyzedInstructions":[{"name":"","steps":[{"number":1,"step":"Add all ingredients to softened cream cheese, mix with fork","ingredients":[{"id":1017,"name":"cream cheese","localizedName":"cream cheese","image":"cream-cheese.jpg"}],"equipment":[]},{"number":2,"step":"Place in small casserole dish","ingredients":[],"equipment":[{"id":404635,"name":"casserole dish","localizedName":"casserole dish","image":"casserole-dish.png"}]},{"number":3,"step":"Cover with breadcrumbs and butter","ingredients":[{"id":18079,"name":"breadcrumbs","localizedName":"breadcrumbs","image":"breadcrumbs.jpg"},{"id":1001,"name":"butter","localizedName":"butter","image":"butter-sliced.jpg"}],"equipment":[]},{"number":4,"step":"Bake 375 for 15 minutes","ingredients":[],"equipment":[{"id":404784,"name":"oven","localizedName":"oven","image":"oven.jpg"}]}]}],"originalId":null,"spoonacularSourceUrl":"https://spoonacular.com/hot-crab-dip-631751"},{"vegetarian":false,"vegan":false,"glutenFree":true,"dairyFree":true,"veryHealthy":false,"cheap":false,"veryPopular":false,"sustainable":false,"weightWatcherSmartPoints":11,"gaps":"no","lowFodmap":false,"aggregateLikes":13,"spoonacularScore":80.0,"healthScore":29.0,"creditsText":"Foodista.com – The Cooking Encyclopedia Everyone Can Edit","license":"CC BY 3.0","sourceName":"Foodista","pricePerServing":515.81,"extendedIngredients":[{"id":10011282,"aisle":"Produce","image":"red-onion.png","consistency":"solid","name":"red onion","nameClean":"red onion","original":"1/3 cup finely chopped red onion","originalString":"1/3 cup finely chopped red onion","originalName":"finely chopped red onion","amount":0.3333333333333333,"unit":"cup","meta":["red","finely chopped"],"metaInformation":["red","finely chopped"],"measures":{"us":{"amount":0.333,"unitShort":"cups","unitLong":"cups"},"metric":{"amount":78.863,"unitShort":"ml","unitLong":"milliliters"}}},{"id":4025,"aisle":"Condiments","image":"mayonnaise.png","consistency":"liquid","name":"mayonnaise","nameClean":"mayonnaise","original":"3 tablespoons mayonnaise","originalString":"3 tablespoons mayonnaise","originalName":"mayonnaise","amount":3.0,"unit":"tablespoons","meta":[],"metaInformation":[],"measures":{"us":{"amount":3.0,"unitShort":"Tbsps","unitLong":"Tbsps"},"metric":{"amount":3.0,"unitShort":"Tbsps","unitLong":"Tbsps"}}},{"id":1016168,"aisle":"Condiments","image":"hot-sauce-or-tabasco.png","consistency":"liquid","name":"sriracha hot sauce","nameClean":"sriracha","original":"1/2 teaspoon Thai style hot sauce such as Sriracha","originalString":"1/2 teaspoon Thai style hot sauce such as Sriracha","originalName":"Thai style hot sauce such as Sriracha","amount":0.5,"unit":"teaspoon","meta":["thai style"],"metaInformation":["thai style"],"measures":{"us":{"amount":0.5,"unitShort":"tsps","unitLong":"teaspoons"},"metric":{"amount":0.5,"unitShort":"tsps","unitLong":"teaspoons"}}},{"id":11165,"aisle":"Produce;Spices and Seasonings","image":"cilantro.png","consistency":"solid","name":"fresh cilantro","nameClean":"cilantro","original":"2 tablespoons chopped fresh cilantro","originalString":"2 tablespoons chopped fresh cilantro","originalName":"chopped fresh cilantro","amount":2.0,"unit":"tablespoons","meta":["fresh","chopped"],"metaInformation":["fresh","chopped"],"measures":{"us":{"amount":2.0,"unitShort":"Tbsps","unitLong":"Tbsps"},"metric":{"amount":2.0,"unitShort":"Tbsps","unitLong":"Tbsps"}}},{"id":9160,"aisle":"Produce","image":"lime-juice.png","consistency":"liquid","name":"lime juice","nameClean":"lime juice","original":"3 teaspoons fresh lime juice","originalString":"3 teaspoons fresh lime juice","originalName":"fresh lime juice","amount":3.0,"unit":"teaspoons","meta":["fresh"],"metaInformation":["fresh"],"measures":{"us":{"amount":3.0,"unitShort":"tsps","unitLong":"teaspoons"},"metric":{"amount":3.0,"unitShort":"tsps","unitLong":"teaspoons"}}},{"id":1002014,"aisle":"Spices and Seasonings","image":"ground-cumin.jpg","consistency":"solid","name":"ground cumin","nameClean":"cumin","original":"1/2 teaspoon ground cumin","originalString":"1/2 teaspoon ground cumin","originalName":"ground cumin","amount":0.5,"unit":"teaspoon","meta":[],"metaInformation":[],"measures":{"us":{"amount":0.5,"unitShort":"tsps","unitLong":"teaspoons"},"metric":{"amount":0.5,"unitShort":"tsps","unitLong":"teaspoons"}}},{"id":1009159,"aisle":"Produce","image":"zest-lime.jpg","consistency":"solid","name":"lime zest","nameClean":"lime peel","original":"1/2 teaspoon lime zest","originalString":"1/2 teaspoon lime zest","originalName":"lime zest","amount":0.5,"unit":"teaspoon","meta":[],"metaInformation":[],"measures":{"us":{"amount":0.5,"unitShort":"tsps","unitLong":"teaspoons"},"metric":{"amount":0.5,"unitShort":"tsps","unitLong":"teaspoons"}}},{"id":10115136,"aisle":"Seafood","image":"lump-crabmeat.png","consistency":"solid","name":"lump crab meat","nameClean":"lump crabmeat","original":"8 ounces lump crab meat","originalString":"8 ounces lump crab meat","originalName":"lump crab meat","amount":8.0,"unit":"ounces","meta":[],"metaInformation":[],"measures":{"us":{"amount":8.0,"unitShort":"oz","unitLong":"ounces"},"metric":{"amount":226.796,"unitShort":"g","unitLong":"grams"}}},{"id":9037,"aisle":"Produce","image":"avocado.jpg","consistency":"solid","name":"avocado","nameClean":"avocado","original":"1 ripe large avocado, halved and pitted","originalString":"1 ripe large avocado, halved and pitted","originalName":"ripe large avocado, halved and pitted","amount":1.0,"unit":"large","meta":["pitted","ripe","halved"],"metaInformation":["pitted","ripe","halved"],"measures":{"us":{"amount":1.0,"unitShort":"large","unitLong":"large"},"metric":{"amount":1.0,"unitShort":"large","unitLong":"large"}}}],"id":640311,"title":"Crab Salad in Avocado Boats","readyInMinutes":45,"servings":2,"sourceUrl":"https://www.foodista.com/recipe/XNY2KBKG/crab-salad-in-avocado-boats","image":"https://spoonacular.com/recipeImages/640311-556x370.jpg","imageType":"jpg","summary":"Crab Salad in Avocado Boats might be a good recipe to expand your main course repertoire. For <b>$5.16 per serving</b>, this recipe <b>covers 27%</b> of your daily requirements of vitamins and minerals. This recipe makes 2 servings with <b>414 calories</b>, <b>23g of protein</b>, and <b>31g of fat</b> each. 10 people found this recipe to be tasty and satisfying. It is brought to you by Foodista. If you have lime zest, ground cumin, hot sauce such as sriracha, and a few other ingredients on hand, you can make it. From preparation to the plate, this recipe takes approximately <b>approximately 45 minutes</b>. It is a good option if you're following a <b>gluten free, dairy free, whole 30, and pescatarian</b> diet. Overall, this recipe earns an <b>excellent spoonacular score of 80%</b>. If you like this recipe, take a look at these similar recipes: <a href=\"https://spoonacular.com/recipes/tuna-salad-avocado-boats-803351\">Tuna Salad Avocado Boats</a>, <a href=\"https://spoonacular.com/recipes/tuna-salad-avocado-boats-866796\">Tuna Salad Avocado Boats</a>, and <a href=\"https://spoonacular.com/recipes/avocado-and-crab-salad-21492\">Avocado And Crab Salad</a>.","cuisines":[],"dishTypes":["lunch","main course","main dish","dinner"],"diets":["gluten free","dairy free","pescatarian"],"occasions":[],"instructions":"Stir red onion, mayonnaise, hot sauce, cilantro, 2 teaspoons lime juice, cumin and lime zest in medium bowl to blend.\nMix in crab meat. Season salad with salt and pepper.\nBrush each avocado with the remaining 1 teaspoon lime juice to prevent avocado from browning.\nMound crab salad on each avocado half. Serve salad with lime wedges.","analyzedInstructions":[{"name":"","steps":[{"number":1,"step":"Stir red onion, mayonnaise, hot sauce, cilantro, 2 teaspoons lime juice, cumin and lime zest in medium bowl to blend.","ingredients":[{"id":9160,"name":"lime juice","localizedName":"lime juice","image":"lime-juice.png"},{"id":4025,"name":"mayonnaise","localizedName":"mayonnaise","image":"mayonnaise.png"},{"id":6168,"name":"hot sauce","localizedName":"hot sauce","image":"hot-sauce-or-tabasco.png"},{"id":1009159,"name":"lime zest","localizedName":"lime zest","image":"zest-lime.jpg"},{"id":10011282,"name":"red onion","localizedName":"red onion","image":"red-onion.png"},{"id":11165,"name":"cilantro","localizedName":"cilantro","image":"cilantro.png"},{"id":1002014,"name":"cumin","localizedName":"cumin","image":"ground-cumin.jpg"}],"equipment":[{"id":404783,"name":"bowl","localizedName":"bowl","image":"bowl.jpg"}]},{"number":2,"step":"Mix in crab meat. Season salad with salt and pepper.","ingredients":[{"id":1102047,"name":"salt and pepper","localizedName":"salt and pepper","image":"salt-and-pepper.jpg"},{"id":10015136,"name":"crabmeat","localizedName":"crabmeat","image":"crabmeat.jpg"}],"equipment":[]},{"number":3,"step":"Brush each avocado with the remaining 1 teaspoon lime juice to prevent avocado from browning.","ingredients":[{"id":9160,"name":"lime juice","localizedName":"lime juice","image":"lime-juice.png"},{"id":9037,"name":"avocado","localizedName":"avocado","image":"avocado.jpg"}],"equipment":[]},{"number":4,"step":"Mound crab salad on each avocado half.","ingredients":[{"id":9037,"name":"avocado","localizedName":"avocado","image":"avocado.jpg"},{"id":15136,"name":"crab","localizedName":"crab","image":"crabmeat.jpg"}],"equipment":[]},{"number":5,"step":"Serve salad with lime wedges.","ingredients":[{"id":1029159,"name":"lime wedge","localizedName":"lime wedge","image":"lime-wedge.jpg"}],"equipment":[]}]}],"originalId":null,"spoonacularSourceUrl":"https://spoonacular.com/crab-salad-in-avocado-boats-640311"},{"vegetarian":false,"vegan":false,"glutenFree":false,"dairyFree":false,"veryHealthy":false,"cheap":false,"veryPopular":false,"sustainable":false,"weightWatcherSmartPoints":3,"gaps":"no","lowFodmap":false,"aggregateLikes":6,"spoonacularScore":19.0,"healthScore":1.0,"creditsText":"Foodista.com – The Cooking Encyclopedia Everyone Can Edit","license":"CC BY 3.0","sourceName":"Foodista","pricePerServing":54.8,"extendedIngredients":[{"id":1145,"aisle":"Milk, Eggs, Other Dairy","image":"butter-sliced.jpg","consistency":"solid","name":"unsalted butter","nameClean":"unsalted butter","original":"10 tablespoons unsalted butter, divided","originalString":"10 tablespoons unsalted butter, divided","originalName":"unsalted butter, divided","amount":10.0,"unit":"tablespoons","meta":["unsalted","divided"],"metaInformation":["unsalted","divided"],"measures":{"us":{"amount":10.0,"unitShort":"Tbsps","unitLong":"Tbsps"},"metric":{"amount":10.0,"unitShort":"Tbsps","unitLong":"Tbsps"}}},{"id":11282,"aisle":"Produce","image":"brown-onion.png","consistency":"solid","name":"onion","nameClean":"onion","original":"1 cup onion, chopped","originalString":"1 cup onion, chopped","originalName":"onion, chopped","amount":1.0,"unit":"cup","meta":["chopped"],"metaInformation":["chopped"],"measures":{"us":{"amount":1.0,"unitShort":"cup","unitLong":"cup"},"metric":{"amount":236.588,"unitShort":"ml","unitLong":"milliliters"}}},{"id":11333,"aisle":"Produce","image":"green-pepper.jpg","consistency":"solid","name":"green bell pepper","nameClean":"green pepper","original":"1 cup green bell pepper, chopped","originalString":"1 cup green bell pepper, chopped","originalName":"green bell pepper, chopped","amount":1.0,"unit":"cup","meta":["green","chopped"],"metaInformation":["green","chopped"],"measures":{"us":{"amount":1.0,"unitShort":"cup","unitLong":"cup"},"metric":{"amount":236.588,"unitShort":"ml","unitLong":"milliliters"}}},{"id":11821,"aisle":"Produce","image":"red-pepper.jpg","consistency":"solid","name":"red bell pepper","nameClean":"red pepper","original":"1 cup red bell pepper, chopped","originalString":"1 cup red bell pepper, chopped","originalName":"red bell pepper, chopped","amount":1.0,"unit":"cup","meta":["red","chopped"],"metaInformation":["red","chopped"],"measures":{"us":{"amount":1.0,"unitShort":"cup","unitLong":"cup"},"metric":{"amount":236.588,"unitShort":"ml","unitLong":"milliliters"}}},{"id":14106,"aisle":"Alcoholic Beverages","image":"white-wine.jpg","consistency":"liquid","name":"dry white wine","nameClean":"dry white wine","original":"1/2 cup dry white wine","originalString":"1/2 cup dry white wine","originalName":"dry white wine","amount":0.5,"unit":"cup","meta":["dry white"],"metaInformation":["dry white"],"measures":{"us":{"amount":0.5,"unitShort":"cups","unitLong":"cups"},"metric":{"amount":118.294,"unitShort":"ml","unitLong":"milliliters"}}},{"id":11215,"aisle":"Produce","image":"garlic.png","consistency":"solid","name":"garlic","nameClean":"garlic","original":"2 cloves garlic, minced","originalString":"2 cloves garlic, minced","originalName":"garlic, minced","amount":2.0,"unit":"cloves","meta":["minced"],"metaInformation":["minced"],"measures":{"us":{"amount":2.0,"unitShort":"cloves","unitLong":"cloves"},"metric":{"amount":2.0,"unitShort":"cloves","unitLong":"cloves"}}},{"id":10015136,"aisle":"Seafood","image":"crabmeat.jpg","consistency":"solid","name":"crab meat","nameClean":"crabmeat","original":"2 ( 8 ounce) containers crab meat","originalString":"2 ( 8 ounce) containers crab meat","originalName":"crab meat","amount":8.0,"unit":"ounce","meta":[],"metaInformation":[],"measures":{"us":{"amount":8.0,"unitShort":"oz","unitLong":"ounces"},"metric":{"amount":226.796,"unitShort":"g","unitLong":"grams"}}},{"id":18621,"aisle":"Savory Snacks","image":"crackers.jpg","consistency":"solid","name":"buttery round crackers","nameClean":"crackers","original":"30 round buttery crackers (like Ritz)","originalString":"30 round buttery crackers (like Ritz)","originalName":"round buttery crackers (like Ritz)","amount":30.0,"unit":"","meta":["(like Ritz)"],"metaInformation":["(like Ritz)"],"measures":{"us":{"amount":30.0,"unitShort":"","unitLong":""},"metric":{"amount":30.0,"unitShort":"","unitLong":""}}},{"id":10018079,"aisle":"Bakery/Bread;Ethnic Foods;Oil, Vinegar, Salad Dressing;Baking","image":"panko.jpg","consistency":"solid","name":"panko bread crumbs","nameClean":"panko","original":"1/2 cup panko bread crumbs","originalString":"1/2 cup panko bread crumbs","originalName":"panko bread crumbs","amount":0.5,"unit":"cup","meta":[],"metaInformation":[],"measures":{"us":{"amount":0.5,"unitShort":"cups","unitLong":"cups"},"metric":{"amount":118.294,"unitShort":"ml","unitLong":"milliliters"}}},{"id":1002030,"aisle":"Spices and Seasonings","image":"pepper.jpg","consistency":"solid","name":"ground pepper","nameClean":"black pepper","original":"1/2 teaspoon ground red pepper","originalString":"1/2 teaspoon ground red pepper","originalName":"ground red pepper","amount":0.5,"unit":"teaspoon","meta":["red"],"metaInformation":["red"],"measures":{"us":{"amount":0.5,"unitShort":"tsps","unitLong":"teaspoons"},"metric":{"amount":0.5,"unitShort":"tsps","unitLong":"teaspoons"}}},{"id":1052034,"aisle":"Spices and Seasonings","image":"seasoning.png","consistency":"solid","name":"old bay seasoning","nameClean":"old bay seasoning","original":"1 teaspoon Old Bay Seasoning","originalString":"1 teaspoon Old Bay Seasoning","originalName":"Old Bay Seasoning","amount":1.0,"unit":"teaspoon","meta":[],"metaInformation":[],"measures":{"us":{"amount":1.0,"unitShort":"tsp","unitLong":"teaspoon"},"metric":{"amount":1.0,"unitShort":"tsp","unitLong":"teaspoon"}}},{"id":2047,"aisle":"Spices and Seasonings","image":"salt.jpg","consistency":"solid","name":"salt","nameClean":"salt","original":"1 teaspoon salt","originalString":"1 teaspoon salt","originalName":"salt","amount":1.0,"unit":"teaspoon","meta":[],"metaInformation":[],"measures":{"us":{"amount":1.0,"unitShort":"tsp","unitLong":"teaspoon"},"metric":{"amount":1.0,"unitShort":"tsp","unitLong":"teaspoon"}}},{"id":1002030,"aisle":"Spices and Seasonings","image":"pepper.jpg","consistency":"solid","name":"ground pepper","nameClean":"black pepper","original":"1 teaspoon ground black pepper","originalString":"1 teaspoon ground black pepper","originalName":"ground black pepper","amount":1.0,"unit":"teaspoon","meta":["black"],"metaInformation":["black"],"measures":{"us":{"amount":1.0,"unitShort":"tsp","unitLong":"teaspoon"},"metric":{"amount":1.0,"unitShort":"tsp","unitLong":"teaspoon"}}},{"id":15270,"aisle":"Seafood","image":"shrimp.png","consistency":"solid","name":"shrimp","nameClean":"shrimp","original":"24 large (jumbo) shrimp, peeled (tails on)","originalString":"24 large (jumbo) shrimp, peeled (tails on)","originalName":"(jumbo) shrimp, peeled (tails on)","amount":24.0,"unit":"large","meta":["peeled","(jumbo)","(tails on)"],"metaInformation":["peeled","(jumbo)","(tails on)"],"measures":{"us":{"amount":24.0,"unitShort":"large","unitLong":"larges"},"metric":{"amount":24.0,"unitShort":"large","unitLong":"larges"}}},{"id":9150,"aisle":"Produce","image":"lemon.png","consistency":"solid","name":"lemon","nameClean":"lemon","original":"OPTIONAL: 1 lemon","originalString":"OPTIONAL: 1 lemon","originalName":"OPTIONAL: lemon","amount":1.0,"unit":"","meta":[],"metaInformation":[],"measures":{"us":{"amount":1.0,"unitShort":"","unitLong":""},"metric":{"amount":1.0,"unitShort":"","unitLong":""}}}],"id":640273,"title":"Crab Cake Stuffed Shrimp","readyInMinutes":45,"servings":24,"sourceUrl":"https://www.foodista.com/recipe/MMGP257M/crab-cake-stuffed-shrimp","image":"https://spoonacular.com/recipeImages/640273-556x370.jpg","imageType":"jpg","summary":"Crab Cake Stuffed Shrimp requires about <b>approximately 45 minutes</b> from start to finish. This recipe makes 24 servings with <b>91 calories</b>, <b>4g of protein</b>, and <b>6g of fat</b> each. For <b>55 cents per serving</b>, this recipe <b>covers 5%</b> of your daily requirements of vitamins and minerals. This recipe from Foodista has 6 fans. It is a good option if you're following a <b>pescatarian</b> diet. It works well as a hor d'oeuvre. A mixture of round buttery crackers, ground pepper, garlic, and a handful of other ingredients are all it takes to make this recipe so flavorful. Taking all factors into account, this recipe <b>earns a spoonacular score of 15%</b>, which is not so excellent. <a href=\"https://spoonacular.com/recipes/crab-stuffed-shrimp-244924\">Crab Stuffed Shrimp</a>, <a href=\"https://spoonacular.com/recipes/crab-stuffed-shrimp-11095\">Crab Stuffed Shrimp</a>, and <a href=\"https://spoonacular.com/recipes/crab-shrimp-stuffed-sole-443126\">Crab & Shrimp Stuffed Sole</a> are very similar to this recipe.","cuisines":[],"dishTypes":["antipasti","starter","snack","appetizer","antipasto","hor d'oeuvre"],"diets":["pescatarian"],"occasions":[],"instructions":"Line a baking sheet with parchment paper.\nHeat 5 tablespoons butter until melted.\nAdd onion and saute until translucent.\nAdd bell pepper, remaining 5 tablespoons butter, wine and garlic.\nCook until tender (about 4 minutes).\nIn a large bowl, add crab meat, onion mixture, cracker crumbs, panko, red pepper, Old Bay, salt and pepper.\nStir to combine.\nCover and refrigerate for at least 1 hour to 24 hours.\nPreheat oven to 350 degrees.\nUsing a sharp knife and staring at the tail end, butterfly each shrimp.\nPlace each butterflied shrimp on prepared pan, pressing to flatten.\nForm about 3 tablespoons crab mixture into an ball.\nPlace on top of shrimp, pressing the shrimp tail over the crab.\nRepeat with remaining shrimp and crab mixture.\nBake 10 to 15 minutes.\nOPTIONAL:  Squeeze fresh lemon juice over cooked appetizer.\nServe immediately.","analyzedInstructions":[{"name":"","steps":[{"number":1,"step":"Line a baking sheet with parchment paper.","ingredients":[],"equipment":[{"id":404770,"name":"baking paper","localizedName":"baking paper","image":"baking-paper.jpg"},{"id":404727,"name":"baking sheet","localizedName":"baking sheet","image":"baking-sheet.jpg"}]},{"number":2,"step":"Heat 5 tablespoons butter until melted.","ingredients":[{"id":1001,"name":"butter","localizedName":"butter","image":"butter-sliced.jpg"}],"equipment":[]},{"number":3,"step":"Add onion and saute until translucent.","ingredients":[{"id":11282,"name":"onion","localizedName":"onion","image":"brown-onion.png"}],"equipment":[]},{"number":4,"step":"Add bell pepper, remaining 5 tablespoons butter, wine and garlic.","ingredients":[{"id":10211821,"name":"bell pepper","localizedName":"bell pepper","image":"bell-pepper-orange.png"},{"id":1001,"name":"butter","localizedName":"butter","image":"butter-sliced.jpg"},{"id":11215,"name":"garlic","localizedName":"garlic","image":"garlic.png"},{"id":14084,"name":"wine","localizedName":"wine","image":"red-wine.jpg"}],"equipment":[]},{"number":5,"step":"Cook until tender (about 4 minutes).","ingredients":[],"equipment":[],"length":{"number":4,"unit":"minutes"}},{"number":6,"step":"In a large bowl, add crab meat, onion mixture, cracker crumbs, panko, red pepper, Old Bay, salt and pepper.","ingredients":[{"id":1102047,"name":"salt and pepper","localizedName":"salt and pepper","image":"salt-and-pepper.jpg"},{"id":10018621,"name":"cracker crumbs","localizedName":"cracker crumbs","image":"crackers.jpg"},{"id":11821,"name":"red pepper","localizedName":"red pepper","image":"red-pepper.jpg"},{"id":10015136,"name":"crabmeat","localizedName":"crabmeat","image":"crabmeat.jpg"},{"id":11282,"name":"onion","localizedName":"onion","image":"brown-onion.png"},{"id":10018079,"name":"panko","localizedName":"panko","image":"panko.jpg"}],"equipment":[{"id":404783,"name":"bowl","localizedName":"bowl","image":"bowl.jpg"}]},{"number":7,"step":"Stir to combine.","ingredients":[],"equipment":[]},{"number":8,"step":"Cover and refrigerate for at least 1 hour to 24 hours.","ingredients":[],"equipment":[],"length":{"number":1500,"unit":"minutes"}},{"number":9,"step":"Preheat oven to 350 degrees.","ingredients":[],"equipment":[{"id":404784,"name":"oven","localizedName":"oven","image":"oven.jpg"}]},{"number":10,"step":"Using a sharp knife and staring at the tail end, butterfly each shrimp.","ingredients":[{"id":15270,"name":"shrimp","localizedName":"shrimp","image":"shrimp.png"}],"equipment":[{"id":404745,"name":"knife","localizedName":"knife","image":"chefs-knife.jpg"}]},{"number":11,"step":"Place each butterflied shrimp on prepared pan, pressing to flatten.","ingredients":[{"id":15270,"name":"shrimp","localizedName":"shrimp","image":"shrimp.png"}],"equipment":[{"id":404645,"name":"frying pan","localizedName":"frying pan","image":"pan.png"}]},{"number":12,"step":"Form about 3 tablespoons crab mixture into an ball.","ingredients":[{"id":15136,"name":"crab","localizedName":"crab","image":"crabmeat.jpg"}],"equipment":[]},{"number":13,"step":"Place on top of shrimp, pressing the shrimp tail over the crab.","ingredients":[{"id":15270,"name":"shrimp","localizedName":"shrimp","image":"shrimp.png"},{"id":15136,"name":"crab","localizedName":"crab","image":"crabmeat.jpg"}],"equipment":[]},{"number":14,"step":"Repeat with remaining shrimp and crab mixture.","ingredients":[{"id":15270,"name":"shrimp","localizedName":"shrimp","image":"shrimp.png"},{"id":15136,"name":"crab","localizedName":"crab","image":"crabmeat.jpg"}],"equipment":[]},{"number":15,"step":"Bake 10 to 15 minutes.","ingredients":[],"equipment":[{"id":404784,"name":"oven","localizedName":"oven","image":"oven.jpg"}],"length":{"number":10,"unit":"minutes"}},{"number":16,"step":"OPTIONAL:  Squeeze fresh lemon juice over cooked appetizer.","ingredients":[{"id":9152,"name":"lemon juice","localizedName":"lemon juice","image":"lemon-juice.jpg"}],"equipment":[]},{"number":17,"step":"Serve immediately.","ingredients":[],"equipment":[]}]}],"originalId":null,"spoonacularSourceUrl":"https://spoonacular.com/crab-cake-stuffed-shrimp-640273"},{"vegetarian":false,"vegan":false,"glutenFree":false,"dairyFree":false,"veryHealthy":false,"cheap":false,"veryPopular":false,"sustainable":false,"weightWatcherSmartPoints":11,"gaps":"no","lowFodmap":false,"aggregateLikes":23,"spoonacularScore":55.0,"healthScore":10.0,"creditsText":"Foodista.com – The Cooking Encyclopedia Everyone Can Edit","license":"CC BY 3.0","sourceName":"Foodista","pricePerServing":306.34,"extendedIngredients":[{"id":11282,"aisle":"Produce","image":"brown-onion.png","consistency":"solid","name":"onion","nameClean":"onion","original":"1/2 cup finely chopped onion","originalString":"1/2 cup finely chopped onion","originalName":"finely chopped onion","amount":0.5,"unit":"cup","meta":["finely chopped"],"metaInformation":["finely chopped"],"measures":{"us":{"amount":0.5,"unitShort":"cups","unitLong":"cups"},"metric":{"amount":118.294,"unitShort":"ml","unitLong":"milliliters"}}},{"id":11143,"aisle":"Produce","image":"celery.jpg","consistency":"solid","name":"celery","nameClean":"celery","original":"1/2 cup finely chopped celery","originalString":"1/2 cup finely chopped celery","originalName":"finely chopped celery","amount":0.5,"unit":"cup","meta":["finely chopped"],"metaInformation":["finely chopped"],"measures":{"us":{"amount":0.5,"unitShort":"cups","unitLong":"cups"},"metric":{"amount":118.294,"unitShort":"ml","unitLong":"milliliters"}}},{"id":1145,"aisle":"Milk, Eggs, Other Dairy","image":"butter-sliced.jpg","consistency":"solid","name":"unsalted butter","nameClean":"unsalted butter","original":"6 tablespoons unsalted butter","originalString":"6 tablespoons unsalted butter","originalName":"unsalted butter","amount":6.0,"unit":"tablespoons","meta":["unsalted"],"metaInformation":["unsalted"],"measures":{"us":{"amount":6.0,"unitShort":"Tbsps","unitLong":"Tbsps"},"metric":{"amount":6.0,"unitShort":"Tbsps","unitLong":"Tbsps"}}},{"id":10115136,"aisle":"Seafood","image":"lump-crabmeat.png","consistency":"solid","name":"lump crab meat","nameClean":"lump crabmeat","original":"1 pound lump crab meat","originalString":"1 pound lump crab meat","originalName":"lump crab meat","amount":1.0,"unit":"pound","meta":[],"metaInformation":[],"measures":{"us":{"amount":1.0,"unitShort":"lb","unitLong":"pound"},"metric":{"amount":453.592,"unitShort":"g","unitLong":"grams"}}},{"id":18079,"aisle":"Pasta and Rice","image":"breadcrumbs.jpg","consistency":"solid","name":"dry bread crumbs","nameClean":"breadcrumbs","original":"1/3 cup fine dry bread crumbs","originalString":"1/3 cup fine dry bread crumbs","originalName":"fine dry bread crumbs","amount":0.3333333333333333,"unit":"cup","meta":["dry","fine"],"metaInformation":["dry","fine"],"measures":{"us":{"amount":0.333,"unitShort":"cups","unitLong":"cups"},"metric":{"amount":78.863,"unitShort":"ml","unitLong":"milliliters"}}},{"id":4025,"aisle":"Condiments","image":"mayonnaise.png","consistency":"liquid","name":"mayonnaise","nameClean":"mayonnaise","original":"1/2 cup mayonnaise","originalString":"1/2 cup mayonnaise","originalName":"mayonnaise","amount":0.5,"unit":"cup","meta":[],"metaInformation":[],"measures":{"us":{"amount":0.5,"unitShort":"cups","unitLong":"cups"},"metric":{"amount":118.294,"unitShort":"ml","unitLong":"milliliters"}}},{"id":1032034,"aisle":"Spices and Seasonings","image":"seasoning.jpg","consistency":"solid","name":"seafood seasoning","nameClean":"seafood seasoning","original":"1/2 teaspoon seafood seasoning","originalString":"1/2 teaspoon seafood seasoning","originalName":"seafood seasoning","amount":0.5,"unit":"teaspoon","meta":[],"metaInformation":[],"measures":{"us":{"amount":0.5,"unitShort":"tsps","unitLong":"teaspoons"},"metric":{"amount":0.5,"unitShort":"tsps","unitLong":"teaspoons"}}},{"id":6971,"aisle":"Condiments","image":"dark-sauce.jpg","consistency":"liquid","name":"worcestershire sauce","nameClean":"worcestershire sauce","original":"1/2 teaspoon Worcestershire sauce","originalString":"1/2 teaspoon Worcestershire sauce","originalName":"Worcestershire sauce","amount":0.5,"unit":"teaspoon","meta":[],"metaInformation":[],"measures":{"us":{"amount":0.5,"unitShort":"tsps","unitLong":"teaspoons"},"metric":{"amount":0.5,"unitShort":"tsps","unitLong":"teaspoons"}}},{"id":6168,"aisle":"Condiments","image":"hot-sauce-or-tabasco.png","consistency":"liquid","name":"hot sauce","nameClean":"hot sauce","original":"3 drops hot sauce","originalString":"3 drops hot sauce","originalName":"hot sauce","amount":3.0,"unit":"drops","meta":[],"metaInformation":[],"measures":{"us":{"amount":3.0,"unitShort":"drops","unitLong":"drops"},"metric":{"amount":3.0,"unitShort":"drops","unitLong":"drops"}}},{"id":11297,"aisle":"Produce;Spices and Seasonings","image":"parsley.jpg","consistency":"solid","name":"parsley","nameClean":"parsley","original":"2 tablespoons minced parsley","originalString":"2 tablespoons minced parsley","originalName":"minced parsley","amount":2.0,"unit":"tablespoons","meta":["minced"],"metaInformation":["minced"],"measures":{"us":{"amount":2.0,"unitShort":"Tbsps","unitLong":"Tbsps"},"metric":{"amount":2.0,"unitShort":"Tbsps","unitLong":"Tbsps"}}}],"id":639620,"title":"Classic New England Crab Cakes","readyInMinutes":45,"servings":6,"sourceUrl":"https://www.foodista.com/recipe/BC488L24/classic-new-england-crab-cakes","image":"https://spoonacular.com/recipeImages/639620-556x370.jpg","imageType":"jpg","summary":"Classic New England Crab Cakes could be just the <b>pescatarian and ketogenic</b> recipe you've been looking for. This recipe serves 6 and costs $3.06 per serving. One serving contains <b>323 calories</b>, <b>15g of protein</b>, and <b>26g of fat</b>. This recipe from Foodista has 23 fans. Head to the store and pick up lump crab meat, parsley, bread crumbs, and a few other things to make it today. It works best as a hor d'oeuvre, and is done in around <b>around 45 minutes</b>. Taking all factors into account, this recipe <b>earns a spoonacular score of 53%</b>, which is good. Similar recipes are <a href=\"https://spoonacular.com/recipes/classic-crab-cakes-402459\">Classic Crab Cakes</a>, <a href=\"https://spoonacular.com/recipes/classic-crab-cakes-299228\">Classic Crab Cakes</a>, and <a href=\"https://spoonacular.com/recipes/classic-maryland-crab-cakes-667129\">Classic Maryland Crab Cakes</a>.","cuisines":[],"dishTypes":["antipasti","lunch","main course","starter","snack","appetizer","main dish","antipasto","hor d'oeuvre","dinner"],"diets":["pescatarian"],"occasions":[],"instructions":"Cook onion and celery in 4 tablespoons butter over moderately low heat, until tender and transfer to a bowl. Stir in crab and bread crumbs.\nIn a small bowl whisk together mayonnaise, seafood seasoning, Worcestershire sauce, hot sauce, parsley, and salt and pepper to taste and stir into crab mixture until combined well.\nLine a baking sheet with wax paper. Form crab mixture into 6 flattened rounds. Chill crab cakes, covered with plastic wrap, at least 1 hour.\nHeat 1 tablespoon butter over moderate heat until foam subsides and cook half of crab cakes until golden brown, about 2 to 3 minutes on each side. Cook remaining cakes in remaining tablespoon butter in same manner.","analyzedInstructions":[{"name":"","steps":[{"number":1,"step":"Cook onion and celery in 4 tablespoons butter over moderately low heat, until tender and transfer to a bowl. Stir in crab and bread crumbs.","ingredients":[{"id":18079,"name":"breadcrumbs","localizedName":"breadcrumbs","image":"breadcrumbs.jpg"},{"id":1001,"name":"butter","localizedName":"butter","image":"butter-sliced.jpg"},{"id":11143,"name":"celery","localizedName":"celery","image":"celery.jpg"},{"id":11282,"name":"onion","localizedName":"onion","image":"brown-onion.png"},{"id":15136,"name":"crab","localizedName":"crab","image":"crabmeat.jpg"}],"equipment":[{"id":404783,"name":"bowl","localizedName":"bowl","image":"bowl.jpg"}]},{"number":2,"step":"In a small bowl whisk together mayonnaise, seafood seasoning, Worcestershire sauce, hot sauce, parsley, and salt and pepper to taste and stir into crab mixture until combined well.","ingredients":[{"id":6971,"name":"worcestershire sauce","localizedName":"worcestershire sauce","image":"dark-sauce.jpg"},{"id":1032034,"name":"seafood seasoning","localizedName":"seafood seasoning","image":"seasoning.jpg"},{"id":1102047,"name":"salt and pepper","localizedName":"salt and pepper","image":"salt-and-pepper.jpg"},{"id":4025,"name":"mayonnaise","localizedName":"mayonnaise","image":"mayonnaise.png"},{"id":6168,"name":"hot sauce","localizedName":"hot sauce","image":"hot-sauce-or-tabasco.png"},{"id":11297,"name":"parsley","localizedName":"parsley","image":"parsley.jpg"},{"id":15136,"name":"crab","localizedName":"crab","image":"crabmeat.jpg"}],"equipment":[{"id":404661,"name":"whisk","localizedName":"whisk","image":"whisk.png"},{"id":404783,"name":"bowl","localizedName":"bowl","image":"bowl.jpg"}]},{"number":3,"step":"Line a baking sheet with wax paper. Form crab mixture into 6 flattened rounds. Chill crab cakes, covered with plastic wrap, at least 1 hour.","ingredients":[{"id":15136,"name":"crab","localizedName":"crab","image":"crabmeat.jpg"},{"id":10018364,"name":"wrap","localizedName":"wrap","image":"flour-tortilla.jpg"}],"equipment":[{"id":404727,"name":"baking sheet","localizedName":"baking sheet","image":"baking-sheet.jpg"},{"id":404730,"name":"plastic wrap","localizedName":"plastic wrap","image":"plastic-wrap.jpg"},{"id":404739,"name":"wax paper","localizedName":"wax paper","image":"wax-paper.jpg"}],"length":{"number":60,"unit":"minutes"}},{"number":4,"step":"Heat 1 tablespoon butter over moderate heat until foam subsides and cook half of crab cakes until golden brown, about 2 to 3 minutes on each side. Cook remaining cakes in remaining tablespoon butter in same manner.","ingredients":[{"id":1001,"name":"butter","localizedName":"butter","image":"butter-sliced.jpg"},{"id":15136,"name":"crab","localizedName":"crab","image":"crabmeat.jpg"}],"equipment":[],"length":{"number":2,"unit":"minutes"}}]}],"originalId":null,"spoonacularSourceUrl":"https://spoonacular.com/classic-new-england-crab-cakes-639620"},{"vegetarian":false,"vegan":false,"glutenFree":false,"dairyFree":false,"veryHealthy":false,"cheap":false,"veryPopular":false,"sustainable":false,"weightWatcherSmartPoints":2,"gaps":"no","lowFodmap":false,"aggregateLikes":13,"spoonacularScore":27.0,"healthScore":2.0,"creditsText":"Foodista.com – The Cooking Encyclopedia Everyone Can Edit","license":"CC BY 3.0","sourceName":"Foodista","pricePerServing":36.0,"extendedIngredients":[{"id":10015136,"aisle":"Seafood","image":"crabmeat.jpg","consistency":"solid","name":"crabmeat","nameClean":"crabmeat","original":"1 can 6 oz. white crabmeat, drained and chopped","originalString":"1 can 6 oz. white crabmeat, drained and chopped","originalName":"6 oz. white crabmeat, drained and chopped","amount":1.0,"unit":"can","meta":["white","drained","chopped"],"metaInformation":["white","drained","chopped"],"measures":{"us":{"amount":1.0,"unitShort":"can","unitLong":"can"},"metric":{"amount":1.0,"unitShort":"can","unitLong":"can"}}},{"id":1017,"aisle":"Cheese","image":"cream-cheese.jpg","consistency":"solid","name":"cream cheese","nameClean":"cream cheese","original":"4 oz. fat free cream cheese, softened","originalString":"4 oz. fat free cream cheese, softened","originalName":"fat free cream cheese, softened","amount":4.0,"unit":"oz","meta":["fat free","softened"],"metaInformation":["fat free","softened"],"measures":{"us":{"amount":4.0,"unitShort":"oz","unitLong":"ounces"},"metric":{"amount":113.398,"unitShort":"g","unitLong":"grams"}}},{"id":4641,"aisle":"Condiments","image":"mayonnaise.png","consistency":"liquid","name":"reduced fat mayonnaise","nameClean":"light mayonnaise","original":"2 tablespoons reduced fat mayonnaise","originalString":"2 tablespoons reduced fat mayonnaise","originalName":"reduced fat mayonnaise","amount":2.0,"unit":"tablespoons","meta":[],"metaInformation":[],"measures":{"us":{"amount":2.0,"unitShort":"Tbsps","unitLong":"Tbsps"},"metric":{"amount":2.0,"unitShort":"Tbsps","unitLong":"Tbsps"}}},{"id":16124,"aisle":"Ethnic Foods;Condiments","image":"soy-sauce.jpg","consistency":"liquid","name":"soy sauce","nameClean":"soy sauce","original":"1/4 tsp. soy sauce","originalString":"1/4 tsp. soy sauce","originalName":"soy sauce","amount":0.25,"unit":"tsp","meta":[],"metaInformation":[],"measures":{"us":{"amount":0.25,"unitShort":"tsps","unitLong":"teaspoons"},"metric":{"amount":0.25,"unitShort":"tsps","unitLong":"teaspoons"}}},{"id":11215,"aisle":"Produce","image":"garlic.png","consistency":"solid","name":"garlic","nameClean":"garlic","original":"1/4 tsp. garlic, minced","originalString":"1/4 tsp. garlic, minced","originalName":"garlic, minced","amount":0.25,"unit":"tsp","meta":["minced"],"metaInformation":["minced"],"measures":{"us":{"amount":0.25,"unitShort":"tsps","unitLong":"teaspoons"},"metric":{"amount":0.25,"unitShort":"tsps","unitLong":"teaspoons"}}},{"id":2026,"aisle":"Spices and Seasonings","image":"onion-powder.jpg","consistency":"solid","name":"onion powder","nameClean":"onion powder","original":"1/4 tsp. onion powder","originalString":"1/4 tsp. onion powder","originalName":"onion powder","amount":0.25,"unit":"tsp","meta":[],"metaInformation":[],"measures":{"us":{"amount":0.25,"unitShort":"tsps","unitLong":"teaspoons"},"metric":{"amount":0.25,"unitShort":"tsps","unitLong":"teaspoons"}}},{"id":1002030,"aisle":"Spices and Seasonings","image":"pepper.jpg","consistency":"solid","name":"ground pepper","nameClean":"black pepper","original":"fresh ground pepper to taste","originalString":"fresh ground pepper to taste","originalName":"fresh ground pepper to taste","amount":1.0,"unit":"serving","meta":["fresh","to taste"],"metaInformation":["fresh","to taste"],"measures":{"us":{"amount":1.0,"unitShort":"serving","unitLong":"serving"},"metric":{"amount":1.0,"unitShort":"serving","unitLong":"serving"}}},{"id":10018368,"aisle":"Ethnic Foods","image":"puff-pastry-squares.jpg","consistency":"solid","name":"won ton wrappers","nameClean":"wonton wrappers","original":"12 won ton wrappers","originalString":"12 won ton wrappers","originalName":"won ton wrappers","amount":12.0,"unit":"","meta":[],"metaInformation":[],"measures":{"us":{"amount":12.0,"unitShort":"","unitLong":""},"metric":{"amount":12.0,"unitShort":"","unitLong":""}}}],"id":640323,"title":"Crab Wontons","readyInMinutes":45,"servings":12,"sourceUrl":"https://www.foodista.com/recipe/ZM4M52TG/crab-wontons","image":"https://spoonacular.com/recipeImages/640323-556x370.jpg","imageType":"jpg","summary":"Crab Wontons might be a good recipe to expand your hor d'oeuvre recipe box. This pescatarian recipe serves 12 and costs <b>36 cents per serving</b>. One serving contains <b>69 calories</b>, <b>3g of protein</b>, and <b>4g of fat</b>. A mixture of crabmeat, won ton wrappers, garlic, and a handful of other ingredients are all it takes to make this recipe so tasty. 13 people have made this recipe and would make it again. From preparation to the plate, this recipe takes roughly <b>roughly 45 minutes</b>. A couple people really liked this Chinese dish. It is brought to you by Foodista. With a spoonacular <b>score of 24%</b>, this dish is rather bad. Try <a href=\"https://spoonacular.com/recipes/crab-rangoon-crab-cream-cheese-filled-wontons-682128\">Crab Rangoon (Crab & Cream Cheese filled Wontons)</a>, <a href=\"https://spoonacular.com/recipes/crab-wontons-419538\">Crab Wontons</a>, and <a href=\"https://spoonacular.com/recipes/crab-wontons-567557\">Crab Wontons</a> for similar recipes.","cuisines":["Chinese","Asian"],"dishTypes":["antipasti","starter","snack","appetizer","antipasto","hor d'oeuvre"],"diets":["pescatarian"],"occasions":[],"instructions":"Preheat oven to 350F. Spray a mini muffin tin with nonstick cooking spray.\nIn a medium bowl, combine crab meat, cream cheese, mayonaise, soy sauce, garlic, onion powder,and pepper.  Mix until well combined.\nPlace 1 won ton wrapper in each 12 mini muffin cups. The edges of the won ton wrappers will extend beyond the mini muffin tin cups and may need to be folded slightly. Fill the center of each won ton cup with crab mixture.\nBake 15 to 20 minutes or until edges of cups are golden brown and filling is heated through.","analyzedInstructions":[{"name":"","steps":[{"number":1,"step":"Preheat oven to 350F. Spray a mini muffin tin with nonstick cooking spray.","ingredients":[{"id":4679,"name":"cooking spray","localizedName":"cooking spray","image":"cooking-spray.png"}],"equipment":[{"id":405905,"name":"mini muffin tray","localizedName":"mini muffin tray","image":"mini-muffin-tray.jpg"},{"id":404784,"name":"oven","localizedName":"oven","image":"oven.jpg","temperature":{"number":350.0,"unit":"Fahrenheit"}}]},{"number":2,"step":"In a medium bowl, combine crab meat, cream cheese, mayonaise, soy sauce, garlic, onion powder,and pepper.","ingredients":[{"id":1017,"name":"cream cheese","localizedName":"cream cheese","image":"cream-cheese.jpg"},{"id":2026,"name":"onion powder","localizedName":"onion powder","image":"onion-powder.jpg"},{"id":10015136,"name":"crabmeat","localizedName":"crabmeat","image":"crabmeat.jpg"},{"id":4025,"name":"mayonnaise","localizedName":"mayonnaise","image":"mayonnaise.png"},{"id":16124,"name":"soy sauce","localizedName":"soy sauce","image":"soy-sauce.jpg"},{"id":11215,"name":"garlic","localizedName":"garlic","image":"garlic.png"},{"id":1002030,"name":"pepper","localizedName":"pepper","image":"pepper.jpg"}],"equipment":[{"id":404783,"name":"bowl","localizedName":"bowl","image":"bowl.jpg"}]},{"number":3,"step":"Mix until well combined.","ingredients":[],"equipment":[]},{"number":4,"step":"Place 1 won ton wrapper in each 12 mini muffin cups. The edges of the won ton wrappers will extend beyond the mini muffin tin cups and may need to be folded slightly. Fill the center of each won ton cup with crab mixture.","ingredients":[{"id":10018368,"name":"wonton wrappers","localizedName":"wonton wrappers","image":"wonton-wrappers.jpg"},{"id":15136,"name":"crab","localizedName":"crab","image":"crabmeat.jpg"}],"equipment":[{"id":405905,"name":"mini muffin tray","localizedName":"mini muffin tray","image":"mini-muffin-tray.jpg"},{"id":404676,"name":"muffin liners","localizedName":"muffin liners","image":"muffin-or-cupcake-forms.png"}]},{"number":5,"step":"Bake 15 to 20 minutes or until edges of cups are golden brown and filling is heated through.","ingredients":[],"equipment":[{"id":404784,"name":"oven","localizedName":"oven","image":"oven.jpg"}],"length":{"number":15,"unit":"minutes"}}]}],"originalId":null,"spoonacularSourceUrl":"https://spoonacular.com/crab-wontons-640323"},{"vegetarian":false,"vegan":false,"glutenFree":false,"dairyFree":false,"veryHealthy":false,"cheap":false,"veryPopular":false,"sustainable":false,"weightWatcherSmartPoints":10,"gaps":"no","lowFodmap":false,"aggregateLikes":50,"spoonacularScore":62.0,"healthScore":12.0,"creditsText":"Foodista.com – The Cooking Encyclopedia Everyone Can Edit","license":"CC BY 3.0","sourceName":"Foodista","pricePerServing":178.52,"extendedIngredients":[{"id":15270,"aisle":"Seafood","image":"shrimp.png","consistency":"solid","name":"shrimp","nameClean":"shrimp","original":"1 1/2 cups large shrimp, cleaned, peeled and chopped","originalString":"1 1/2 cups large shrimp, cleaned, peeled and chopped","originalName":"shrimp, cleaned, peeled and chopped","amount":1.5,"unit":"cups","meta":["cleaned","peeled","chopped"],"metaInformation":["cleaned","peeled","chopped"],"measures":{"us":{"amount":1.5,"unitShort":"cups","unitLong":"cups"},"metric":{"amount":354.882,"unitShort":"ml","unitLong":"milliliters"}}},{"id":10015136,"aisle":"Seafood","image":"crabmeat.jpg","consistency":"solid","name":"crab meat","nameClean":"crabmeat","original":"1 1/2 cups fresh crab meat","originalString":"1 1/2 cups fresh crab meat","originalName":"fresh crab meat","amount":1.5,"unit":"cups","meta":["fresh"],"metaInformation":["fresh"],"measures":{"us":{"amount":1.5,"unitShort":"cups","unitLong":"cups"},"metric":{"amount":354.882,"unitShort":"ml","unitLong":"milliliters"}}},{"id":9152,"aisle":"Produce","image":"lemon-juice.jpg","consistency":"liquid","name":"juice of lemon","nameClean":"lemon juice","original":"1 Zest and juice of lemon","originalString":"1 Zest and juice of lemon","originalName":"Zest and juice of lemon","amount":1.0,"unit":"","meta":[],"metaInformation":[],"measures":{"us":{"amount":1.0,"unitShort":"","unitLong":""},"metric":{"amount":1.0,"unitShort":"","unitLong":""}}},{"id":6168,"aisle":"Condiments","image":"hot-sauce-or-tabasco.png","consistency":"liquid","name":"tabasco sauce","nameClean":"hot sauce","original":"1 teaspoon Tabasco sauce","originalString":"1 teaspoon Tabasco sauce","originalName":"Tabasco sauce","amount":1.0,"unit":"teaspoon","meta":[],"metaInformation":[],"measures":{"us":{"amount":1.0,"unitShort":"tsp","unitLong":"teaspoon"},"metric":{"amount":1.0,"unitShort":"tsp","unitLong":"teaspoon"}}},{"id":1002046,"aisle":"Condiments","image":"dijon-mustard.jpg","consistency":"liquid","name":"dijon mustard","nameClean":"creole mustard","original":"1 tablespoon Dijon mustard","originalString":"1 tablespoon Dijon mustard","originalName":"Dijon mustard","amount":1.0,"unit":"tablespoon","meta":[],"metaInformation":[],"measures":{"us":{"amount":1.0,"unitShort":"Tbsp","unitLong":"Tbsp"},"metric":{"amount":1.0,"unitShort":"Tbsp","unitLong":"Tbsp"}}},{"id":4025,"aisle":"Condiments","image":"mayonnaise.png","consistency":"liquid","name":"mayonnaise","nameClean":"mayonnaise","original":"2 tablespoons mayonnaise","originalString":"2 tablespoons mayonnaise","originalName":"mayonnaise","amount":2.0,"unit":"tablespoons","meta":[],"metaInformation":[],"measures":{"us":{"amount":2.0,"unitShort":"Tbsps","unitLong":"Tbsps"},"metric":{"amount":2.0,"unitShort":"Tbsps","unitLong":"Tbsps"}}},{"id":11979,"aisle":"Canned and Jarred;Produce;Ethnic Foods","image":"jalapeno-pepper.png","consistency":"solid","name":"jalapeno","nameClean":"jalapeno pepper","original":"1 jalapeno, deseeded and minced","originalString":"1 jalapeno, deseeded and minced","originalName":"jalapeno, deseeded and minced","amount":1.0,"unit":"","meta":["minced","deseeded"],"metaInformation":["minced","deseeded"],"measures":{"us":{"amount":1.0,"unitShort":"","unitLong":""},"metric":{"amount":1.0,"unitShort":"","unitLong":""}}},{"id":11282,"aisle":"Produce","image":"brown-onion.png","consistency":"solid","name":"onion","nameClean":"onion","original":"1 medium onion, chopped","originalString":"1 medium onion, chopped","originalName":"onion, chopped","amount":1.0,"unit":"medium","meta":["chopped"],"metaInformation":["chopped"],"measures":{"us":{"amount":1.0,"unitShort":"medium","unitLong":"medium"},"metric":{"amount":1.0,"unitShort":"medium","unitLong":"medium"}}},{"id":11297,"aisle":"Produce;Spices and Seasonings","image":"parsley.jpg","consistency":"solid","name":"fresh parsley","nameClean":"parsley","original":"4 tablespoons fresh parsley, chopped","originalString":"4 tablespoons fresh parsley, chopped","originalName":"fresh parsley, chopped","amount":4.0,"unit":"tablespoons","meta":["fresh","chopped"],"metaInformation":["fresh","chopped"],"measures":{"us":{"amount":4.0,"unitShort":"Tbsps","unitLong":"Tbsps"},"metric":{"amount":4.0,"unitShort":"Tbsps","unitLong":"Tbsps"}}},{"id":2032,"aisle":"Spices and Seasonings","image":"white-pepper.png","consistency":"solid","name":"white pepper","nameClean":"white pepper","original":"1/2 teaspoon white pepper","originalString":"1/2 teaspoon white pepper","originalName":"white pepper","amount":0.5,"unit":"teaspoon","meta":["white"],"metaInformation":["white"],"measures":{"us":{"amount":0.5,"unitShort":"tsps","unitLong":"teaspoons"},"metric":{"amount":0.5,"unitShort":"tsps","unitLong":"teaspoons"}}},{"id":1082047,"aisle":"Spices and Seasonings","image":"salt.jpg","consistency":"solid","name":"kosher salt","nameClean":"kosher salt","original":"1 1/2 teaspoons kosher salt","originalString":"1 1/2 teaspoons kosher salt","originalName":"kosher salt","amount":1.5,"unit":"teaspoons","meta":[],"metaInformation":[],"measures":{"us":{"amount":1.5,"unitShort":"tsps","unitLong":"teaspoons"},"metric":{"amount":1.5,"unitShort":"tsps","unitLong":"teaspoons"}}},{"id":10018079,"aisle":"Bakery/Bread;Ethnic Foods;Oil, Vinegar, Salad Dressing;Baking","image":"panko.jpg","consistency":"solid","name":"panko bread crumbs","nameClean":"panko","original":"cup panko crumbs","originalString":"cup panko crumbs","originalName":"panko crumbs","amount":1.0,"unit":"cup","meta":[],"metaInformation":[],"measures":{"us":{"amount":1.0,"unitShort":"cup","unitLong":"cup"},"metric":{"amount":236.588,"unitShort":"ml","unitLong":"milliliters"}}},{"id":1123,"aisle":"Milk, Eggs, Other Dairy","image":"egg.png","consistency":"solid","name":"egg","nameClean":"egg","original":"1 egg, lightly whisked","originalString":"1 egg, lightly whisked","originalName":"egg, lightly whisked","amount":1.0,"unit":"","meta":[],"metaInformation":[],"measures":{"us":{"amount":1.0,"unitShort":"","unitLong":""},"metric":{"amount":1.0,"unitShort":"","unitLong":""}}},{"id":18079,"aisle":"Pasta and Rice","image":"breadcrumbs.jpg","consistency":"solid","name":"bread crumbs","nameClean":"breadcrumbs","original":"1 1/2 cups bread crumbs","originalString":"1 1/2 cups bread crumbs","originalName":"bread crumbs","amount":1.5,"unit":"cups","meta":[],"metaInformation":[],"measures":{"us":{"amount":1.5,"unitShort":"cups","unitLong":"cups"},"metric":{"amount":354.882,"unitShort":"ml","unitLong":"milliliters"}}},{"id":1032034,"aisle":"Spices and Seasonings","image":"seasoning.jpg","consistency":"solid","name":"seafood seasoning","nameClean":"seafood seasoning","original":"1/4 cup seafood seasoning (A good friend from New Orleans gifted us with River Road seasonings!)","originalString":"1/4 cup seafood seasoning (A good friend from New Orleans gifted us with River Road seasonings!)","originalName":"seafood seasoning (A good friend from New Orleans gifted us with River Road seasonings!)","amount":0.25,"unit":"cup","meta":["with river road seasonings!)","good"],"metaInformation":["with river road seasonings!)","good"],"measures":{"us":{"amount":0.25,"unitShort":"cups","unitLong":"cups"},"metric":{"amount":59.147,"unitShort":"ml","unitLong":"milliliters"}}},{"id":1145,"aisle":"Milk, Eggs, Other Dairy","image":"butter-sliced.jpg","consistency":"solid","name":"unsalted butter","nameClean":"unsalted butter","original":"2 tablespoons unsalted butter, optional","originalString":"2 tablespoons unsalted butter, optional","originalName":"unsalted butter, optional","amount":2.0,"unit":"tablespoons","meta":["unsalted"],"metaInformation":["unsalted"],"measures":{"us":{"amount":2.0,"unitShort":"Tbsps","unitLong":"Tbsps"},"metric":{"amount":2.0,"unitShort":"Tbsps","unitLong":"Tbsps"}}},{"id":8160,"aisle":"Cereal;Baking","image":"cornmeal.png","consistency":"solid","name":"grits","nameClean":"grits","original":"1 cup grits","originalString":"1 cup grits","originalName":"grits","amount":1.0,"unit":"cup","meta":[],"metaInformation":[],"measures":{"us":{"amount":1.0,"unitShort":"cup","unitLong":"cup"},"metric":{"amount":236.588,"unitShort":"ml","unitLong":"milliliters"}}},{"id":14412,"aisle":"Beverages","image":"water.png","consistency":"liquid","name":"water","nameClean":"water","original":"3 cups water","originalString":"3 cups water","originalName":"water","amount":3.0,"unit":"cups","meta":[],"metaInformation":[],"measures":{"us":{"amount":3.0,"unitShort":"cups","unitLong":"cups"},"metric":{"amount":709.764,"unitShort":"ml","unitLong":"milliliters"}}},{"id":1077,"aisle":"Milk, Eggs, Other Dairy","image":"milk.png","consistency":"liquid","name":"milk","nameClean":"milk","original":"1 cup milk","originalString":"1 cup milk","originalName":"milk","amount":1.0,"unit":"cup","meta":[],"metaInformation":[],"measures":{"us":{"amount":1.0,"unitShort":"cup","unitLong":"cup"},"metric":{"amount":236.588,"unitShort":"ml","unitLong":"milliliters"}}},{"id":1082047,"aisle":"Spices and Seasonings","image":"salt.jpg","consistency":"solid","name":"kosher salt","nameClean":"kosher salt","original":"2 teaspoons kosher salt","originalString":"2 teaspoons kosher salt","originalName":"kosher salt","amount":2.0,"unit":"teaspoons","meta":[],"metaInformation":[],"measures":{"us":{"amount":2.0,"unitShort":"tsps","unitLong":"teaspoons"},"metric":{"amount":2.0,"unitShort":"tsps","unitLong":"teaspoons"}}},{"id":1001026,"aisle":"Cheese","image":"shredded-cheese-white.jpg","consistency":"solid","name":"shredded mozzarella cheese","nameClean":"shredded mozzarella","original":"1/2 cup mozzarella cheese, shredded","originalString":"1/2 cup mozzarella cheese, shredded","originalName":"mozzarella cheese, shredded","amount":0.5,"unit":"cup","meta":["shredded"],"metaInformation":["shredded"],"measures":{"us":{"amount":0.5,"unitShort":"cups","unitLong":"cups"},"metric":{"amount":118.294,"unitShort":"ml","unitLong":"milliliters"}}},{"id":2020,"aisle":"Spices and Seasonings","image":"garlic-powder.png","consistency":"solid","name":"dried garlic","nameClean":"dehydrated garlic","original":"Dried garlic (Amir had Garlic Gold Nuggets in the back of his pantry!)","originalString":"Dried garlic (Amir had Garlic Gold Nuggets in the back of his pantry!)","originalName":"Dried garlic (Amir had Garlic Gold Nuggets in the back of his pantry!)","amount":1.0,"unit":"serving","meta":["dried","(Amir had Garlic Gold Nuggets in the back of his pantry!)"],"metaInformation":["dried","(Amir had Garlic Gold Nuggets in the back of his pantry!)"],"measures":{"us":{"amount":1.0,"unitShort":"serving","unitLong":"serving"},"metric":{"amount":1.0,"unitShort":"serving","unitLong":"serving"}}}],"id":640266,"title":"Crab and Shrimp Burgers With Garlic Grits Fries","readyInMinutes":45,"servings":8,"sourceUrl":"https://www.foodista.com/recipe/KG7C6P3L/crab-and-shrimp-burgers-with-garlic-grits-fries","image":"https://spoonacular.com/recipeImages/640266-556x370.jpg","imageType":"jpg","summary":"If you want to add more <b>American</b> recipes to your recipe box, Crab and Shrimp Burgers With Garlic Grits Fries might be a recipe you should try. This recipe serves 8. One serving contains <b>346 calories</b>, <b>20g of protein</b>, and <b>11g of fat</b>. For <b>$1.79 per serving</b>, this recipe <b>covers 20%</b> of your daily requirements of vitamins and minerals. If you have egg, milk, garlic, and a few other ingredients on hand, you can make it. 50 people were impressed by this recipe. It is brought to you by Foodista. It works best as a main course, and is done in roughly <b>roughly 45 minutes</b>. It is a good option if you're following a <b>pescatarian</b> diet. Overall, this recipe earns a <b>good spoonacular score of 61%</b>. Similar recipes are <a href=\"https://spoonacular.com/recipes/shrimp-and-crab-gumbo-over-grits-34858\">Shrimp-and-Crab Gumbo Over Grits</a>, <a href=\"https://spoonacular.com/recipes/charleston-shrimp-and-grits-with-tasso-blue-crab-gravy-319973\">Charleston Shrimp and Grits with Tasso Blue Crab Gravy</a>, and <a href=\"https://spoonacular.com/recipes/lemon-garlic-shrimp-and-grits-489380\">Lemon Garlic Shrimp and Grits</a>.","cuisines":["American"],"dishTypes":["lunch","main course","main dish","dinner"],"diets":["pescatarian"],"occasions":[],"instructions":"Burgers:\nIn a large bowl, carefully mix all of the ingredients except the breadcrumbs, seafood seasoning and butter. Form into 8 patties and set on a baking sheet. Chill for an hour.\nOnce chilled, cover all sides of the patties with bread crumbs and lay on a separate baking sheet. Bake in an oven preheated to 375 degrees for 15-20 minutes, flipping once.\nIf desired, top with a bit of butter and set the burgers onto a vegetable grill basket. Heat for 1-2 minutes on a preheated grill just for flavor and a little color. Serve on warm buns.\nFries:\nCook the grits according to the package directions. Stir in the cheese and salt just before removing from heat.\nCarefully pour the hot grits into a large, shallow plastic container. Allow the grits to cool down to room temperature. Cover, then chill overnight.\nWhen ready, overturn the grits onto a large cutting board and cut into 1/2 wide pieces. Lay them on a parchment paper covered baking sheet and bake in a preheated oven at 425 degrees for 30-40 minutes or until browned. Flip them once to brown all sides.","analyzedInstructions":[{"name":"Burgers","steps":[{"number":1,"step":"In a large bowl, carefully mix all of the ingredients except the breadcrumbs, seafood seasoning and butter. Form into 8 patties and set on a baking sheet. Chill for an hour.","ingredients":[{"id":1032034,"name":"seafood seasoning","localizedName":"seafood seasoning","image":"seasoning.jpg"},{"id":18079,"name":"breadcrumbs","localizedName":"breadcrumbs","image":"breadcrumbs.jpg"},{"id":1001,"name":"butter","localizedName":"butter","image":"butter-sliced.jpg"}],"equipment":[{"id":404727,"name":"baking sheet","localizedName":"baking sheet","image":"baking-sheet.jpg"},{"id":404783,"name":"bowl","localizedName":"bowl","image":"bowl.jpg"}]},{"number":2,"step":"Once chilled, cover all sides of the patties with bread crumbs and lay on a separate baking sheet.","ingredients":[{"id":18079,"name":"breadcrumbs","localizedName":"breadcrumbs","image":"breadcrumbs.jpg"}],"equipment":[{"id":404727,"name":"baking sheet","localizedName":"baking sheet","image":"baking-sheet.jpg"}]},{"number":3,"step":"Bake in an oven preheated to 375 degrees for 15-20 minutes, flipping once.","ingredients":[],"equipment":[{"id":404784,"name":"oven","localizedName":"oven","image":"oven.jpg"}],"length":{"number":20,"unit":"minutes"}},{"number":4,"step":"If desired, top with a bit of butter and set the burgers onto a vegetable grill basket.","ingredients":[{"id":11583,"name":"vegetable","localizedName":"vegetable","image":"mixed-vegetables.png"},{"id":1001,"name":"butter","localizedName":"butter","image":"butter-sliced.jpg"}],"equipment":[{"id":404706,"name":"grill","localizedName":"grill","image":"grill.jpg"}]},{"number":5,"step":"Heat for 1-2 minutes on a preheated grill just for flavor and a little color.","ingredients":[],"equipment":[{"id":404706,"name":"grill","localizedName":"grill","image":"grill.jpg"}],"length":{"number":2,"unit":"minutes"}},{"number":6,"step":"Serve on warm buns.","ingredients":[{"id":0,"name":"roll","localizedName":"roll","image":"dinner-yeast-rolls.jpg"}],"equipment":[]}]},{"name":"Fries","steps":[{"number":1,"step":"Cook the grits according to the package directions. Stir in the cheese and salt just before removing from heat.","ingredients":[{"id":1041009,"name":"cheese","localizedName":"cheese","image":"cheddar-cheese.png"},{"id":8160,"name":"grits","localizedName":"grits","image":"cornmeal.png"},{"id":2047,"name":"salt","localizedName":"salt","image":"salt.jpg"}],"equipment":[]},{"number":2,"step":"Carefully pour the hot grits into a large, shallow plastic container. Allow the grits to cool down to room temperature. Cover, then chill overnight.","ingredients":[{"id":8160,"name":"grits","localizedName":"grits","image":"cornmeal.png"}],"equipment":[]},{"number":3,"step":"When ready, overturn the grits onto a large cutting board and cut into 1/2 wide pieces.","ingredients":[{"id":8160,"name":"grits","localizedName":"grits","image":"cornmeal.png"}],"equipment":[{"id":404716,"name":"cutting board","localizedName":"cutting board","image":"cutting-board.jpg"}]},{"number":4,"step":"Lay them on a parchment paper covered baking sheet and bake in a preheated oven at 425 degrees for 30-40 minutes or until browned. Flip them once to brown all sides.","ingredients":[],"equipment":[{"id":404770,"name":"baking paper","localizedName":"baking paper","image":"baking-paper.jpg"},{"id":404727,"name":"baking sheet","localizedName":"baking sheet","image":"baking-sheet.jpg"},{"id":404784,"name":"oven","localizedName":"oven","image":"oven.jpg"}],"length":{"number":40,"unit":"minutes"}}]}],"originalId":null,"spoonacularSourceUrl":"https://spoonacular.com/crab-and-shrimp-burgers-with-garlic-grits-fries-640266"}]}