{"recipes":[{"vegetarian":false,"vegan":false,"glutenFree":false,"dairyFree":true,"veryHealthy":true,"cheap":false,"veryPopular":false,"sustainable":false,"weightWatcherSmartPoints":10,"gaps":"no","lowFodmap":false,"aggregateLikes":6,"spoonacularScore":87.0,"healthScore":57.0,"creditsText":"Foodista.com – The Cooking Encyclopedia Everyone Can Edit","license":"CC BY 3.0","sourceName":"Foodista","pricePerServing":531.78,"extendedIngredients":[{"id":15270,"aisle":"Seafood","image":"shrimp.png","consistency":"solid","name":"shrimp","nameClean":"shrimp","original":"2 pounds fresh or frozen medium-size shrimp, in shells if possible, for stock","originalString":"2 pounds fresh or frozen medium-size shrimp, in shells if possible, for stock","originalName":"fresh or frozen medium-size shrimp, in shells if possible, for stock","amount":2.0,"unit":"pounds","meta":["fresh","for stock"],"metaInformation":["fresh","for stock"],"measures":{"us":{"amount":2.0,"unitShort":"lb","unitLong":"pounds"},"metric":{"amount":907.185,"unitShort":"g","unitLong":"grams"}}},{"id":15143,"aisle":"Seafood","image":"crabmeat.jpg","consistency":"solid","name":"dungeness crabs","nameClean":"dungeness crab","original":"1 dozen fresh or frozen blue crabs, cleaned and shells removed (substitute: 2 pounds fresh crabmeat, crawfish, oyster, or turtle)","originalString":"1 dozen fresh or frozen blue crabs, cleaned and shells removed (substitute: 2 pounds fresh crabmeat, crawfish, oyster, or turtle)","originalName":"fresh or frozen blue crabs, cleaned and shells removed (substitute: 2 pounds fresh crabmeat, crawfish, oyster, or turtle)","amount":12.0,"unit":"","meta":["fresh","blue","cleaned","(substitute: 2 pounds crabmeat, crawfish, oyster, or turtle)"],"metaInformation":["fresh","blue","cleaned","(substitute: 2 pounds crabmeat, crawfish, oyster, or turtle)"],"measures":{"us":{"amount":12.0,"unitShort":"","unitLong":""},"metric":{"amount":12.0,"unitShort":"","unitLong":""}}},{"id":11143,"aisle":"Produce","image":"celery.jpg","consistency":"solid","name":"celery","nameClean":"celery","original":"4 stalks celery, chopped","originalString":"4 stalks celery, chopped","originalName":"celery, chopped","amount":4.0,"unit":"stalks","meta":["chopped"],"metaInformation":["chopped"],"measures":{"us":{"amount":4.0,"unitShort":"stalks","unitLong":"stalks"},"metric":{"amount":4.0,"unitShort":"stalks","unitLong":"stalks"}}},{"id":11297,"aisle":"Produce;Spices and Seasonings","image":"parsley.jpg","consistency":"solid","name":"parsley","nameClean":"parsley","original":"½ cup chopped parsley","originalString":"½ cup chopped parsley","originalName":"chopped parsley","amount":0.5,"unit":"cup","meta":["chopped"],"metaInformation":["chopped"],"measures":{"us":{"amount":0.5,"unitShort":"cups","unitLong":"cups"},"metric":{"amount":118.294,"unitShort":"ml","unitLong":"milliliters"}}},{"id":11333,"aisle":"Produce","image":"green-pepper.jpg","consistency":"solid","name":"green peppers","nameClean":"green pepper","original":"2 green peppers, chopped","originalString":"2 green peppers, chopped","originalName":"green peppers, chopped","amount":2.0,"unit":"","meta":["green","chopped"],"metaInformation":["green","chopped"],"measures":{"us":{"amount":2.0,"unitShort":"","unitLong":""},"metric":{"amount":2.0,"unitShort":"","unitLong":""}}},{"id":11282,"aisle":"Produce","image":"brown-onion.png","consistency":"solid","name":"onion","nameClean":"onion","original":"1 large onion, chopped","originalString":"1 large onion, chopped","originalName":"onion, chopped","amount":1.0,"unit":"large","meta":["chopped"],"metaInformation":["chopped"],"measures":{"us":{"amount":1.0,"unitShort":"large","unitLong":"large"},"metric":{"amount":1.0,"unitShort":"large","unitLong":"large"}}},{"id":11291,"aisle":"Produce","image":"spring-onions.jpg","consistency":"solid","name":"green onions","nameClean":"spring onions","original":"1 cup chopped green onions","originalString":"1 cup chopped green onions","originalName":"chopped green onions","amount":1.0,"unit":"cup","meta":["chopped"],"metaInformation":["chopped"],"measures":{"us":{"amount":1.0,"unitShort":"cup","unitLong":"cup"},"metric":{"amount":236.588,"unitShort":"ml","unitLong":"milliliters"}}},{"id":11215,"aisle":"Produce","image":"garlic.png","consistency":"solid","name":"garlic","nameClean":"garlic","original":"4 cloves garlic, chopped","originalString":"4 cloves garlic, chopped","originalName":"garlic, chopped","amount":4.0,"unit":"cloves","meta":["chopped"],"metaInformation":["chopped"],"measures":{"us":{"amount":4.0,"unitShort":"cloves","unitLong":"cloves"},"metric":{"amount":4.0,"unitShort":"cloves","unitLong":"cloves"}}},{"id":2004,"aisle":"Spices and Seasonings","image":"bay-leaves.jpg","consistency":"solid","name":"bay leaves","nameClean":"bay leaves","original":"3 bay leaves","originalString":"3 bay leaves","originalName":"bay leaves","amount":3.0,"unit":"","meta":[],"metaInformation":[],"measures":{"us":{"amount":3.0,"unitShort":"","unitLong":""},"metric":{"amount":3.0,"unitShort":"","unitLong":""}}},{"id":11887,"aisle":"Pasta and Rice","image":"tomato-paste.jpg","consistency":"solid","name":"tomato paste","nameClean":"tomato paste","original":"1 ounce tomato paste","originalString":"1 ounce tomato paste","originalName":"tomato paste","amount":1.0,"unit":"ounce","meta":[],"metaInformation":[],"measures":{"us":{"amount":1.0,"unitShort":"oz","unitLong":"ounce"},"metric":{"amount":28.35,"unitShort":"g","unitLong":"grams"}}},{"id":4513,"aisle":null,"image":null,"consistency":null,"name":"vegetable oil","nameClean":null,"original":"4 teaspoons vegetable oil or shortening","originalString":"4 teaspoons vegetable oil or shortening","originalName":"vegetable oil or shortening","amount":4.0,"unit":"teaspoons","meta":[],"metaInformation":[],"measures":{"us":{"amount":4.0,"unitShort":"tsps","unitLong":"teaspoons"},"metric":{"amount":4.0,"unitShort":"tsps","unitLong":"teaspoons"}}},{"id":20081,"aisle":"Baking","image":"flour.png","consistency":"solid","name":"flour","nameClean":"wheat flour","original":"½ cup flour","originalString":"½ cup flour","originalName":"flour","amount":0.5,"unit":"cup","meta":[],"metaInformation":[],"measures":{"us":{"amount":0.5,"unitShort":"cups","unitLong":"cups"},"metric":{"amount":118.294,"unitShort":"ml","unitLong":"milliliters"}}},{"id":2047,"aisle":"Spices and Seasonings","image":"salt.jpg","consistency":"solid","name":"salt","nameClean":"salt","original":"2 teaspoons salt","originalString":"2 teaspoons salt","originalName":"salt","amount":2.0,"unit":"teaspoons","meta":[],"metaInformation":[],"measures":{"us":{"amount":2.0,"unitShort":"tsps","unitLong":"teaspoons"},"metric":{"amount":2.0,"unitShort":"tsps","unitLong":"teaspoons"}}},{"id":1002030,"aisle":"Spices and Seasonings","image":"pepper.jpg","consistency":"solid","name":"ground pepper","nameClean":"black pepper","original":"2 teaspoons ground black pepper","originalString":"2 teaspoons ground black pepper","originalName":"ground black pepper","amount":2.0,"unit":"teaspoons","meta":["black"],"metaInformation":["black"],"measures":{"us":{"amount":2.0,"unitShort":"tsps","unitLong":"teaspoons"},"metric":{"amount":2.0,"unitShort":"tsps","unitLong":"teaspoons"}}},{"id":2042,"aisle":"Spices and Seasonings","image":"thyme.jpg","consistency":"solid","name":"dried thyme","nameClean":"dried thyme","original":"½ teaspoon dried thyme","originalString":"½ teaspoon dried thyme","originalName":"dried thyme","amount":0.5,"unit":"teaspoon","meta":["dried"],"metaInformation":["dried"],"measures":{"us":{"amount":0.5,"unitShort":"tsps","unitLong":"teaspoons"},"metric":{"amount":0.5,"unitShort":"tsps","unitLong":"teaspoons"}}},{"id":6971,"aisle":"Condiments","image":"dark-sauce.jpg","consistency":"liquid","name":"worcestershire sauce","nameClean":"worcestershire sauce","original":"1 teaspoon Worcestershire sauce","originalString":"1 teaspoon Worcestershire sauce","originalName":"Worcestershire sauce","amount":1.0,"unit":"teaspoon","meta":[],"metaInformation":[],"measures":{"us":{"amount":1.0,"unitShort":"tsp","unitLong":"teaspoon"},"metric":{"amount":1.0,"unitShort":"tsp","unitLong":"teaspoon"}}},{"id":10011693,"aisle":"Canned and Jarred","image":"tomatoes-canned.png","consistency":"solid","name":"canned tomatoes","nameClean":"canned tomatoes","original":"1 can whole peeled tomatoes, chopped","originalString":"1 can whole peeled tomatoes, chopped","originalName":"whole peeled tomatoes, chopped","amount":1.0,"unit":"can","meta":["whole","peeled","chopped"],"metaInformation":["whole","peeled","chopped"],"measures":{"us":{"amount":1.0,"unitShort":"can","unitLong":"can"},"metric":{"amount":1.0,"unitShort":"can","unitLong":"can"}}},{"id":6168,"aisle":"Condiments","image":"hot-sauce-or-tabasco.png","consistency":"liquid","name":"tabasco sauce","nameClean":"hot sauce","original":"All the Tabasco sauce you can handle","originalString":"All the Tabasco sauce you can handle","originalName":"All the Tabasco sauce you handle","amount":1.0,"unit":"can","meta":[],"metaInformation":[],"measures":{"us":{"amount":1.0,"unitShort":"can","unitLong":"can"},"metric":{"amount":1.0,"unitShort":"can","unitLong":"can"}}},{"id":1002031,"aisle":"Spices and Seasonings","image":"chili-powder.jpg","consistency":"solid","name":"creole seasoning","nameClean":"creole seasoning","original":"Creole seasoning to taste","originalString":"Creole seasoning to taste","originalName":"Creole seasoning to taste","amount":1.0,"unit":"serving","meta":["to taste"],"metaInformation":["to taste"],"measures":{"us":{"amount":1.0,"unitShort":"serving","unitLong":"serving"},"metric":{"amount":1.0,"unitShort":"serving","unitLong":"serving"}}},{"id":7064,"aisle":"Meat","image":"smoked-sausage.jpg","consistency":"solid","name":"andouille","nameClean":"andouille sausage","original":"1 pound andouille, turkey, kielbasa or smoked sausage, cubed","originalString":"1 pound andouille, turkey, kielbasa or smoked sausage, cubed","originalName":"andouille, turkey, kielbasa or smoked sausage, cubed","amount":1.0,"unit":"pound","meta":["smoked","cubed"],"metaInformation":["smoked","cubed"],"measures":{"us":{"amount":1.0,"unitShort":"lb","unitLong":"pound"},"metric":{"amount":453.592,"unitShort":"g","unitLong":"grams"}}},{"id":11311111,"aisle":"Ethnic Foods;Spices and Seasonings","image":"hemp-protein-powder.png","consistency":"solid","name":"file powder","nameClean":"file powder","original":"2 tablespoons filé powder","originalString":"2 tablespoons filé powder","originalName":"filé powder","amount":2.0,"unit":"tablespoons","meta":[],"metaInformation":[],"measures":{"us":{"amount":2.0,"unitShort":"Tbsps","unitLong":"Tbsps"},"metric":{"amount":2.0,"unitShort":"Tbsps","unitLong":"Tbsps"}}},{"id":11278,"aisle":"Produce","image":"okra.png","consistency":"solid","name":"okra","nameClean":"okra","original":"1 pound fresh or frozen sliced okra","originalString":"1 pound fresh or frozen sliced okra","originalName":"fresh or frozen sliced okra","amount":1.0,"unit":"pound","meta":["fresh","sliced"],"metaInformation":["fresh","sliced"],"measures":{"us":{"amount":1.0,"unitShort":"lb","unitLong":"pound"},"metric":{"amount":453.592,"unitShort":"g","unitLong":"grams"}}},{"id":20444,"aisle":"Pasta and Rice","image":"uncooked-white-rice.png","consistency":"solid","name":"rice","nameClean":"rice","original":"1 bag Louisiana rice (or white rice)","originalString":"1 bag Louisiana rice (or white rice)","originalName":"Louisiana rice (or white rice)","amount":1.0,"unit":"bag","meta":["white","(or rice)"],"metaInformation":["white","(or rice)"],"measures":{"us":{"amount":1.0,"unitShort":"bag","unitLong":"bag"},"metric":{"amount":1.0,"unitShort":"bag","unitLong":"bag"}}}],"id":648524,"title":"Jean's Seafood Gumbo","readyInMinutes":45,"servings":9,"sourceUrl":"https://www.foodista.com/recipe/Z2KPLCN3/jean-s-seafood-gumbo","summary":"If you want to add more <b>Cajun</b> recipes to your recipe box, Jean's Seafood Gumbo might be a recipe you should try. For <b>$5.32 per serving</b>, this recipe <b>covers 50%</b> of your daily requirements of vitamins and minerals. One serving contains <b>558 calories</b>, <b>72g of protein</b>, and <b>20g of fat</b>. This recipe serves 9. 6 people have tried and liked this recipe. Only a few people really liked this main course. It is a good option if you're following a <b>dairy free</b> diet. If you have canned tomatoes, creole seasoning, peppers, and a few other ingredients on hand, you can make it. From preparation to the plate, this recipe takes about <b>about 45 minutes</b>. It is brought to you by Foodista. Taking all factors into account, this recipe <b>earns a spoonacular score of 87%</b>, which is great. <a href=\"https://spoonacular.com/recipes/seafood-gumbo-411231\">Seafood Gumbo</a>, <a href=\"https://spoonacular.com/recipes/seafood-gumbo-34779\">Seafood Gumbo</a>, and <a href=\"https://spoonacular.com/recipes/seafood-gumbo-971756\">Seafood Gumbo</a> are very similar to this recipe.","cuisines":["Cajun","Creole"],"dishTypes":["lunch","soup","main course","main dish","dinner"],"diets":["dairy free"],"occasions":[],"instructions":"Fill a 14-16-quart pot with two quarts of water and bring to a boil.\nMeanwhile, peel and devein the shrimp, keeping the heads and hulls. Set the shrimp aside in cold water. In the large \"gumbo pot\" boil heads and hulls for 30 minutes to an hour. This will give you Creole gumbo. Strain shrimp heads and hulls from stock and set aside. Discard heads and hull immediately. Otherwise, the next day your kitchen will smell like Bayou St. John.\nClean the fresh crabs  If the crabs are fresh, you must take time to clean them. Discard the hard back shell and some of the so-called \"dead man,\" or yellow insides. Clean and separate crabs and set aside. (Note: If necessary, you can use meat from king, Dungeness, snow or stone crabs for your gumbo).\nBefore you fire up the stove again, cut up your celery, parsley, peppers, onions and garlic, especially if you're alone and there is no one to help you stir the pots. It takes time peeling the onions and garlic  Put the celery and parsley in a separate container from the other chopped ingredients and refrigerate until needed to keep them fresh.\nPlace the gumbo pot with the shrimp stock on the stove. Add cleaned crabs and bay leaves. Stir slowly. You don't want your shrimp stock messing up the floor. Add celery, parsley, and tomato paste to the gumbo brewing on the stove. Bring to a boil. Turn down heat, cover, and let simmer.\nHere comes the roux -- a thick and flavorful sauce that has become one of the most important staples of Louisiana cuisine. Pour oil or shortening into a separate heavy skillet (please do not use a thin omelet pan) over a medium-low heat. Slowly stir in flour to make the roux. Keep your eyes on the skillet. If the phone rings, let the answering machine pick it up. Cook roux until it has a dark mahogany color. Do not stop stirring until roux appears nutty or grainy. If black specks appear, the roux is burned. Throw it out and start from scratch. A good roux could take 30 to 45 minutes cooking time.\nNow you are ready to add the holy trinity of onions, garlic, and green peppers to the roux mixture. Stir ingredients in slowly because the flour is still sizzling. The moisture will begin to disappear. This is when Jean would add another quart or two of water to the gumbo pot. Add roux to the gumbo pot. Bring to a boil, stirring constantly. Lower heat and cover. The kitchen should smell good right now. Pour yourself another cold something-or-other. You're halfway there. Come back to look and stir in an hour or so.\nSeason to taste: add salt, pepper, thyme, Worcestershire sauce, Tabasco sauce and any Creole seasoning you like. Don't overdo it right now. Let the roux work its magic absorbing all the wonderful ingredients. Gumbo is usually very spicy, but you can keep it mild. Remember, if you have decided to use andouille sausage it is also hot.\nFry sausages and okra with a little bit of the leftover grease. Sprinkle a little leftover flour if the okra is fresh. Add to gumbo pot. Add chopped peeled tomatoes, stirring until well blended. Add more water if necessary. The roux will keep it thick and tasty. Return to a boil and simmer for 10 minutes. Reduce heat and let simmer, uncovered, for 2 1/2 to 3 hours over low heat.\nSkim any excess fat. Add shrimp. Stir in slowly as you increase the heat one last time. It's time to stir in the fil powder. Cook another 20 to 30 minutes until the gumbo is thick. Taste and adjust seasonings one more time. Did I mention the rice? Seafood gumbo is served over Louisiana rice. Of course, you can substitute for your own favorite rice. Just plain old brown or white rice will do. Before serving, taste one more time and adjust seasoning. Turn off heat and remove seafood gumbo from the stove.\nTo cool down the pot before serving, place it in the sink with a few inches of ice-cold water. If needed, add additional salt and Tabasco sauce. If you can see through the gumbo to the bottom of the pot, work on your roux next time.","analyzedInstructions":[{"name":"","steps":[{"number":1,"step":"Fill a 14-16-quart pot with two quarts of water and bring to a boil.","ingredients":[{"id":14412,"name":"water","localizedName":"water","image":"water.png"}],"equipment":[{"id":404752,"name":"pot","localizedName":"pot","image":"stock-pot.jpg"}]},{"number":2,"step":"Meanwhile, peel and devein the shrimp, keeping the heads and hulls. Set the shrimp aside in cold water. In the large \"gumbo pot\" boil heads and hulls for 30 minutes to an hour. This will give you Creole gumbo. Strain shrimp heads and hulls from stock and set aside. Discard heads and hull immediately. Otherwise, the next day your kitchen will smell like Bayou St. John.","ingredients":[{"id":15270,"name":"shrimp","localizedName":"shrimp","image":"shrimp.png"},{"id":0,"name":"gumbo","localizedName":"gumbo","image":""},{"id":1006615,"name":"stock","localizedName":"stock","image":"chicken-broth.png"},{"id":14412,"name":"water","localizedName":"water","image":"water.png"}],"equipment":[{"id":404752,"name":"pot","localizedName":"pot","image":"stock-pot.jpg"}],"length":{"number":30,"unit":"minutes"}},{"number":3,"step":"Clean the fresh crabs  If the crabs are fresh, you must take time to clean them. Discard the hard back shell and some of the so-called \"dead man,\" or yellow insides. Clean and separate crabs and set aside. (Note: If necessary, you can use meat from king, Dungeness, snow or stone crabs for your gumbo).","ingredients":[{"id":0,"name":"gumbo","localizedName":"gumbo","image":""},{"id":1065062,"name":"meat","localizedName":"meat","image":"whole-chicken.jpg"}],"equipment":[]},{"number":4,"step":"Before you fire up the stove again, cut up your celery, parsley, peppers, onions and garlic, especially if you're alone and there is no one to help you stir the pots. It takes time peeling the onions and garlic","ingredients":[{"id":11297,"name":"parsley","localizedName":"parsley","image":"parsley.jpg"},{"id":10111333,"name":"peppers","localizedName":"peppers","image":"green-pepper.jpg"},{"id":11143,"name":"celery","localizedName":"celery","image":"celery.jpg"},{"id":11215,"name":"garlic","localizedName":"garlic","image":"garlic.png"},{"id":11282,"name":"onion","localizedName":"onion","image":"brown-onion.png"}],"equipment":[{"id":404794,"name":"stove","localizedName":"stove","image":"oven.jpg"}]},{"number":5,"step":"Put the celery and parsley in a separate container from the other chopped ingredients and refrigerate until needed to keep them fresh.","ingredients":[{"id":11297,"name":"parsley","localizedName":"parsley","image":"parsley.jpg"},{"id":11143,"name":"celery","localizedName":"celery","image":"celery.jpg"}],"equipment":[]},{"number":6,"step":"Place the gumbo pot with the shrimp stock on the stove.","ingredients":[{"id":6963,"name":"shrimp stock","localizedName":"shrimp stock","image":"chicken-broth.png"},{"id":0,"name":"gumbo","localizedName":"gumbo","image":""}],"equipment":[{"id":404794,"name":"stove","localizedName":"stove","image":"oven.jpg"},{"id":404752,"name":"pot","localizedName":"pot","image":"stock-pot.jpg"}]},{"number":7,"step":"Add cleaned crabs and bay leaves. Stir slowly. You don't want your shrimp stock messing up the floor.","ingredients":[{"id":6963,"name":"shrimp stock","localizedName":"shrimp stock","image":"chicken-broth.png"},{"id":2004,"name":"bay leaves","localizedName":"bay leaves","image":"bay-leaves.jpg"}],"equipment":[]},{"number":8,"step":"Add celery, parsley, and tomato paste to the gumbo brewing on the stove. Bring to a boil. Turn down heat, cover, and let simmer.","ingredients":[{"id":11887,"name":"tomato paste","localizedName":"tomato paste","image":"tomato-paste.jpg"},{"id":11297,"name":"parsley","localizedName":"parsley","image":"parsley.jpg"},{"id":11143,"name":"celery","localizedName":"celery","image":"celery.jpg"},{"id":0,"name":"gumbo","localizedName":"gumbo","image":""}],"equipment":[{"id":404794,"name":"stove","localizedName":"stove","image":"oven.jpg"}]},{"number":9,"step":"Here comes the roux -- a thick and flavorful sauce that has become one of the most important staples of Louisiana cuisine.","ingredients":[{"id":0,"name":"sauce","localizedName":"sauce","image":""}],"equipment":[]},{"number":10,"step":"Pour oil or shortening into a separate heavy skillet (please do not use a thin omelet pan) over a medium-low heat. Slowly stir in flour to make the roux. Keep your eyes on the skillet. If the phone rings, let the answering machine pick it up. Cook roux until it has a dark mahogany color. Do not stop stirring until roux appears nutty or grainy. If black specks appear, the roux is burned. Throw it out and start from scratch. A good roux could take 30 to 45 minutes cooking time.","ingredients":[{"id":4615,"name":"shortening","localizedName":"shortening","image":"shortening.jpg"},{"id":20081,"name":"all purpose flour","localizedName":"all purpose flour","image":"flour.png"},{"id":4582,"name":"cooking oil","localizedName":"cooking oil","image":"vegetable-oil.jpg"}],"equipment":[{"id":404645,"name":"frying pan","localizedName":"frying pan","image":"pan.png"}],"length":{"number":30,"unit":"minutes"}},{"number":11,"step":"Now you are ready to add the holy trinity of onions, garlic, and green peppers to the roux mixture. Stir ingredients in slowly because the flour is still sizzling. The moisture will begin to disappear. This is when Jean would add another quart or two of water to the gumbo pot.","ingredients":[{"id":11333,"name":"green pepper","localizedName":"green pepper","image":"green-pepper.jpg"},{"id":11215,"name":"garlic","localizedName":"garlic","image":"garlic.png"},{"id":11282,"name":"onion","localizedName":"onion","image":"brown-onion.png"},{"id":20081,"name":"all purpose flour","localizedName":"all purpose flour","image":"flour.png"},{"id":0,"name":"gumbo","localizedName":"gumbo","image":""},{"id":14412,"name":"water","localizedName":"water","image":"water.png"}],"equipment":[{"id":404752,"name":"pot","localizedName":"pot","image":"stock-pot.jpg"}]},{"number":12,"step":"Add roux to the gumbo pot. Bring to a boil, stirring constantly. Lower heat and cover. The kitchen should smell good right now.","ingredients":[{"id":0,"name":"gumbo","localizedName":"gumbo","image":""}],"equipment":[{"id":404752,"name":"pot","localizedName":"pot","image":"stock-pot.jpg"}]},{"number":13,"step":"Pour yourself another cold something-or-other. You're halfway there. Come back to look and stir in an hour or so.","ingredients":[],"equipment":[]},{"number":14,"step":"Season to taste: add salt, pepper, thyme, Worcestershire sauce, Tabasco sauce and any Creole seasoning you like. Don't overdo it right now.","ingredients":[{"id":6971,"name":"worcestershire sauce","localizedName":"worcestershire sauce","image":"dark-sauce.jpg"},{"id":1002031,"name":"creole seasoning","localizedName":"creole seasoning","image":"chili-powder.jpg"},{"id":1026168,"name":"tabasco sauce","localizedName":"tabasco sauce","image":"hot-sauce-or-tabasco.png"},{"id":1002030,"name":"pepper","localizedName":"pepper","image":"pepper.jpg"},{"id":2049,"name":"thyme","localizedName":"thyme","image":"thyme.jpg"},{"id":2047,"name":"salt","localizedName":"salt","image":"salt.jpg"}],"equipment":[]},{"number":15,"step":"Let the roux work its magic absorbing all the wonderful ingredients. Gumbo is usually very spicy, but you can keep it mild. Remember, if you have decided to use andouille sausage it is also hot.","ingredients":[{"id":7064,"name":"andouille sausage","localizedName":"andouille sausage","image":"smoked-sausage.jpg"},{"id":0,"name":"gumbo","localizedName":"gumbo","image":""}],"equipment":[]},{"number":16,"step":"Fry sausages and okra with a little bit of the leftover grease.","ingredients":[{"id":1017063,"name":"sausage","localizedName":"sausage","image":"raw-pork-sausage.png"},{"id":11278,"name":"okra","localizedName":"okra","image":"okra.png"}],"equipment":[]},{"number":17,"step":"Sprinkle a little leftover flour if the okra is fresh.","ingredients":[{"id":20081,"name":"all purpose flour","localizedName":"all purpose flour","image":"flour.png"},{"id":11278,"name":"okra","localizedName":"okra","image":"okra.png"}],"equipment":[]},{"number":18,"step":"Add to gumbo pot.","ingredients":[{"id":0,"name":"gumbo","localizedName":"gumbo","image":""}],"equipment":[{"id":404752,"name":"pot","localizedName":"pot","image":"stock-pot.jpg"}]},{"number":19,"step":"Add chopped peeled tomatoes, stirring until well blended.","ingredients":[{"id":10011531,"name":"canned whole tomatoes","localizedName":"canned whole tomatoes","image":"tomatoes-canned.png"}],"equipment":[]},{"number":20,"step":"Add more water if necessary. The roux will keep it thick and tasty. Return to a boil and simmer for 10 minutes. Reduce heat and let simmer, uncovered, for 2 1/2 to 3 hours over low heat.","ingredients":[{"id":14412,"name":"water","localizedName":"water","image":"water.png"}],"equipment":[],"length":{"number":190,"unit":"minutes"}},{"number":21,"step":"Skim any excess fat.","ingredients":[],"equipment":[]},{"number":22,"step":"Add shrimp. Stir in slowly as you increase the heat one last time. It's time to stir in the fil powder. Cook another 20 to 30 minutes until the gumbo is thick. Taste and adjust seasonings one more time. Did I mention the rice? Seafood gumbo is served over Louisiana rice. Of course, you can substitute for your own favorite rice. Just plain old brown or white rice will do. Before serving, taste one more time and adjust seasoning. Turn off heat and remove seafood gumbo from the stove.","ingredients":[{"id":1042027,"name":"seasoning","localizedName":"seasoning","image":"seasoning.png"},{"id":10220444,"name":"white rice","localizedName":"white rice","image":"uncooked-white-rice.png"},{"id":0,"name":"seafood","localizedName":"seafood","image":"shrimp.png"},{"id":15270,"name":"shrimp","localizedName":"shrimp","image":"shrimp.png"},{"id":0,"name":"gumbo","localizedName":"gumbo","image":""},{"id":20444,"name":"rice","localizedName":"rice","image":"uncooked-white-rice.png"}],"equipment":[{"id":404794,"name":"stove","localizedName":"stove","image":"oven.jpg"}],"length":{"number":20,"unit":"minutes"}},{"number":23,"step":"To cool down the pot before serving, place it in the sink with a few inches of ice-cold water. If needed, add additional salt and Tabasco sauce. If you can see through the gumbo to the bottom of the pot, work on your roux next time.","ingredients":[{"id":1026168,"name":"tabasco sauce","localizedName":"tabasco sauce","image":"hot-sauce-or-tabasco.png"},{"id":0,"name":"gumbo","localizedName":"gumbo","image":""},{"id":14412,"name":"water","localizedName":"water","image":"water.png"},{"id":2047,"name":"salt","localizedName":"salt","image":"salt.jpg"},{"id":10014412,"name":"ice","localizedName":"ice","image":"ice-cubes.png"}],"equipment":[{"id":404752,"name":"pot","localizedName":"pot","image":"stock-pot.jpg"}]}]}],"originalId":null,"spoonacularSourceUrl":"https://spoonacular.com/jeans-seafood-gumbo-648524"}]}