{"recipes":[{"vegetarian":false,"vegan":false,"glutenFree":true,"dairyFree":false,"veryHealthy":false,"cheap":false,"veryPopular":false,"sustainable":false,"weightWatcherSmartPoints":13,"gaps":"no","lowFodmap":false,"aggregateLikes":13,"spoonacularScore":14.0,"healthScore":1.0,"creditsText":"Foodista.com – The Cooking Encyclopedia Everyone Can Edit","license":"CC BY 3.0","sourceName":"Foodista","pricePerServing":83.05,"extendedIngredients":[{"id":19081,"aisle":"Sweet Snacks","image":"milk-chocolate.jpg","consistency":"solid","name":"chocolate","nameClean":"milk chocolate","original":"2 ounces 60–70% dark chocolate, ground finely (see Kitchen Tip #2)","originalString":"2 ounces 60–70% dark chocolate, ground finely (see Kitchen Tip #2)","originalName":"60–70% dark chocolate, ground finely (see Kitchen Tip #2)","amount":2.0,"unit":"ounces","meta":["dark","finely","(see Kitchen Tip #2)"],"metaInformation":["dark","finely","(see Kitchen Tip #2)"],"measures":{"us":{"amount":2.0,"unitShort":"oz","unitLong":"ounces"},"metric":{"amount":56.699,"unitShort":"g","unitLong":"grams"}}},{"id":18373,"aisle":"Spices and Seasonings;Baking","image":"white-powder.jpg","consistency":"solid","name":"cream of tartar","nameClean":"cream of tartar","original":"¼ teaspoon cream of tartar","originalString":"¼ teaspoon cream of tartar","originalName":"cream of tartar","amount":0.25,"unit":"teaspoon","meta":[],"metaInformation":[],"measures":{"us":{"amount":0.25,"unitShort":"tsps","unitLong":"teaspoons"},"metric":{"amount":0.25,"unitShort":"tsps","unitLong":"teaspoons"}}},{"id":10019165,"aisle":"Baking","image":"dutch-process-cocoa-powder.png","consistency":"solid","name":"dutch process cocoa powder","nameClean":"unsweetened dutch processed cocoa powder","original":"2 tablespoons Dutch process cocoa powder","originalString":"2 tablespoons Dutch process cocoa powder","originalName":"Dutch process cocoa powder","amount":2.0,"unit":"tablespoons","meta":[],"metaInformation":[],"measures":{"us":{"amount":2.0,"unitShort":"Tbsps","unitLong":"Tbsps"},"metric":{"amount":2.0,"unitShort":"Tbsps","unitLong":"Tbsps"}}},{"id":1124,"aisle":"Milk, Eggs, Other Dairy","image":"egg-white.jpg","consistency":"solid","name":"egg whites","nameClean":"egg whites","original":"4 large egg whites, room temperature","originalString":"4 large egg whites, room temperature","originalName":"egg whites, room temperature","amount":4.0,"unit":"large","meta":["room temperature"],"metaInformation":["room temperature"],"measures":{"us":{"amount":4.0,"unitShort":"large","unitLong":"larges"},"metric":{"amount":4.0,"unitShort":"large","unitLong":"larges"}}},{"id":9431,"aisle":"Produce","image":"mixed-fresh-fruit.jpg","consistency":"solid","name":"fruit","nameClean":"mixed fruit","original":"2 cups assorted fresh winter fruit","originalString":"2 cups assorted fresh winter fruit","originalName":"assorted fresh winter fruit","amount":2.0,"unit":"cups","meta":["fresh","assorted"],"metaInformation":["fresh","assorted"],"measures":{"us":{"amount":2.0,"unitShort":"cups","unitLong":"cups"},"metric":{"amount":473.176,"unitShort":"ml","unitLong":"milliliters"}}},{"id":19335,"aisle":"Baking","image":"sugar-in-bowl.png","consistency":"solid","name":"granulated sugar","nameClean":"sugar","original":"1 cup granulated sugar","originalString":"1 cup granulated sugar","originalName":"granulated sugar","amount":1.0,"unit":"cup","meta":[],"metaInformation":[],"measures":{"us":{"amount":1.0,"unitShort":"cup","unitLong":"cup"},"metric":{"amount":236.588,"unitShort":"ml","unitLong":"milliliters"}}},{"id":1053,"aisle":"Milk, Eggs, Other Dairy","image":"fluid-cream.jpg","consistency":"liquid","name":"heavy cream","nameClean":"cream","original":"2 cups heavy cream, chilled","originalString":"2 cups heavy cream, chilled","originalName":"heavy cream, chilled","amount":2.0,"unit":"cups","meta":["chilled"],"metaInformation":["chilled"],"measures":{"us":{"amount":2.0,"unitShort":"cups","unitLong":"cups"},"metric":{"amount":473.176,"unitShort":"ml","unitLong":"milliliters"}}},{"id":19335,"aisle":"Baking","image":"sugar-in-bowl.png","consistency":"solid","name":"sugar","nameClean":"sugar","original":"6 tablespoons confectioner's sugar","originalString":"6 tablespoons confectioner's sugar","originalName":"confectioner's sugar","amount":6.0,"unit":"tablespoons","meta":[],"metaInformation":[],"measures":{"us":{"amount":6.0,"unitShort":"Tbsps","unitLong":"Tbsps"},"metric":{"amount":6.0,"unitShort":"Tbsps","unitLong":"Tbsps"}}},{"id":93696,"aisle":"Ethnic Foods;Health Foods;Baking","image":"white-powder.jpg","consistency":"solid","name":"tapioca starch","nameClean":"tapioca starch","original":"1 teaspoon cornstarch or tapioca starch","originalString":"1 teaspoon cornstarch or tapioca starch","originalName":"cornstarch or tapioca starch","amount":1.0,"unit":"teaspoon","meta":[],"metaInformation":[],"measures":{"us":{"amount":1.0,"unitShort":"tsp","unitLong":"teaspoon"},"metric":{"amount":1.0,"unitShort":"tsp","unitLong":"teaspoon"}}},{"id":93813,"aisle":"Gourmet","image":"molasses.jpg","consistency":"solid","name":"vanilla bean paste","nameClean":"vanilla paste","original":"1 teaspoon vanilla bean paste","originalString":"1 teaspoon vanilla bean paste","originalName":"vanilla bean paste","amount":1.0,"unit":"teaspoon","meta":[],"metaInformation":[],"measures":{"us":{"amount":1.0,"unitShort":"tsp","unitLong":"teaspoon"},"metric":{"amount":1.0,"unitShort":"tsp","unitLong":"teaspoon"}}},{"id":2050,"aisle":"Baking","image":"vanilla-extract.jpg","consistency":"liquid","name":"vanilla extract","nameClean":"vanilla extract","original":"1 teaspoon vanilla extract","originalString":"1 teaspoon vanilla extract","originalName":"vanilla extract","amount":1.0,"unit":"teaspoon","meta":[],"metaInformation":[],"measures":{"us":{"amount":1.0,"unitShort":"tsp","unitLong":"teaspoon"},"metric":{"amount":1.0,"unitShort":"tsp","unitLong":"teaspoon"}}},{"id":2053,"aisle":"Oil, Vinegar, Salad Dressing","image":"vinegar-(white).jpg","consistency":"liquid","name":"white vinegar","nameClean":"distilled white vinegar","original":"1 teaspoon white vinegar","originalString":"1 teaspoon white vinegar","originalName":"white vinegar","amount":1.0,"unit":"teaspoon","meta":["white"],"metaInformation":["white"],"measures":{"us":{"amount":1.0,"unitShort":"tsp","unitLong":"teaspoon"},"metric":{"amount":1.0,"unitShort":"tsp","unitLong":"teaspoon"}}}],"id":639137,"title":"Chocolate Pavlova with Winter Fruit","readyInMinutes":150,"servings":12,"sourceUrl":"http://www.foodista.com/recipe/D7DDT6F5/chocolate-pavlova-with-winter-fruit","image":"https://spoonacular.com/recipeImages/639137-556x370.jpg","imageType":"jpg","summary":"You can never have too many dessert recipes, so give Chocolate Pavlova with Winter Fruit a try. One serving contains <b>282 calories</b>, <b>2g of protein</b>, and <b>16g of fat</b>. This gluten free recipe serves 12 and costs <b>82 cents per serving</b>. <b>Winter</b> will be even more special with this recipe. A few people made this recipe, and 13 would say it hit the spot. If you have 70% chocolate, vinegar, granulated sugar, and a few other ingredients on hand, you can make it. From preparation to the plate, this recipe takes roughly <b>2 hours and 30 minutes</b>. All things considered, we decided this recipe <b>deserves a spoonacular score of 15%</b>. This score is rather bad. Try <a href=\"https://spoonacular.com/recipes/chocolate-pavlova-with-winter-fruits-502299\">Chocolate Pavlova with Winter Fruits</a>, <a href=\"https://spoonacular.com/recipes/spiced-winter-pavlova-65973\">Spiced Winter Pavlova</a>, and <a href=\"https://spoonacular.com/recipes/exotic-fruit-pavlova-280778\">Exotic Fruit Pavlova</a> for similar recipes.","cuisines":[],"dishTypes":["side dish"],"diets":["gluten free"],"occasions":["winter"],"instructions":"<ol><li>To make the chocolate meringue: Preheat the oven to 225F convection or 250F conventional. Line a rimmed baking sheet with a Silpat or parchment paper.</li><li>In the bowl of a stand mixer fitted with a whisk attachment, whip the egg whites, vanilla bean paste, and cream of tartar until soft peaks begin to form.</li><li>Sift together the sugar, cocoa powder, and cornstarch. With the motor running at low speed, add the sugar mixture 1 tablespoon at a time to the egg whites. Add the vinegar and dark chocolate. Whip until fully incorporated and the egg whites hold a stiff peak (the whip attachment will have a sturdy egg white tail when removed).</li><li>Scoop the mixture onto the prepared baking sheet. Shape into a 9- to 10-inch circle with a slightly higher edge. Bake until the outside is dry and starting to crack slightly, 1 to 1 hours. Turn the heat off and leave the meringue in the oven to cool, about 1 hour.</li><li>To make the whipped cream: Add the cream, confectioners sugar, and vanilla to the bowl of a stand mixer fitted with a whisk attachment.</li><li>Whip until the cream holds soft peaks.</li><li>To assemble: Place the baked meringue onto a serving platter or cake stand. Spread the whipped cream in the center leaving a 2-inch gap around the edge.</li><li>Arrange the fruit on top and serve immediately.</li></ol>","analyzedInstructions":[{"name":"","steps":[{"number":1,"step":"To make the chocolate meringue: Preheat the oven to 225F convection or 250F conventional. Line a rimmed baking sheet with a Silpat or parchment paper.In the bowl of a stand mixer fitted with a whisk attachment, whip the egg whites, vanilla bean paste, and cream of tartar until soft peaks begin to form.Sift together the sugar, cocoa powder, and cornstarch. With the motor running at low speed, add the sugar mixture 1 tablespoon at a time to the egg whites.","ingredients":[{"id":93813,"name":"vanilla paste","localizedName":"vanilla paste","image":"molasses.jpg"},{"id":18373,"name":"cream of tartar","localizedName":"cream of tartar","image":"white-powder.jpg"},{"id":19165,"name":"cocoa powder","localizedName":"cocoa powder","image":"cocoa-powder.png"},{"id":20027,"name":"corn starch","localizedName":"corn starch","image":"white-powder.jpg"},{"id":1124,"name":"egg whites","localizedName":"egg whites","image":"egg-white.jpg"},{"id":19081,"name":"chocolate","localizedName":"chocolate","image":"milk-chocolate.jpg"},{"id":19335,"name":"sugar","localizedName":"sugar","image":"sugar-in-bowl.png"}],"equipment":[{"id":404770,"name":"baking paper","localizedName":"baking paper","image":"baking-paper.jpg"},{"id":404727,"name":"baking sheet","localizedName":"baking sheet","image":"baking-sheet.jpg"},{"id":404665,"name":"stand mixer","localizedName":"stand mixer","image":"stand-mixer.jpg"},{"id":404661,"name":"whisk","localizedName":"whisk","image":"whisk.png"},{"id":404783,"name":"bowl","localizedName":"bowl","image":"bowl.jpg"},{"id":404784,"name":"oven","localizedName":"oven","image":"oven.jpg","temperature":{"number":225.0,"unit":"Fahrenheit"}}]},{"number":2,"step":"Add the vinegar and dark chocolate. Whip until fully incorporated and the egg whites hold a stiff peak (the whip attachment will have a sturdy egg white tail when removed).Scoop the mixture onto the prepared baking sheet. Shape into a 9- to 10-inch circle with a slightly higher edge.","ingredients":[{"id":19904,"name":"dark chocolate","localizedName":"dark chocolate","image":"dark-chocolate-pieces.jpg"},{"id":1124,"name":"egg whites","localizedName":"egg whites","image":"egg-white.jpg"},{"id":2053,"name":"vinegar","localizedName":"vinegar","image":"vinegar-(white).jpg"}],"equipment":[{"id":404727,"name":"baking sheet","localizedName":"baking sheet","image":"baking-sheet.jpg"}]}]},{"name":"Bake until the outside is dry and starting to crack slightly, 1 to 1 hours. Turn the heat off and leave the meringue in the oven to cool, about 1 hour.To make the whipped cream","steps":[]},{"name":"Add the cream, confectioners sugar, and vanilla to the bowl of a stand mixer fitted with a whisk attachment.Whip until the cream holds soft peaks.To assemble","steps":[{"number":1,"step":"Place the baked meringue onto a serving platter or cake stand.","ingredients":[],"equipment":[]},{"number":2,"step":"Spread the whipped cream in the center leaving a 2-inch gap around the edge.Arrange the fruit on top and serve immediately.","ingredients":[{"id":1054,"name":"whipped cream","localizedName":"whipped cream","image":"whipped-cream.jpg"},{"id":0,"name":"spread","localizedName":"spread","image":""},{"id":9431,"name":"fruit","localizedName":"fruit","image":"mixed-fresh-fruit.jpg"}],"equipment":[]}]}],"originalId":null,"spoonacularSourceUrl":"https://spoonacular.com/chocolate-pavlova-with-winter-fruit-639137"},{"vegetarian":false,"vegan":false,"glutenFree":true,"dairyFree":false,"veryHealthy":false,"cheap":false,"veryPopular":false,"sustainable":false,"weightWatcherSmartPoints":7,"gaps":"no","lowFodmap":false,"aggregateLikes":8,"spoonacularScore":78.0,"healthScore":27.0,"creditsText":"Foodista.com – The Cooking Encyclopedia Everyone Can Edit","license":"CC BY 3.0","sourceName":"Foodista","pricePerServing":429.08,"extendedIngredients":[{"id":1001,"aisle":"Milk, Eggs, Other Dairy","image":"butter-sliced.jpg","consistency":"solid","name":"butter","nameClean":"butter","original":"2 Tbs. Melted butter","originalString":"2 Tbs. Melted butter","originalName":"Melted butter","amount":2.0,"unit":"Tbs","meta":["melted"],"metaInformation":["melted"],"measures":{"us":{"amount":2.0,"unitShort":"Tbs","unitLong":"Tbs"},"metric":{"amount":2.0,"unitShort":"Tbs","unitLong":"Tbs"}}},{"id":20027,"aisle":"Baking","image":"white-powder.jpg","consistency":"solid","name":"cornstarch","nameClean":"corn starch","original":"1 Tbs. cornstarch dissolved in 2 Tbs. water","originalString":"1 Tbs. cornstarch dissolved in 2 Tbs. water","originalName":"cornstarch dissolved in 2 Tbs. water","amount":1.0,"unit":"Tbs","meta":["dissolved in 2 tbs. water"],"metaInformation":["dissolved in 2 tbs. water"],"measures":{"us":{"amount":1.0,"unitShort":"Tbs","unitLong":"Tb"},"metric":{"amount":1.0,"unitShort":"Tbs","unitLong":"Tb"}}},{"id":9032,"aisle":"Dried Fruits;Produce","image":"dried-apricots.jpg","consistency":"solid","name":"dried apricots","nameClean":"dried apricots","original":"½ cup dried apricots","originalString":"½ cup dried apricots","originalName":"dried apricots","amount":0.5,"unit":"cup","meta":["dried"],"metaInformation":["dried"],"measures":{"us":{"amount":0.5,"unitShort":"cups","unitLong":"cups"},"metric":{"amount":118.294,"unitShort":"ml","unitLong":"milliliters"}}},{"id":9079,"aisle":"Dried Fruits;Produce","image":"dried-cranberries.jpg","consistency":"solid","name":"dried cranberries","nameClean":"dried cranberries","original":"½ cup dried cranberries","originalString":"½ cup dried cranberries","originalName":"dried cranberries","amount":0.5,"unit":"cup","meta":["dried"],"metaInformation":["dried"],"measures":{"us":{"amount":0.5,"unitShort":"cups","unitLong":"cups"},"metric":{"amount":118.294,"unitShort":"ml","unitLong":"milliliters"}}},{"id":93639,"aisle":"Dried Fruits;Produce","image":"candied-ginger-or-crystallized-ginger.jpg","consistency":"solid","name":"dried pineapple","nameClean":"dried pineapple","original":"½ cup dried pineapple","originalString":"½ cup dried pineapple","originalName":"dried pineapple","amount":0.5,"unit":"cup","meta":["dried"],"metaInformation":["dried"],"measures":{"us":{"amount":0.5,"unitShort":"cups","unitLong":"cups"},"metric":{"amount":118.294,"unitShort":"ml","unitLong":"milliliters"}}},{"id":1002030,"aisle":"Spices and Seasonings","image":"pepper.jpg","consistency":"solid","name":"ground pepper","nameClean":"black pepper","original":"Ground black pepper to taste","originalString":"Ground black pepper to taste","originalName":"Ground black pepper to taste","amount":4.0,"unit":"servings","meta":["black","to taste"],"metaInformation":["black","to taste"],"measures":{"us":{"amount":4.0,"unitShort":"servings","unitLong":"servings"},"metric":{"amount":4.0,"unitShort":"servings","unitLong":"servings"}}},{"id":14649,"aisle":"Gourmet","image":"fresh-hibiscus.jpg","consistency":"solid","name":"hibiscus","nameClean":"hibiscus","original":"¼ cup dried hibiscus petals","originalString":"¼ cup dried hibiscus petals","originalName":"dried hibiscus petals","amount":0.25,"unit":"cup","meta":["dried"],"metaInformation":["dried"],"measures":{"us":{"amount":0.25,"unitShort":"cups","unitLong":"cups"},"metric":{"amount":59.147,"unitShort":"ml","unitLong":"milliliters"}}},{"id":1082047,"aisle":"Spices and Seasonings","image":"salt.jpg","consistency":"solid","name":"kosher salt","nameClean":"kosher salt","original":"Kosher Salt to taste","originalString":"Kosher Salt to taste","originalName":"Kosher Salt to taste","amount":4.0,"unit":"servings","meta":["to taste"],"metaInformation":["to taste"],"measures":{"us":{"amount":4.0,"unitShort":"servings","unitLong":"servings"},"metric":{"amount":4.0,"unitShort":"servings","unitLong":"servings"}}},{"id":2047,"aisle":"Spices and Seasonings","image":"salt.jpg","consistency":"solid","name":"salt","nameClean":"salt","original":"Salt to taste","originalString":"Salt to taste","originalName":"Salt to taste","amount":4.0,"unit":"servings","meta":["to taste"],"metaInformation":["to taste"],"measures":{"us":{"amount":4.0,"unitShort":"servings","unitLong":"servings"},"metric":{"amount":4.0,"unitShort":"servings","unitLong":"servings"}}},{"id":11677,"aisle":"Produce","image":"shallots.jpg","consistency":"solid","name":"shallot","nameClean":"shallot","original":"1 Tbs. Chopped Shallot","originalString":"1 Tbs. Chopped Shallot","originalName":"Chopped Shallot","amount":1.0,"unit":"Tbs","meta":["chopped"],"metaInformation":["chopped"],"measures":{"us":{"amount":1.0,"unitShort":"Tbs","unitLong":"Tb"},"metric":{"amount":1.0,"unitShort":"Tbs","unitLong":"Tb"}}},{"id":10011457,"aisle":"Produce","image":"spinach.jpg","consistency":"solid","name":"spinach leaves","nameClean":"spinach","original":"2 cups spinach leaves","originalString":"2 cups spinach leaves","originalName":"spinach leaves","amount":2.0,"unit":"cups","meta":[],"metaInformation":[],"measures":{"us":{"amount":2.0,"unitShort":"cups","unitLong":"cups"},"metric":{"amount":473.176,"unitShort":"ml","unitLong":"milliliters"}}},{"id":19335,"aisle":"Baking","image":"sugar-in-bowl.png","consistency":"solid","name":"sugar","nameClean":"sugar","original":"2 tsp. Sugar","originalString":"2 tsp. Sugar","originalName":"Sugar","amount":2.0,"unit":"tsp","meta":[],"metaInformation":[],"measures":{"us":{"amount":2.0,"unitShort":"tsps","unitLong":"teaspoons"},"metric":{"amount":2.0,"unitShort":"tsps","unitLong":"teaspoons"}}},{"id":5696,"aisle":"Meat","image":"turkey-breast.jpg","consistency":"solid","name":"turkey breast","nameClean":"boneless turkey breast","original":"1 lobe Turkey Breast (skin on)","originalString":"1 lobe Turkey Breast (skin on)","originalName":"lobe Turkey Breast (skin on)","amount":1.0,"unit":"","meta":["(skin on)"],"metaInformation":["(skin on)"],"measures":{"us":{"amount":1.0,"unitShort":"","unitLong":""},"metric":{"amount":1.0,"unitShort":"","unitLong":""}}},{"id":1006172,"aisle":"Canned and Jarred","image":"chicken-broth.png","consistency":"liquid","name":"turkey stock","nameClean":"turkey stock","original":"2 cups turkey stock","originalString":"2 cups turkey stock","originalName":"turkey stock","amount":2.0,"unit":"cups","meta":[],"metaInformation":[],"measures":{"us":{"amount":2.0,"unitShort":"cups","unitLong":"cups"},"metric":{"amount":473.176,"unitShort":"ml","unitLong":"milliliters"}}},{"id":2053,"aisle":"Oil, Vinegar, Salad Dressing","image":"vinegar-(white).jpg","consistency":"liquid","name":"white vinegar","nameClean":"distilled white vinegar","original":"3 Tbs. white vinegar","originalString":"3 Tbs. white vinegar","originalName":"white vinegar","amount":3.0,"unit":"Tbs","meta":["white"],"metaInformation":["white"],"measures":{"us":{"amount":3.0,"unitShort":"Tbs","unitLong":"Tbs"},"metric":{"amount":3.0,"unitShort":"Tbs","unitLong":"Tbs"}}},{"id":null,"aisle":"?","image":null,"consistency":null,"name":"foil","nameClean":null,"original":"1 Large Sheet foil","originalString":"1 Large Sheet foil","originalName":"Large Sheet foil","amount":1.0,"unit":"","meta":[],"metaInformation":[],"measures":{"us":{"amount":1.0,"unitShort":"","unitLong":""},"metric":{"amount":1.0,"unitShort":"","unitLong":""}}}],"id":644828,"title":"Gluten Free Fruit Stuffed Turkey Breast with Hibiscus Sauce","readyInMinutes":45,"servings":4,"sourceUrl":"http://www.foodista.com/recipe/TG5HY8N2/gluten-free-fruit-stuffed-turkey-breast-with-hibiscus-sauce","image":"https://spoonacular.com/recipeImages/644828-556x370.jpg","imageType":"jpg","summary":"You can never have too many main course recipes, so give Gluten Free Fruit Stuffed Turkey Breast with Hibiscus Sauce a try. This recipe makes 4 servings with <b>472 calories</b>, <b>47g of protein</b>, and <b>11g of fat</b> each. For <b>$4.29 per serving</b>, this recipe <b>covers 31%</b> of your daily requirements of vitamins and minerals. If you have salt, pineapple, sugar, and a few other ingredients on hand, you can make it. To use up the salt you could follow this main course with the <a href=\"https://spoonacular.com/recipes/apple-turnovers-recipe-48175\">Apple Turnovers Recipe</a> as a dessert. It is a good option if you're following a <b>gluten free</b> diet. From preparation to the plate, this recipe takes around <b>45 minutes</b>. 8 people were impressed by this recipe. All things considered, we decided this recipe <b>deserves a spoonacular score of 79%</b>. This score is good. Try <a href=\"https://spoonacular.com/recipes/gluten-free-roast-turkey-breast-and-avocado-cream-on-a-bed-of-g-21275\">Gluten-free Roast Turkey Breast And Avocado Cream On A Bed Of G</a>, <a href=\"https://spoonacular.com/recipes/porcini-sage-roasted-turkey-breast-low-carb-gluten-free-691791\">Porcini & Sage Roasted Turkey Breast – Low Carb & Gluten Free</a>, and <a href=\"https://spoonacular.com/recipes/fig-and-stilton-stuffed-turkey-breast-with-port-sauce-75619\">Fig and Stilton-Stuffed Turkey Breast with Port Sauce</a> for similar recipes.","cuisines":[],"dishTypes":["lunch","main course","main dish","dinner"],"diets":["gluten free"],"occasions":[],"instructions":"<ol><li>For the Turkey:</li><li>Method: Preheat oven to 350 degrees.  Slit a pocket laterally in the turkey breast. Julienne the dried fruit and the spinach and mix in a bowl with the chopped shallot. Stuff the mixture into the turkey breast and season with salt and pepper, coat with the melted butter and wrap in sheet of foil. Heat a large skillet until it is very hot and place the turkey in the pan and allow to cook for about two minutes on each side or until it is golden brown on all sides (you will have to peek inside the foil to check). Place the pan in the oven and cook for 15 minutes then flip the breasts and cook for an additional 20 to 30 minutes or until a probe thermometer inserted into the middle of the breast reads 165 degrees. Remove the pan from the oven and place the pan on a cutting board and allow to rest for five minutes. Remove the turkey from the foil then carve into 1  inch thick medallions</li><li>For the sauce:</li><li>Method: In a non-reactive saucepan bring the vinegar and the sugar to a boil. Cook the mixture till the sugar begins to caramelize (Brown). Add the Stock to the mixture quickly so that the caramel does not burn then add the hibiscus flowers to the pan and bring to a low boil. Allow the mixture to reduce by  then whisk in the cornstarch with the mixture still at a low boil. Season the sauce to taste with the salt then strain the sauce through a chinoix or fine sauce strainer.</li><li>To serve: Place a 1 oz. pool of the sauce on a plate and fan the carved turkey over the sauce.</li></ol>","analyzedInstructions":[{"name":"","steps":[{"number":1,"step":"For the Turkey:Method: Preheat oven to 350 degrees.  Slit a pocket laterally in the turkey breast. Julienne the dried fruit and the spinach and mix in a bowl with the chopped shallot. Stuff the mixture into the turkey breast and season with salt and pepper, coat with the melted butter and wrap in sheet of foil.","ingredients":[{"id":1102047,"name":"salt and pepper","localizedName":"salt and pepper","image":"salt-and-pepper.jpg"},{"id":5696,"name":"turkey breast","localizedName":"turkey breast","image":"turkey-breast.jpg"},{"id":1009094,"name":"dried fruit","localizedName":"dried fruit","image":"dried-fruit-mixed.jpg"},{"id":11677,"name":"shallot","localizedName":"shallot","image":"shallots.jpg"},{"id":10011457,"name":"spinach","localizedName":"spinach","image":"spinach.jpg"},{"id":1001,"name":"butter","localizedName":"butter","image":"butter-sliced.jpg"},{"id":5165,"name":"whole turkey","localizedName":"whole turkey","image":"turkey-raw-whole.jpg"},{"id":10018364,"name":"wrap","localizedName":"wrap","image":"flour-tortilla.jpg"}],"equipment":[{"id":404783,"name":"bowl","localizedName":"bowl","image":"bowl.jpg"},{"id":404765,"name":"aluminum foil","localizedName":"aluminum foil","image":"aluminum-foil.png"},{"id":404784,"name":"oven","localizedName":"oven","image":"oven.jpg"}]},{"number":2,"step":"Heat a large skillet until it is very hot and place the turkey in the pan and allow to cook for about two minutes on each side or until it is golden brown on all sides (you will have to peek inside the foil to check).","ingredients":[{"id":5165,"name":"whole turkey","localizedName":"whole turkey","image":"turkey-raw-whole.jpg"}],"equipment":[{"id":404645,"name":"frying pan","localizedName":"frying pan","image":"pan.png"},{"id":404765,"name":"aluminum foil","localizedName":"aluminum foil","image":"aluminum-foil.png"}],"length":{"number":2,"unit":"minutes"}},{"number":3,"step":"Place the pan in the oven and cook for 15 minutes then flip the breasts and cook for an additional 20 to 30 minutes or until a probe thermometer inserted into the middle of the breast reads 165 degrees.","ingredients":[],"equipment":[{"id":404789,"name":"kitchen thermometer","localizedName":"kitchen thermometer","image":"food-thermometer.jpg"},{"id":404784,"name":"oven","localizedName":"oven","image":"oven.jpg"},{"id":404645,"name":"frying pan","localizedName":"frying pan","image":"pan.png"}],"length":{"number":35,"unit":"minutes"}},{"number":4,"step":"Remove the pan from the oven and place the pan on a cutting board and allow to rest for five minutes.","ingredients":[],"equipment":[{"id":404716,"name":"cutting board","localizedName":"cutting board","image":"cutting-board.jpg"},{"id":404784,"name":"oven","localizedName":"oven","image":"oven.jpg"},{"id":404645,"name":"frying pan","localizedName":"frying pan","image":"pan.png"}],"length":{"number":5,"unit":"minutes"}},{"number":5,"step":"Remove the turkey from the foil then carve into 1  inch thick medallions","ingredients":[{"id":5165,"name":"whole turkey","localizedName":"whole turkey","image":"turkey-raw-whole.jpg"}],"equipment":[{"id":404765,"name":"aluminum foil","localizedName":"aluminum foil","image":"aluminum-foil.png"}]},{"number":6,"step":"For the sauce:Method: In a non-reactive saucepan bring the vinegar and the sugar to a boil. Cook the mixture till the sugar begins to caramelize (Brown).","ingredients":[{"id":2053,"name":"vinegar","localizedName":"vinegar","image":"vinegar-(white).jpg"},{"id":0,"name":"sauce","localizedName":"sauce","image":""},{"id":19335,"name":"sugar","localizedName":"sugar","image":"sugar-in-bowl.png"}],"equipment":[{"id":404669,"name":"sauce pan","localizedName":"sauce pan","image":"sauce-pan.jpg"}]}]},{"name":"Add the Stock to the mixture quickly so that the caramel does not burn then add the hibiscus flowers to the pan and bring to a low boil. Allow the mixture to reduce by  then whisk in the cornstarch with the mixture still at a low boil. Season the sauce to taste with the salt then strain the sauce through a chinoix or fine sauce strainer.To serve","steps":[{"number":1,"step":"Place a 1 oz. pool of the sauce on a plate and fan the carved turkey over the sauce.","ingredients":[{"id":7081,"name":"sliced turkey","localizedName":"sliced turkey","image":"deli-turkey.jpg"},{"id":0,"name":"sauce","localizedName":"sauce","image":""}],"equipment":[]}]}],"originalId":null,"spoonacularSourceUrl":"https://spoonacular.com/gluten-free-fruit-stuffed-turkey-breast-with-hibiscus-sauce-644828"},{"vegetarian":false,"vegan":false,"glutenFree":true,"dairyFree":false,"veryHealthy":false,"cheap":false,"veryPopular":false,"sustainable":false,"weightWatcherSmartPoints":57,"gaps":"no","lowFodmap":false,"aggregateLikes":11,"spoonacularScore":82.0,"healthScore":35.0,"creditsText":"Foodista.com – The Cooking Encyclopedia Everyone Can Edit","license":"CC BY 3.0","sourceName":"Foodista","pricePerServing":418.37,"extendedIngredients":[{"id":10010088,"aisle":"Meat","image":"raw-pork-ribs.jpg","consistency":"solid","name":"pork spare ribs","nameClean":"pork spare ribs","original":"2 lbs. pork spare ribs","originalString":"2 lbs. pork spare ribs","originalName":"pork spare ribs","amount":2.0,"unit":"lbs","meta":[],"metaInformation":[],"measures":{"us":{"amount":2.0,"unitShort":"lb","unitLong":"pounds"},"metric":{"amount":907.185,"unitShort":"g","unitLong":"grams"}}},{"id":1001,"aisle":"Milk, Eggs, Other Dairy","image":"butter-sliced.jpg","consistency":"solid","name":"butter","nameClean":"butter","original":"1 Tbsp. butter","originalString":"1 Tbsp. butter","originalName":"butter","amount":1.0,"unit":"Tbsp","meta":[],"metaInformation":[],"measures":{"us":{"amount":1.0,"unitShort":"Tbsp","unitLong":"Tbsp"},"metric":{"amount":1.0,"unitShort":"Tbsp","unitLong":"Tbsp"}}},{"id":11282,"aisle":"Produce","image":"brown-onion.png","consistency":"solid","name":"onions","nameClean":"onion","original":"2 onions, diced","originalString":"2 onions, diced","originalName":"onions, diced","amount":2.0,"unit":"","meta":["diced"],"metaInformation":["diced"],"measures":{"us":{"amount":2.0,"unitShort":"","unitLong":""},"metric":{"amount":2.0,"unitShort":"","unitLong":""}}},{"id":11935,"aisle":"Condiments","image":"ketchup.png","consistency":"liquid","name":"ketchup","nameClean":"ketchup","original":"¾ cup ketchup","originalString":"¾ cup ketchup","originalName":"ketchup","amount":0.75,"unit":"cup","meta":[],"metaInformation":[],"measures":{"us":{"amount":0.75,"unitShort":"cups","unitLong":"cups"},"metric":{"amount":177.441,"unitShort":"ml","unitLong":"milliliters"}}},{"id":6150,"aisle":"Condiments","image":"barbecue-sauce.jpg","consistency":"solid","name":"barbecue sauce","nameClean":"barbecue sauce","original":"¼ cup barbecue sauce","originalString":"¼ cup barbecue sauce","originalName":"barbecue sauce","amount":0.25,"unit":"cup","meta":[],"metaInformation":[],"measures":{"us":{"amount":0.25,"unitShort":"cups","unitLong":"cups"},"metric":{"amount":59.147,"unitShort":"ml","unitLong":"milliliters"}}},{"id":2053,"aisle":"Oil, Vinegar, Salad Dressing","image":"vinegar-(white).jpg","consistency":"liquid","name":"white vinegar","nameClean":"distilled white vinegar","original":"½ cup white vinegar","originalString":"½ cup white vinegar","originalName":"white vinegar","amount":0.5,"unit":"cup","meta":["white"],"metaInformation":["white"],"measures":{"us":{"amount":0.5,"unitShort":"cups","unitLong":"cups"},"metric":{"amount":118.294,"unitShort":"ml","unitLong":"milliliters"}}},{"id":10019334,"aisle":"Baking","image":"dark-brown-sugar.png","consistency":"solid","name":"dark brown sugar","nameClean":"dark brown sugar","original":"2 Tbsp. dark brown sugar","originalString":"2 Tbsp. dark brown sugar","originalName":"dark brown sugar","amount":2.0,"unit":"Tbsp","meta":["dark"],"metaInformation":["dark"],"measures":{"us":{"amount":2.0,"unitShort":"Tbsps","unitLong":"Tbsps"},"metric":{"amount":2.0,"unitShort":"Tbsps","unitLong":"Tbsps"}}},{"id":1002024,"aisle":"Spices and Seasonings","image":"dry-mustard.jpg","consistency":"solid","name":"mustard powder","nameClean":"mustard powder","original":"½ Tsp. dry mustard powder","originalString":"½ Tsp. dry mustard powder","originalName":"dry mustard powder","amount":0.5,"unit":"Tsp","meta":["dry"],"metaInformation":["dry"],"measures":{"us":{"amount":0.5,"unitShort":"tsps","unitLong":"teaspoons"},"metric":{"amount":0.5,"unitShort":"tsps","unitLong":"teaspoons"}}},{"id":1022020,"aisle":"Spices and Seasonings","image":"garlic-powder.png","consistency":"solid","name":"garlic powder","nameClean":"garlic powder","original":"1 Tsp. garlic powder","originalString":"1 Tsp. garlic powder","originalName":"garlic powder","amount":1.0,"unit":"Tsp","meta":[],"metaInformation":[],"measures":{"us":{"amount":1.0,"unitShort":"tsp","unitLong":"teaspoon"},"metric":{"amount":1.0,"unitShort":"tsp","unitLong":"teaspoon"}}},{"id":6971,"aisle":"Condiments","image":"dark-sauce.jpg","consistency":"liquid","name":"worcestershire sauce","nameClean":"worcestershire sauce","original":"2 Tbsp. Worcestershire sauce","originalString":"2 Tbsp. Worcestershire sauce","originalName":"Worcestershire sauce","amount":2.0,"unit":"Tbsp","meta":[],"metaInformation":[],"measures":{"us":{"amount":2.0,"unitShort":"Tbsps","unitLong":"Tbsps"},"metric":{"amount":2.0,"unitShort":"Tbsps","unitLong":"Tbsps"}}},{"id":1102047,"aisle":"Spices and Seasonings","image":"salt-and-pepper.jpg","consistency":"solid","name":"salt and pepper","nameClean":"salt and pepper","original":"salt and pepper to taste","originalString":"salt and pepper to taste","originalName":"salt and pepper to taste","amount":1.0,"unit":"serving","meta":["to taste"],"metaInformation":["to taste"],"measures":{"us":{"amount":1.0,"unitShort":"serving","unitLong":"serving"},"metric":{"amount":1.0,"unitShort":"serving","unitLong":"serving"}}}],"id":662442,"title":"Sweet and Sour BBQ Spare Ribs","readyInMinutes":45,"servings":2,"sourceUrl":"https://www.foodista.com/recipe/WKRKBQCW/sweet-and-sour-bbq-spare-ribs","image":"https://spoonacular.com/recipeImages/662442-556x370.jpg","imageType":"jpg","summary":"Sweet and Sour BBQ Spare Ribs is a main course that serves 2. Watching your figure? This gluten free recipe has <b>1592 calories</b>, <b>73g of protein</b>, and <b>113g of fat</b> per serving. For <b>$4.18 per serving</b>, this recipe <b>covers 45%</b> of your daily requirements of vitamins and minerals. A few people made this recipe, and 11 would say it hit the spot. If you have pork spare ribs, worcestershire sauce, mustard powder, and a few other ingredients on hand, you can make it. From preparation to the plate, this recipe takes roughly <b>roughly 45 minutes</b>. It is brought to you by Foodista. Taking all factors into account, this recipe <b>earns a spoonacular score of 82%</b>, which is super. <a href=\"https://spoonacular.com/recipes/dinner-tonight-sweet-and-sour-spare-ribs-207751\">Dinner Tonight: Sweet and Sour Spare Ribs</a>, <a href=\"https://spoonacular.com/recipes/chinese-takeout-style-sweet-and-sour-spare-ribs-202918\">Chinese Takeout-Style Sweet and Sour Spare Ribs</a>, and <a href=\"https://spoonacular.com/recipes/tequila-bbq-spare-ribs-323937\">Tequila BBQ Spare Ribs</a> are very similar to this recipe.","cuisines":[],"dishTypes":["lunch","main course","main dish","dinner"],"diets":["gluten free"],"occasions":[],"instructions":"Preheat oven to 250\nIn a bowl, whisk together ketchup, barbecue sauce, vinegar, brown sugar, mustard powder, garlic powder, and Worcestershire sauce. Salt and pepper to taste. Set aside.\nIn a large skillet, melt butter over medium high heat. Add ribs and brown on both sides. Place ribs, meat side down, in a 913 inch baking pan. Add diced onions to dish and cover with sauce.\nCover baking dish with tin foil and bake in the oven for 4  4  hours until meat is tender and easily falls off the bone.\nserves 2-3","analyzedInstructions":[{"name":"","steps":[{"number":1,"step":"Preheat oven to 250","ingredients":[],"equipment":[{"id":404784,"name":"oven","localizedName":"oven","image":"oven.jpg"}]},{"number":2,"step":"In a bowl, whisk together ketchup, barbecue sauce, vinegar, brown sugar, mustard powder, garlic powder, and Worcestershire sauce. Salt and pepper to taste. Set aside.","ingredients":[{"id":6971,"name":"worcestershire sauce","localizedName":"worcestershire sauce","image":"dark-sauce.jpg"},{"id":1102047,"name":"salt and pepper","localizedName":"salt and pepper","image":"salt-and-pepper.jpg"},{"id":6150,"name":"barbecue sauce","localizedName":"barbecue sauce","image":"barbecue-sauce.jpg"},{"id":1002024,"name":"mustard powder","localizedName":"mustard powder","image":"dry-mustard.jpg"},{"id":1022020,"name":"garlic powder","localizedName":"garlic powder","image":"garlic-powder.png"},{"id":19334,"name":"brown sugar","localizedName":"brown sugar","image":"dark-brown-sugar.png"},{"id":11935,"name":"ketchup","localizedName":"ketchup","image":"ketchup.png"},{"id":2053,"name":"vinegar","localizedName":"vinegar","image":"vinegar-(white).jpg"}],"equipment":[{"id":404661,"name":"whisk","localizedName":"whisk","image":"whisk.png"},{"id":404783,"name":"bowl","localizedName":"bowl","image":"bowl.jpg"}]},{"number":3,"step":"In a large skillet, melt butter over medium high heat.","ingredients":[{"id":1001,"name":"butter","localizedName":"butter","image":"butter-sliced.jpg"}],"equipment":[{"id":404645,"name":"frying pan","localizedName":"frying pan","image":"pan.png"}]},{"number":4,"step":"Add ribs and brown on both sides.","ingredients":[{"id":23236,"name":"ribs","localizedName":"ribs","image":"ribs.png"}],"equipment":[]},{"number":5,"step":"Place ribs, meat side down, in a 913 inch baking pan.","ingredients":[{"id":1065062,"name":"meat","localizedName":"meat","image":"whole-chicken.jpg"},{"id":23236,"name":"ribs","localizedName":"ribs","image":"ribs.png"}],"equipment":[{"id":404646,"name":"baking pan","localizedName":"baking pan","image":"roasting-pan.jpg"}]},{"number":6,"step":"Add diced onions to dish and cover with sauce.","ingredients":[{"id":11282,"name":"onion","localizedName":"onion","image":"brown-onion.png"},{"id":0,"name":"sauce","localizedName":"sauce","image":""}],"equipment":[]},{"number":7,"step":"Cover baking dish with tin foil and bake in the oven for 4  4  hours until meat is tender and easily falls off the bone.","ingredients":[{"id":0,"name":"bone","localizedName":"bone","image":""},{"id":1065062,"name":"meat","localizedName":"meat","image":"whole-chicken.jpg"}],"equipment":[{"id":404646,"name":"baking pan","localizedName":"baking pan","image":"roasting-pan.jpg"},{"id":404784,"name":"oven","localizedName":"oven","image":"oven.jpg"},{"id":404765,"name":"aluminum foil","localizedName":"aluminum foil","image":"aluminum-foil.png"}]},{"number":8,"step":"serves 2-3","ingredients":[],"equipment":[]}]}],"originalId":null,"spoonacularSourceUrl":"https://spoonacular.com/sweet-and-sour-bbq-spare-ribs-662442"},{"vegetarian":false,"vegan":false,"glutenFree":false,"dairyFree":true,"veryHealthy":false,"cheap":false,"veryPopular":false,"sustainable":false,"weightWatcherSmartPoints":5,"gaps":"no","lowFodmap":false,"aggregateLikes":98,"spoonacularScore":39.0,"healthScore":3.0,"creditsText":"Foodista.com – The Cooking Encyclopedia Everyone Can Edit","license":"CC BY 3.0","sourceName":"Foodista","pricePerServing":88.46,"extendedIngredients":[{"id":93801,"aisle":"Oil, Vinegar, Salad Dressing;Spices and Seasonings","image":"hollandaise-sauce.jpg","consistency":"solid","name":"hollandaise sauce","nameClean":"hollandaise sauce","original":"1 package Knorr Hollandaise Sauce, prepared according to package directions (or see notes in About section for a homemade version)","originalString":"1 package Knorr Hollandaise Sauce, prepared according to package directions (or see notes in About section for a homemade version)","originalName":"Knorr Hollandaise Sauce, prepared according to package directions (or see notes in About section for a homemade version)","amount":1.0,"unit":"package","meta":["homemade","prepared","for a  version)"],"metaInformation":["homemade","prepared","for a  version)"],"measures":{"us":{"amount":1.0,"unitShort":"pkg","unitLong":"package"},"metric":{"amount":1.0,"unitShort":"pkg","unitLong":"package"}}},{"id":10130,"aisle":"Meat","image":"canadian-bacon.png","consistency":"solid","name":"canadian bacon","nameClean":"canadian bacon","original":"4 Slices Canadian Bacon or ham","originalString":"4 Slices Canadian Bacon or ham","originalName":"Canadian Bacon or ham","amount":4.0,"unit":"Slices","meta":[],"metaInformation":[],"measures":{"us":{"amount":4.0,"unitShort":"slice","unitLong":"slices"},"metric":{"amount":4.0,"unitShort":"slice","unitLong":"slices"}}},{"id":18439,"aisle":"Bakery/Bread","image":"English-muffins.jpg","consistency":"solid","name":"english muffins","nameClean":"english muffin","original":"2 English Muffins","originalString":"2 English Muffins","originalName":"English Muffins","amount":2.0,"unit":"","meta":["english"],"metaInformation":["english"],"measures":{"us":{"amount":2.0,"unitShort":"","unitLong":""},"metric":{"amount":2.0,"unitShort":"","unitLong":""}}},{"id":2053,"aisle":"Oil, Vinegar, Salad Dressing","image":"vinegar-(white).jpg","consistency":"liquid","name":"white vinegar","nameClean":"distilled white vinegar","original":"1/2 teaspoon white vinegar (optional)","originalString":"1/2 teaspoon white vinegar (optional)","originalName":"white vinegar (optional)","amount":0.5,"unit":"teaspoon","meta":["white"],"metaInformation":["white"],"measures":{"us":{"amount":0.5,"unitShort":"tsps","unitLong":"teaspoons"},"metric":{"amount":0.5,"unitShort":"tsps","unitLong":"teaspoons"}}},{"id":1123,"aisle":"Milk, Eggs, Other Dairy","image":"egg.png","consistency":"solid","name":"eggs","nameClean":"egg","original":"4 Eggs","originalString":"4 Eggs","originalName":"Eggs","amount":4.0,"unit":"","meta":[],"metaInformation":[],"measures":{"us":{"amount":4.0,"unitShort":"","unitLong":""},"metric":{"amount":4.0,"unitShort":"","unitLong":""}}}],"id":639594,"title":"Classic Eggs Benedict","readyInMinutes":45,"servings":4,"sourceUrl":"https://www.foodista.com/recipe/5VF7K8CP/eggs-benedict","image":"https://spoonacular.com/recipeImages/639594-556x370.jpg","imageType":"jpg","summary":"Classic Eggs Benedict is an American recipe that serves 4. One serving contains <b>198 calories</b>, <b>14g of protein</b>, and <b>9g of fat</b>. For <b>88 cents per serving</b>, this recipe <b>covers 9%</b> of your daily requirements of vitamins and minerals. It is a good option if you're following a <b>dairy free</b> diet. A few people really liked this breakfast. This recipe from Foodista has 98 fans. A mixture of knorr hollandaise sauce, canadian bacon, eggs, and a handful of other ingredients are all it takes to make this recipe so yummy. From preparation to the plate, this recipe takes about <b>about 45 minutes</b>. With a spoonacular <b>score of 37%</b>, this dish is not so excellent. Similar recipes include <a href=\"https://spoonacular.com/recipes/classic-eggs-benedict-163878\">Classic Eggs Benedict</a>, <a href=\"https://spoonacular.com/recipes/classic-eggs-benedict-78160\">Classic Eggs Benedict</a>, and <a href=\"https://spoonacular.com/recipes/classic-eggs-benedict-21114\">Classic Eggs Benedict</a>.","cuisines":["American"],"dishTypes":["morning meal","brunch","breakfast"],"diets":["dairy free"],"occasions":[],"instructions":"Prepare Knorr Hollandaise Sauce according to package instructions.\nBrown Canadian Bacon in a frying pan and toast English muffins. While bacon is cooking, poach the eggs.\nFill a medium sized sauce pan half way with water. Add 1/2 teaspoon of white vinegar (this is optional but the vinegar helps hold the egg together). Bring to a gentle boil and carefully add eggs (1-2 at a time works best). Poach eggs for 2-3 minutes or until yolk has set to your preference. Remove eggs one at a time with a slotted spoon.\nLayer ingredients as follows: English muffin, Canadian Bacon, Eggs, Hollandaise Sauce.","analyzedInstructions":[{"name":"","steps":[{"number":1,"step":"Prepare Knorr Hollandaise Sauce according to package instructions.","ingredients":[{"id":93801,"name":"hollandaise sauce","localizedName":"hollandaise sauce","image":"hollandaise-sauce.jpg"}],"equipment":[]},{"number":2,"step":"Brown Canadian Bacon in a frying pan and toast English muffins. While bacon is cooking, poach the eggs.","ingredients":[{"id":18439,"name":"english muffin","localizedName":"english muffin","image":"English-muffins.jpg"},{"id":10130,"name":"canadian bacon","localizedName":"canadian bacon","image":"canadian-bacon.png"},{"id":10123,"name":"bacon","localizedName":"bacon","image":"raw-bacon.png"},{"id":18070,"name":"toast","localizedName":"toast","image":"toast"},{"id":1123,"name":"egg","localizedName":"egg","image":"egg.png"}],"equipment":[{"id":404645,"name":"frying pan","localizedName":"frying pan","image":"pan.png"}]},{"number":3,"step":"Fill a medium sized sauce pan half way with water.","ingredients":[{"id":0,"name":"sauce","localizedName":"sauce","image":""},{"id":14412,"name":"water","localizedName":"water","image":"water.png"}],"equipment":[{"id":404669,"name":"sauce pan","localizedName":"sauce pan","image":"sauce-pan.jpg"}]},{"number":4,"step":"Add 1/2 teaspoon of white vinegar (this is optional but the vinegar helps hold the egg together). Bring to a gentle boil and carefully add eggs (1-2 at a time works best). Poach eggs for 2-3 minutes or until yolk has set to your preference.","ingredients":[{"id":2053,"name":"distilled white vinegar","localizedName":"distilled white vinegar","image":"vinegar-(white).jpg"},{"id":2053,"name":"vinegar","localizedName":"vinegar","image":"vinegar-(white).jpg"},{"id":1123,"name":"egg","localizedName":"egg","image":"egg.png"},{"id":1125,"name":"egg yolk","localizedName":"egg yolk","image":"egg-yolk.jpg"}],"equipment":[],"length":{"number":3,"unit":"minutes"}},{"number":5,"step":"Remove eggs one at a time with a slotted spoon.","ingredients":[{"id":1123,"name":"egg","localizedName":"egg","image":"egg.png"}],"equipment":[{"id":404636,"name":"slotted spoon","localizedName":"slotted spoon","image":"slotted-spoon.jpg"}]},{"number":6,"step":"Layer ingredients as follows: English muffin, Canadian Bacon, Eggs, Hollandaise Sauce.","ingredients":[{"id":93801,"name":"hollandaise sauce","localizedName":"hollandaise sauce","image":"hollandaise-sauce.jpg"},{"id":10130,"name":"canadian bacon","localizedName":"canadian bacon","image":"canadian-bacon.png"},{"id":18439,"name":"english muffin","localizedName":"english muffin","image":"English-muffins.jpg"},{"id":1123,"name":"egg","localizedName":"egg","image":"egg.png"}],"equipment":[]}]}],"originalId":null,"spoonacularSourceUrl":"https://spoonacular.com/classic-eggs-benedict-639594"}]}