{"recipes":[{"vegetarian":false,"vegan":false,"glutenFree":true,"dairyFree":true,"veryHealthy":false,"cheap":false,"veryPopular":false,"sustainable":false,"weightWatcherSmartPoints":44,"gaps":"no","lowFodmap":false,"aggregateLikes":6,"spoonacularScore":73.0,"healthScore":23.0,"creditsText":"Foodista.com – The Cooking Encyclopedia Everyone Can Edit","license":"CC BY 3.0","sourceName":"Foodista","pricePerServing":228.79,"extendedIngredients":[{"id":19350,"aisle":"Baking","image":"corn-syrup.png","consistency":"solid","name":"corn syrup","nameClean":"corn syrup","original":"1 teaspoon light corn syrup","originalString":"1 teaspoon light corn syrup","originalName":"light corn syrup","amount":1.0,"unit":"teaspoon","meta":["light"],"metaInformation":["light"],"measures":{"us":{"amount":1.0,"unitShort":"tsp","unitLong":"teaspoon"},"metric":{"amount":1.0,"unitShort":"tsp","unitLong":"teaspoon"}}},{"id":5139,"aisle":"Meat","image":"duck.png","consistency":"solid","name":"duck","nameClean":"whole duck","original":"1 (8 -10 lb.) Duck","originalString":"1 (8 -10 lb.) Duck","originalName":"Duck","amount":8.0,"unit":"lb","meta":[],"metaInformation":[],"measures":{"us":{"amount":8.0,"unitShort":"lb","unitLong":"pounds"},"metric":{"amount":3.629,"unitShort":"kilogram","unitLong":"kilograms"}}},{"id":1002002,"aisle":"Ethnic Foods;Spices and Seasonings","image":"chinese-five-spice-powder.png","consistency":"solid","name":"five spice powder","nameClean":"chinese five spice","original":"1/4 teaspoon five spice powder","originalString":"1/4 teaspoon five spice powder","originalName":"five spice powder","amount":0.25,"unit":"teaspoon","meta":[],"metaInformation":[],"measures":{"us":{"amount":0.25,"unitShort":"tsps","unitLong":"teaspoons"},"metric":{"amount":0.25,"unitShort":"tsps","unitLong":"teaspoons"}}},{"id":6175,"aisle":"Ethnic Foods","image":"dark-sauce.jpg","consistency":"solid","name":"hoisin sauce","nameClean":"hoisin sauce","original":"Hoisin sauce","originalString":"Hoisin sauce","originalName":"Hoisin sauce","amount":12.0,"unit":"servings","meta":[],"metaInformation":[],"measures":{"us":{"amount":12.0,"unitShort":"servings","unitLong":"servings"},"metric":{"amount":12.0,"unitShort":"servings","unitLong":"servings"}}},{"id":19296,"aisle":"Nut butters, Jams, and Honey","image":"honey.png","consistency":"liquid","name":"honey","nameClean":"honey","original":"1 teaspoon honey","originalString":"1 teaspoon honey","originalName":"honey","amount":1.0,"unit":"teaspoon","meta":[],"metaInformation":[],"measures":{"us":{"amount":1.0,"unitShort":"tsp","unitLong":"teaspoon"},"metric":{"amount":1.0,"unitShort":"tsp","unitLong":"teaspoon"}}},{"id":1022053,"aisle":"Ethnic Foods;Oil, Vinegar, Salad Dressing","image":"rice-vinegar.png","consistency":"liquid","name":"rice wine vinegar","nameClean":"rice vinegar","original":"1 teaspoon rice wine vinegar","originalString":"1 teaspoon rice wine vinegar","originalName":"rice wine vinegar","amount":1.0,"unit":"teaspoon","meta":[],"metaInformation":[],"measures":{"us":{"amount":1.0,"unitShort":"tsp","unitLong":"teaspoon"},"metric":{"amount":1.0,"unitShort":"tsp","unitLong":"teaspoon"}}},{"id":2047,"aisle":"Spices and Seasonings","image":"salt.jpg","consistency":"solid","name":"salt","nameClean":"salt","original":"2 teaspoons salt","originalString":"2 teaspoons salt","originalName":"salt","amount":2.0,"unit":"teaspoons","meta":[],"metaInformation":[],"measures":{"us":{"amount":2.0,"unitShort":"tsps","unitLong":"teaspoons"},"metric":{"amount":2.0,"unitShort":"tsps","unitLong":"teaspoons"}}},{"id":11291,"aisle":"Produce","image":"spring-onions.jpg","consistency":"solid","name":"scallions","nameClean":"spring onions","original":"Scallions","originalString":"Scallions","originalName":"Scallions","amount":12.0,"unit":"servings","meta":[],"metaInformation":[],"measures":{"us":{"amount":12.0,"unitShort":"servings","unitLong":"servings"},"metric":{"amount":12.0,"unitShort":"servings","unitLong":"servings"}}},{"id":14412,"aisle":"Beverages","image":"water.png","consistency":"liquid","name":"water","nameClean":"water","original":"1 gallon boiling water","originalString":"1 gallon boiling water","originalName":"boiling water","amount":1.0,"unit":"gallon","meta":["boiling"],"metaInformation":["boiling"],"measures":{"us":{"amount":1.0,"unitShort":"gallon","unitLong":"gallon"},"metric":{"amount":1.0,"unitShort":"gallon","unitLong":"gallon"}}},{"id":2032,"aisle":"Spices and Seasonings","image":"white-pepper.png","consistency":"solid","name":"white pepper","nameClean":"white pepper","original":"1/4 teaspoon white pepper","originalString":"1/4 teaspoon white pepper","originalName":"white pepper","amount":0.25,"unit":"teaspoon","meta":["white"],"metaInformation":["white"],"measures":{"us":{"amount":0.25,"unitShort":"tsps","unitLong":"teaspoons"},"metric":{"amount":0.25,"unitShort":"tsps","unitLong":"teaspoons"}}}],"id":631888,"title":"A Christmas With Peking Duck","readyInMinutes":45,"servings":12,"sourceUrl":"http://www.foodista.com/recipe/3NYBNQQD/a-christmas-with-peking-duck","image":"https://spoonacular.com/recipeImages/631888-556x370.jpg","imageType":"jpg","summary":"Need a <b>gluten free and dairy free main course</b>? A Christmas With Peking Duck could be a super recipe to try. For <b>$2.29 per serving</b>, this recipe <b>covers 24%</b> of your daily requirements of vitamins and minerals. This recipe makes 12 servings with <b>1230 calories</b>, <b>35g of protein</b>, and <b>119g of fat</b> each. From preparation to the plate, this recipe takes roughly <b>45 minutes</b>. It will be a hit at your <b>Christmas</b> event. 5 people have made this recipe and would make it again. A mixture of corn syrup, scallions, water, and a handful of other ingredients are all it takes to make this recipe so tasty. To use up the salt you could follow this main course with the <a href=\"https://spoonacular.com/recipes/apple-turnovers-recipe-48175\">Apple Turnovers Recipe</a> as a dessert. All things considered, we decided this recipe <b>deserves a spoonacular score of 74%</b>. This score is pretty good. Try <a href=\"https://spoonacular.com/recipes/peking-duck-166665\">Peking Duck</a>, <a href=\"https://spoonacular.com/recipes/peking-duck-702595\">Peking Duck</a>, and <a href=\"https://spoonacular.com/recipes/peking-duck-74687\">Peking Duck</a> for similar recipes.","cuisines":["Chinese","Asian"],"dishTypes":["lunch","main course","main dish","dinner"],"diets":["gluten free","dairy free"],"occasions":["christmas"],"instructions":"<ol><li>Rinse duck and remove innards. Cut skin around neck and remove tail.</li><li>Hang duck neck-side-up over a large pot. Boil water.</li><li>Pour boiling water over the duck until skin is puffed up. Remove boiled water from pot.</li><li>Combine salt, white pepper, five spice powder and 2 tsp of hoison sauce.</li><li>Brush mixture on the outside and inside of the duck to marinate it.</li><li>Let mixture dry - about 2 hours.</li><li>Combine corn syrup, honey, rice vinegar and brush outside of the duck. Let duck air dry for 12-24 hours.</li><li>Preheat oven to 450 degrees. Roast duck for 40 minutes.</li><li>Let meat rest for 15 minutes after cooking. Cut the meat into thin slices and enjoy. Serve with Bao, Chinese pan cakes add hosin sauce and scallions.</li></ol>","analyzedInstructions":[{"name":"","steps":[{"number":1,"step":"Rinse duck and remove innards.","ingredients":[{"id":5139,"name":"whole duck","localizedName":"whole duck","image":"duck.png"}],"equipment":[]},{"number":2,"step":"Cut skin around neck and remove tail.Hang duck neck-side-up over a large pot. Boil water.","ingredients":[{"id":14412,"name":"water","localizedName":"water","image":"water.png"},{"id":5139,"name":"whole duck","localizedName":"whole duck","image":"duck.png"}],"equipment":[{"id":404752,"name":"pot","localizedName":"pot","image":"stock-pot.jpg"}]},{"number":3,"step":"Pour boiling water over the duck until skin is puffed up.","ingredients":[{"id":14412,"name":"water","localizedName":"water","image":"water.png"},{"id":5139,"name":"whole duck","localizedName":"whole duck","image":"duck.png"}],"equipment":[]},{"number":4,"step":"Remove boiled water from pot.","ingredients":[{"id":14412,"name":"water","localizedName":"water","image":"water.png"}],"equipment":[{"id":404752,"name":"pot","localizedName":"pot","image":"stock-pot.jpg"}]},{"number":5,"step":"Combine salt, white pepper, five spice powder and 2 tsp of hoison sauce.","ingredients":[{"id":1002002,"name":"chinese five spice","localizedName":"chinese five spice","image":"chinese-five-spice-powder.png"},{"id":2032,"name":"white pepper","localizedName":"white pepper","image":"white-pepper.png"},{"id":0,"name":"sauce","localizedName":"sauce","image":""},{"id":2047,"name":"salt","localizedName":"salt","image":"salt.jpg"}],"equipment":[]},{"number":6,"step":"Brush mixture on the outside and inside of the duck to marinate it.","ingredients":[{"id":5139,"name":"whole duck","localizedName":"whole duck","image":"duck.png"}],"equipment":[]},{"number":7,"step":"Let mixture dry - about 2 hours.","ingredients":[],"equipment":[],"length":{"number":120,"unit":"minutes"}},{"number":8,"step":"Combine corn syrup, honey, rice vinegar and brush outside of the duck.","ingredients":[{"id":1022053,"name":"rice vinegar","localizedName":"rice vinegar","image":"rice-vinegar.png"},{"id":19350,"name":"corn syrup","localizedName":"corn syrup","image":"corn-syrup.png"},{"id":19296,"name":"honey","localizedName":"honey","image":"honey.png"},{"id":5139,"name":"whole duck","localizedName":"whole duck","image":"duck.png"}],"equipment":[]},{"number":9,"step":"Let duck air dry for 12-24 hours.Preheat oven to 450 degrees. Roast duck for 40 minutes.","ingredients":[{"id":5139,"name":"whole duck","localizedName":"whole duck","image":"duck.png"}],"equipment":[{"id":404784,"name":"oven","localizedName":"oven","image":"oven.jpg"}],"length":{"number":1480,"unit":"minutes"}},{"number":10,"step":"Let meat rest for 15 minutes after cooking.","ingredients":[{"id":1065062,"name":"meat","localizedName":"meat","image":"whole-chicken.jpg"}],"equipment":[],"length":{"number":15,"unit":"minutes"}},{"number":11,"step":"Cut the meat into thin slices and enjoy.","ingredients":[{"id":1065062,"name":"meat","localizedName":"meat","image":"whole-chicken.jpg"}],"equipment":[]},{"number":12,"step":"Serve with Bao, Chinese pan cakes add hosin sauce and scallions.","ingredients":[{"id":11291,"name":"green onions","localizedName":"green onions","image":"spring-onions.jpg"},{"id":0,"name":"sauce","localizedName":"sauce","image":""}],"equipment":[{"id":404645,"name":"frying pan","localizedName":"frying pan","image":"pan.png"}]}]}],"originalId":null,"spoonacularSourceUrl":"https://spoonacular.com/a-christmas-with-peking-duck-631888"}]}