{"recipes":[{"vegetarian":false,"vegan":false,"glutenFree":false,"dairyFree":false,"veryHealthy":false,"cheap":false,"veryPopular":false,"sustainable":false,"weightWatcherSmartPoints":5,"gaps":"no","lowFodmap":false,"aggregateLikes":15,"spoonacularScore":22.0,"healthScore":1.0,"creditsText":"Foodista.com – The Cooking Encyclopedia Everyone Can Edit","license":"CC BY 3.0","sourceName":"Foodista","pricePerServing":22.08,"extendedIngredients":[{"id":18009,"aisle":"Frozen","image":"buttermilk-biscuits.jpg","consistency":"solid","name":"buttermilk biscuits","nameClean":"buttermilk biscuits","original":"1 tube (12 ounces) refrigerated buttermilk biscuits ( I used Pillsbury Golden Layers Refrigerated","originalString":"1 tube (12 ounces) refrigerated buttermilk biscuits ( I used Pillsbury Golden Layers Refrigerated","originalName":"tube refrigerated buttermilk biscuits ( I used Pillsbury Golden Layers Refrigerated","amount":12.0,"unit":"ounces","meta":["refrigerated"],"metaInformation":["refrigerated"],"measures":{"us":{"amount":12.0,"unitShort":"oz","unitLong":"ounces"},"metric":{"amount":340.194,"unitShort":"g","unitLong":"grams"}}},{"id":4582,"aisle":"Oil, Vinegar, Salad Dressing","image":"vegetable-oil.jpg","consistency":"liquid","name":"canola oil","nameClean":"cooking oil","original":"1/4 cup canola oil","originalString":"1/4 cup canola oil","originalName":"canola oil","amount":0.25,"unit":"cup","meta":[],"metaInformation":[],"measures":{"us":{"amount":0.25,"unitShort":"cups","unitLong":"cups"},"metric":{"amount":59.147,"unitShort":"ml","unitLong":"milliliters"}}},{"id":2029,"aisle":"Spices and Seasonings","image":"dried-parsley.png","consistency":"solid","name":"dried parsley flakes","nameClean":"dried parsley","original":"1 teaspoon dried parsley flakes","originalString":"1 teaspoon dried parsley flakes","originalName":"dried parsley flakes","amount":1.0,"unit":"teaspoon","meta":["dried"],"metaInformation":["dried"],"measures":{"us":{"amount":1.0,"unitShort":"tsp","unitLong":"teaspoon"},"metric":{"amount":1.0,"unitShort":"tsp","unitLong":"teaspoon"}}},{"id":1022020,"aisle":"Spices and Seasonings","image":"garlic-powder.png","consistency":"solid","name":"garlic powder","nameClean":"garlic powder","original":"1/2 teaspoon garlic powder","originalString":"1/2 teaspoon garlic powder","originalName":"garlic powder","amount":0.5,"unit":"teaspoon","meta":[],"metaInformation":[],"measures":{"us":{"amount":0.5,"unitShort":"tsps","unitLong":"teaspoons"},"metric":{"amount":0.5,"unitShort":"tsps","unitLong":"teaspoons"}}},{"id":2027,"aisle":"Produce;Spices and Seasonings","image":"oregano.jpg","consistency":"solid","name":"oregano","nameClean":"oregano","original":"1 teaspoon dried oregano","originalString":"1 teaspoon dried oregano","originalName":"dried oregano","amount":1.0,"unit":"teaspoon","meta":["dried"],"metaInformation":["dried"],"measures":{"us":{"amount":1.0,"unitShort":"tsp","unitLong":"teaspoon"},"metric":{"amount":1.0,"unitShort":"tsp","unitLong":"teaspoon"}}},{"id":1033,"aisle":"Cheese","image":"parmesan.jpg","consistency":"solid","name":"parmesan cheese","nameClean":"parmesan","original":"3 tablespoons grated Parmesan cheese (I did use the green can stuff)","originalString":"3 tablespoons grated Parmesan cheese (I did use the green can stuff)","originalName":"grated Parmesan cheese (I did use the green can stuff)","amount":3.0,"unit":"tablespoons","meta":["green","grated","canned","(I did use the can stuff)"],"metaInformation":["green","grated","canned","(I did use the can stuff)"],"measures":{"us":{"amount":3.0,"unitShort":"Tbsps","unitLong":"Tbsps"},"metric":{"amount":3.0,"unitShort":"Tbsps","unitLong":"Tbsps"}}}],"id":642054,"title":"Easy Parmesan Knots","readyInMinutes":45,"servings":10,"sourceUrl":"http://www.foodista.com/recipe/KMKHNJX2/easy-parmesan-knots","image":"https://spoonacular.com/recipeImages/642054-556x370.jpg","imageType":"jpg","summary":"Easy Parmesan Knots might be just the side dish you are searching for. For <b>22 cents per serving</b>, this recipe <b>covers 4%</b> of your daily requirements of vitamins and minerals. One serving contains <b>181 calories</b>, <b>3g of protein</b>, and <b>12g of fat</b>. A few people made this recipe, and 15 would say it hit the spot. A mixture of buttermilk biscuits, parmesan cheese, parsley flakes, and a handful of other ingredients are all it takes to make this recipe so scrumptious. From preparation to the plate, this recipe takes roughly <b>45 minutes</b>. All things considered, we decided this recipe <b>deserves a spoonacular score of 23%</b>. This score is not so outstanding. Try <a href=\"https://spoonacular.com/recipes/easy-garlic-parmesan-knots-606847\">Easy Garlic Parmesan Knots</a>, <a href=\"https://spoonacular.com/recipes/easy-garlic-parmesan-knots-536072\">Easy Garlic Parmesan Knots</a>, and <a href=\"https://spoonacular.com/recipes/quick-easy-garlic-parmesan-knots-590804\">Quick & Easy Garlic Parmesan Knots</a> for similar recipes.","cuisines":[],"dishTypes":["side dish"],"diets":[],"occasions":[],"instructions":"<ol><li>Roll each biscuit into a 12-in. rope and tie into a knot; tuck ends under. Place 2 in. apart on a greased baking sheet. Bake at 400 for 8-10 minutes or until golden brown.</li><li>In a large bowl, combine the remaining ingredients; brush the warm knots with the mixture. Yield:10 knots.</li></ol>","analyzedInstructions":[{"name":"","steps":[{"number":1,"step":"Roll each biscuit into a 12-in. rope and tie into a knot; tuck ends under.","ingredients":[{"id":18009,"name":"biscuits","localizedName":"biscuits","image":"buttermilk-biscuits.jpg"},{"id":0,"name":"roll","localizedName":"roll","image":"dinner-yeast-rolls.jpg"}],"equipment":[]},{"number":2,"step":"Place 2 in. apart on a greased baking sheet.","ingredients":[],"equipment":[{"id":404727,"name":"baking sheet","localizedName":"baking sheet","image":"baking-sheet.jpg"}]},{"number":3,"step":"Bake at 400 for 8-10 minutes or until golden brown.In a large bowl, combine the remaining ingredients; brush the warm knots with the mixture.","ingredients":[],"equipment":[{"id":404784,"name":"oven","localizedName":"oven","image":"oven.jpg"},{"id":404783,"name":"bowl","localizedName":"bowl","image":"bowl.jpg"}],"length":{"number":10,"unit":"minutes"}}]}],"originalId":null,"spoonacularSourceUrl":"https://spoonacular.com/easy-parmesan-knots-642054"},{"vegetarian":false,"vegan":false,"glutenFree":false,"dairyFree":false,"veryHealthy":false,"cheap":false,"veryPopular":false,"sustainable":false,"weightWatcherSmartPoints":8,"gaps":"no","lowFodmap":false,"aggregateLikes":124,"spoonacularScore":64.0,"healthScore":10.0,"creditsText":"Foodista.com – The Cooking Encyclopedia Everyone Can Edit","license":"CC BY 3.0","sourceName":"Foodista","pricePerServing":179.7,"extendedIngredients":[{"id":1055062,"aisle":"Meat","image":"chicken-breasts.png","consistency":"solid","name":"skinless boneless chicken breasts","nameClean":"boneless skinless chicken breast","original":"6 boneless skinless chicken breasts (I used 2 very large ones)","originalString":"6 boneless skinless chicken breasts (I used 2 very large ones)","originalName":"boneless skinless chicken breasts (I used 2 very large ones)","amount":6.0,"unit":"large","meta":["boneless","skinless","(I used 2 very large ones)"],"metaInformation":["boneless","skinless","(I used 2 very large ones)"],"measures":{"us":{"amount":6.0,"unitShort":"large","unitLong":"larges"},"metric":{"amount":6.0,"unitShort":"large","unitLong":"larges"}}},{"id":1001,"aisle":"Milk, Eggs, Other Dairy","image":"butter-sliced.jpg","consistency":"solid","name":"butter","nameClean":"butter","original":"2 tablespoons butter","originalString":"2 tablespoons butter","originalName":"butter","amount":2.0,"unit":"tablespoons","meta":[],"metaInformation":[],"measures":{"us":{"amount":2.0,"unitShort":"Tbsps","unitLong":"Tbsps"},"metric":{"amount":2.0,"unitShort":"Tbsps","unitLong":"Tbsps"}}},{"id":6016,"aisle":"Canned and Jarred","image":"cream-of-chicken-soup.jpg","consistency":"liquid","name":"cream of chicken soup","nameClean":"condensed cream of chicken soup","original":"2 cans cream of chicken soup","originalString":"2 cans cream of chicken soup","originalName":"cream of chicken soup","amount":2.0,"unit":"cans","meta":[],"metaInformation":[],"measures":{"us":{"amount":2.0,"unitShort":"cans","unitLong":"cans"},"metric":{"amount":2.0,"unitShort":"cans","unitLong":"cans"}}},{"id":6194,"aisle":"Canned and Jarred","image":"chicken-broth.png","consistency":"liquid","name":"chicken broth","nameClean":"chicken broth","original":"1 can chicken broth","originalString":"1 can chicken broth","originalName":"chicken broth","amount":1.0,"unit":"can","meta":[],"metaInformation":[],"measures":{"us":{"amount":1.0,"unitShort":"can","unitLong":"can"},"metric":{"amount":1.0,"unitShort":"can","unitLong":"can"}}},{"id":11282,"aisle":"Produce","image":"brown-onion.png","consistency":"solid","name":"onion","nameClean":"onion","original":"1 onion diced","originalString":"1 onion diced","originalName":"onion diced","amount":1.0,"unit":"","meta":["diced"],"metaInformation":["diced"],"measures":{"us":{"amount":1.0,"unitShort":"","unitLong":""},"metric":{"amount":1.0,"unitShort":"","unitLong":""}}},{"id":2029,"aisle":"Spices and Seasonings","image":"dried-parsley.png","consistency":"solid","name":"dried parsley","nameClean":"dried parsley","original":"1 tablespoon dried parsley","originalString":"1 tablespoon dried parsley","originalName":"dried parsley","amount":1.0,"unit":"tablespoon","meta":["dried"],"metaInformation":["dried"],"measures":{"us":{"amount":1.0,"unitShort":"Tbsp","unitLong":"Tbsp"},"metric":{"amount":1.0,"unitShort":"Tbsp","unitLong":"Tbsp"}}},{"id":18009,"aisle":"Frozen","image":"buttermilk-biscuits.jpg","consistency":"solid","name":"biscuits","nameClean":"buttermilk biscuits","original":"4 grands flaky refrigerator biscuits","originalString":"4 grands flaky refrigerator biscuits","originalName":"grands flaky refrigerator biscuits","amount":4.0,"unit":"","meta":[],"metaInformation":[],"measures":{"us":{"amount":4.0,"unitShort":"","unitLong":""},"metric":{"amount":4.0,"unitShort":"","unitLong":""}}}],"id":640886,"title":"Crockpot Chicken and Dumplings","readyInMinutes":45,"servings":6,"sourceUrl":"https://www.foodista.com/recipe/DJ5GP3VY/crock-pot-chicken-and-dumplings-recipe","image":"https://spoonacular.com/recipeImages/640886-556x370.jpg","imageType":"jpg","summary":"The recipe Crockpot Chicken and Dumplings can be made <b>in approximately approximately 45 minutes</b>. For <b>$1.8 per serving</b>, you get a main course that serves 6. One serving contains <b>330 calories</b>, <b>28g of protein</b>, and <b>16g of fat</b>. A mixture of parsley, chicken broth, onion, and a handful of other ingredients are all it takes to make this recipe so delicious. 124 people have tried and liked this recipe. It is brought to you by Foodista. All things considered, we decided this recipe <b>deserves a spoonacular score of 63%</b>. This score is solid. Similar recipes are <a href=\"https://spoonacular.com/recipes/crockpot-chicken-and-dumplings-891762\">Crockpot chicken and dumplings</a>, <a href=\"https://spoonacular.com/recipes/crockpot-chicken-and-dumplings-525729\">Crockpot Chicken and Dumplings</a>, and <a href=\"https://spoonacular.com/recipes/crockpot-chicken-dumplings-520773\">Crockpot Chicken & Dumplings</a>.","cuisines":[],"dishTypes":["lunch","main course","main dish","dinner"],"diets":[],"occasions":[],"instructions":"Place chicken in the crock pot. Add butter, cream of chicken soup, chicken broth, diced onion, and parsley.\nCook on high for 4-6 hours or low for 8-10.\n30 minutes before chicken is finished cooking, cut biscuits into 9 pieces and add to crock pot. Gently stir to coat biscuits. Continue to cook for 30 minutes, then serve!","analyzedInstructions":[{"name":"","steps":[{"number":1,"step":"Place chicken in the crock pot.","ingredients":[{"id":5006,"name":"whole chicken","localizedName":"whole chicken","image":"whole-chicken.jpg"}],"equipment":[{"id":404718,"name":"slow cooker","localizedName":"slow cooker","image":"slow-cooker.jpg"}]},{"number":2,"step":"Add butter, cream of chicken soup, chicken broth, diced onion, and parsley.","ingredients":[{"id":6016,"name":"cream of chicken soup","localizedName":"cream of chicken soup","image":"cream-of-chicken-soup.jpg"},{"id":6194,"name":"chicken broth","localizedName":"chicken broth","image":"chicken-broth.png"},{"id":11297,"name":"parsley","localizedName":"parsley","image":"parsley.jpg"},{"id":1001,"name":"butter","localizedName":"butter","image":"butter-sliced.jpg"},{"id":11282,"name":"onion","localizedName":"onion","image":"brown-onion.png"}],"equipment":[]},{"number":3,"step":"Cook on high for 4-6 hours or low for 8-1","ingredients":[],"equipment":[],"length":{"number":360,"unit":"minutes"}},{"number":4,"step":"30 minutes before chicken is finished cooking, cut biscuits into 9 pieces and add to crock pot. Gently stir to coat biscuits. Continue to cook for 30 minutes, then serve!","ingredients":[{"id":18009,"name":"biscuits","localizedName":"biscuits","image":"buttermilk-biscuits.jpg"},{"id":5006,"name":"whole chicken","localizedName":"whole chicken","image":"whole-chicken.jpg"}],"equipment":[{"id":404718,"name":"slow cooker","localizedName":"slow cooker","image":"slow-cooker.jpg"}],"length":{"number":60,"unit":"minutes"}}]}],"originalId":null,"spoonacularSourceUrl":"https://spoonacular.com/crockpot-chicken-and-dumplings-640886"},{"vegetarian":false,"vegan":false,"glutenFree":false,"dairyFree":false,"veryHealthy":false,"cheap":false,"veryPopular":false,"sustainable":false,"weightWatcherSmartPoints":17,"gaps":"no","lowFodmap":false,"aggregateLikes":17,"spoonacularScore":88.0,"healthScore":38.0,"creditsText":"coffeebean","license":"spoonacular's terms","sourceName":"spoonacular","pricePerServing":383.12,"extendedIngredients":[{"id":18079,"aisle":"Pasta and Rice","image":"breadcrumbs.jpg","consistency":"solid","name":"breadcrumbs","nameClean":"breadcrumbs","original":"1/2 cup breadcrumbs","originalString":"1/2 cup breadcrumbs","originalName":"breadcrumbs","amount":0.5,"unit":"cup","meta":[],"metaInformation":[],"measures":{"us":{"amount":0.5,"unitShort":"cups","unitLong":"cups"},"metric":{"amount":118.294,"unitShort":"ml","unitLong":"milliliters"}}},{"id":1009,"aisle":"Cheese","image":"cheddar-cheese.png","consistency":"solid","name":"cheddar cheese","nameClean":"cheddar cheese","original":"2 slices of cheddar cheese","originalString":"2 slices of cheddar cheese","originalName":"cheddar cheese","amount":2.0,"unit":"slices","meta":[],"metaInformation":[],"measures":{"us":{"amount":2.0,"unitShort":"slice","unitLong":"slices"},"metric":{"amount":2.0,"unitShort":"slice","unitLong":"slices"}}},{"id":5062,"aisle":"Meat","image":"chicken-breasts.png","consistency":"solid","name":"chicken breasts","nameClean":"chicken breast","original":"2 chicken breasts","originalString":"2 chicken breasts","originalName":"chicken breasts","amount":2.0,"unit":"","meta":[],"metaInformation":[],"measures":{"us":{"amount":2.0,"unitShort":"","unitLong":""},"metric":{"amount":2.0,"unitShort":"","unitLong":""}}},{"id":10010151,"aisle":"Meat","image":"ham.png","consistency":"solid","name":"deli ham","nameClean":"ham slices","original":"2 slices of deli ham","originalString":"2 slices of deli ham","originalName":"deli ham","amount":2.0,"unit":"slices","meta":[],"metaInformation":[],"measures":{"us":{"amount":2.0,"unitShort":"slice","unitLong":"slices"},"metric":{"amount":2.0,"unitShort":"slice","unitLong":"slices"}}},{"id":2023,"aisle":"Produce;Spices and Seasonings","image":"marjoram.jpg","consistency":"solid","name":"dried marjoram","nameClean":"marjoram","original":"2 tablespoons dried marjoram","originalString":"2 tablespoons dried marjoram","originalName":"dried marjoram","amount":2.0,"unit":"tablespoons","meta":["dried"],"metaInformation":["dried"],"measures":{"us":{"amount":2.0,"unitShort":"Tbsps","unitLong":"Tbsps"},"metric":{"amount":2.0,"unitShort":"Tbsps","unitLong":"Tbsps"}}},{"id":2029,"aisle":"Spices and Seasonings","image":"dried-parsley.png","consistency":"solid","name":"dried parsley","nameClean":"dried parsley","original":"2 tablespoons dried parsley","originalString":"2 tablespoons dried parsley","originalName":"dried parsley","amount":2.0,"unit":"tablespoons","meta":["dried"],"metaInformation":["dried"],"measures":{"us":{"amount":2.0,"unitShort":"Tbsps","unitLong":"Tbsps"},"metric":{"amount":2.0,"unitShort":"Tbsps","unitLong":"Tbsps"}}},{"id":2036,"aisle":"Spices and Seasonings","image":"rosemary.jpg","consistency":"solid","name":"dried rosemary","nameClean":"rosemary","original":"1 tablespoon dried rosemary","originalString":"1 tablespoon dried rosemary","originalName":"dried rosemary","amount":1.0,"unit":"tablespoon","meta":["dried"],"metaInformation":["dried"],"measures":{"us":{"amount":1.0,"unitShort":"Tbsp","unitLong":"Tbsp"},"metric":{"amount":1.0,"unitShort":"Tbsp","unitLong":"Tbsp"}}},{"id":1123,"aisle":"Milk, Eggs, Other Dairy","image":"egg.png","consistency":"solid","name":"egg","nameClean":"egg","original":"1 egg","originalString":"1 egg","originalName":"egg","amount":1.0,"unit":"","meta":[],"metaInformation":[],"measures":{"us":{"amount":1.0,"unitShort":"","unitLong":""},"metric":{"amount":1.0,"unitShort":"","unitLong":""}}},{"id":20081,"aisle":"Baking","image":"flour.png","consistency":"solid","name":"flour","nameClean":"wheat flour","original":"1/2 cup flour","originalString":"1/2 cup flour","originalName":"flour","amount":0.5,"unit":"cup","meta":[],"metaInformation":[],"measures":{"us":{"amount":0.5,"unitShort":"cups","unitLong":"cups"},"metric":{"amount":118.294,"unitShort":"ml","unitLong":"milliliters"}}},{"id":1102047,"aisle":"Spices and Seasonings","image":"salt-and-pepper.jpg","consistency":"solid","name":"salt and pepper","nameClean":"salt and pepper","original":"salt and pepper","originalString":"salt and pepper","originalName":"salt and pepper","amount":2.0,"unit":"servings","meta":[],"metaInformation":[],"measures":{"us":{"amount":2.0,"unitShort":"servings","unitLong":"servings"},"metric":{"amount":2.0,"unitShort":"servings","unitLong":"servings"}}}],"id":149425,"title":"Herb and Cheddar Cordon Bleu","author":"coffeebean","readyInMinutes":60,"servings":2,"sourceUrl":"http://spoonacular.com/1376680601330","image":"https://spoonacular.com/recipeImages/149425-556x370.jpg","imageType":"jpg","summary":"Herb and Cheddar Cordon Bleu might be just the main course you are searching for. This recipe makes 2 servings with <b>576 calories</b>, <b>47g of protein</b>, and <b>21g of fat</b> each. For <b>$2.83 per serving</b>, this recipe <b>covers 33%</b> of your daily requirements of vitamins and minerals. If you have breadcrumbs, flour, chicken breasts, and a few other ingredients on hand, you can make it. To use up the flour you could follow this main course with the <a href=\"https://spoonacular.com/recipes/apple-tart-with-caramel-sauce-47961\">Apple Tart with Caramel Sauce</a> as a dessert. From preparation to the plate, this recipe takes approximately <b>1 hour</b>. Try <a href=\"https://spoonacular.com/recipes/chicken-cordon-bleu-74163\">Chicken Cordon Bleu</a>, <a href=\"https://spoonacular.com/recipes/chicken-cordon-bleu-266803\">Chicken Cordon Bleu</a>, and <a href=\"https://spoonacular.com/recipes/cordon-bleu-casserole-110208\">Cordon Bleu Casserole</a> for similar recipes.","cuisines":[],"dishTypes":["lunch","main course","main dish","dinner"],"diets":[],"occasions":[],"instructions":"<ol><li>Pre-heat the oven to 350 degrees F (about 176 degrees C).</li><li>Put the chicken breasts between two slices of wax paper and flatten with a rolling pin or meat mallet until they are about a quarter of an inch thick. </li><li>Place a slice of ham and a slice of cheddar on each chicken breast.</li><li>Roll the chicken breast as tightly as possible. If necessary, secure the rolls with toothpicks or small skewers.</li><li>Beat an egg in a shallow baking dish. </li><li>Arrange two other \"stations\" using foil or other dishes, one for the flour and another for the dried herbs and breadcrumbs. </li><li>Cover the rolled chicken breasts in flour, then dip them into the egg mixture. </li><li>Finally, press them into the mixture of dried herbs and breadcrumbs until they are covered on all sides.</li><li>Place the chicken in an oiled (or buttered) baking dish and bake for about 30 minutes.</li></ol>","analyzedInstructions":[{"name":"","steps":[{"number":1,"step":"Pre-heat the oven to 350 degrees F (about 176 degrees C).","ingredients":[],"equipment":[{"id":404784,"name":"oven","localizedName":"oven","image":"oven.jpg","temperature":{"number":350.0,"unit":"Fahrenheit"}}]},{"number":2,"step":"Put the chicken breasts between two slices of wax paper and flatten with a rolling pin or meat mallet until they are about a quarter of an inch thick.","ingredients":[{"id":5062,"name":"chicken breast","localizedName":"chicken breast","image":"chicken-breasts.png"},{"id":1065062,"name":"meat","localizedName":"meat","image":"whole-chicken.jpg"}],"equipment":[{"id":3846,"name":"meat tenderizer","localizedName":"meat tenderizer","image":"meat-mallet.jpg"},{"id":404746,"name":"rolling pin","localizedName":"rolling pin","image":"rolling-pin.jpg"},{"id":404739,"name":"wax paper","localizedName":"wax paper","image":"wax-paper.jpg"}]},{"number":3,"step":"Place a slice of ham and a slice of cheddar on each chicken breast.","ingredients":[{"id":5062,"name":"chicken breast","localizedName":"chicken breast","image":"chicken-breasts.png"},{"id":1009,"name":"cheddar cheese","localizedName":"cheddar cheese","image":"cheddar-cheese.png"},{"id":10151,"name":"ham","localizedName":"ham","image":"ham-whole.jpg"}],"equipment":[]},{"number":4,"step":"Roll the chicken breast as tightly as possible. If necessary, secure the rolls with toothpicks or small skewers.Beat an egg in a shallow baking dish. Arrange two other \"stations\" using foil or other dishes, one for the flour and another for the dried herbs and breadcrumbs. Cover the rolled chicken breasts in flour, then dip them into the egg mixture. Finally, press them into the mixture of dried herbs and breadcrumbs until they are covered on all sides.","ingredients":[{"id":5062,"name":"chicken breast","localizedName":"chicken breast","image":"chicken-breasts.png"},{"id":18079,"name":"breadcrumbs","localizedName":"breadcrumbs","image":"breadcrumbs.jpg"},{"id":1022042,"name":"dried herbs","localizedName":"dried herbs","image":"dried-herbs.png"},{"id":20081,"name":"all purpose flour","localizedName":"all purpose flour","image":"flour.png"},{"id":0,"name":"roll","localizedName":"roll","image":"dinner-yeast-rolls.jpg"},{"id":0,"name":"dip","localizedName":"dip","image":""},{"id":1123,"name":"egg","localizedName":"egg","image":"egg.png"}],"equipment":[{"id":404646,"name":"baking pan","localizedName":"baking pan","image":"roasting-pan.jpg"},{"id":404644,"name":"toothpicks","localizedName":"toothpicks","image":"toothpicks.jpg"},{"id":3065,"name":"skewers","localizedName":"skewers","image":"wooden-skewers.jpg"},{"id":404765,"name":"aluminum foil","localizedName":"aluminum foil","image":"aluminum-foil.png"}]},{"number":5,"step":"Place the chicken in an oiled (or buttered) baking dish and bake for about 30 minutes.","ingredients":[{"id":5006,"name":"whole chicken","localizedName":"whole chicken","image":"whole-chicken.jpg"}],"equipment":[{"id":404646,"name":"baking pan","localizedName":"baking pan","image":"roasting-pan.jpg"},{"id":404784,"name":"oven","localizedName":"oven","image":"oven.jpg"}],"length":{"number":30,"unit":"minutes"}}]}],"originalId":null,"spoonacularSourceUrl":"https://spoonacular.com/herb-and-cheddar-cordon-bleu-149425"},{"vegetarian":false,"vegan":false,"glutenFree":false,"dairyFree":true,"veryHealthy":true,"cheap":false,"veryPopular":false,"sustainable":false,"weightWatcherSmartPoints":14,"gaps":"no","lowFodmap":false,"preparationMinutes":30,"cookingMinutes":120,"aggregateLikes":130,"spoonacularScore":96.0,"healthScore":66.0,"creditsText":"Jen West","sourceName":"Pink When","pricePerServing":345.26,"extendedIngredients":[{"id":13149,"aisle":"Meat","image":"beef-short-ribs.jpg","consistency":"solid","name":"beef short ribs","nameClean":"boneless beef short ribs","original":"3 lbs of boneless beef short ribs","originalString":"3 lbs of boneless beef short ribs","originalName":"boneless beef short ribs","amount":3.0,"unit":"lbs","meta":["boneless"],"metaInformation":["boneless"],"measures":{"us":{"amount":3.0,"unitShort":"lb","unitLong":"pounds"},"metric":{"amount":1.361,"unitShort":"kilogram","unitLong":"kilograms"}}},{"id":10120499,"aisle":"Pasta and Rice","image":"elbow.jpg","consistency":"solid","name":"elbow macaroni","nameClean":"elbow macaroni","original":"1/2 cup uncooked elbow macaroni","originalString":"1/2 cup uncooked elbow macaroni","originalName":"uncooked elbow macaroni","amount":0.5,"unit":"cup","meta":["uncooked"],"metaInformation":["uncooked"],"measures":{"us":{"amount":0.5,"unitShort":"cups","unitLong":"cups"},"metric":{"amount":118.294,"unitShort":"ml","unitLong":"milliliters"}}},{"id":14412,"aisle":"Beverages","image":"water.png","consistency":"liquid","name":"water 4 qts","nameClean":"water","original":"16 cups of water 4 Qts","originalString":"16 cups of water 4 Qts","originalName":"water 4 Qts","amount":16.0,"unit":"cups","meta":[],"metaInformation":[],"measures":{"us":{"amount":16.0,"unitShort":"cups","unitLong":"cups"},"metric":{"amount":3.785,"unitShort":"l","unitLong":"liters"}}},{"id":10011693,"aisle":"Canned and Jarred","image":"tomatoes-canned.png","consistency":"solid","name":"canned tomatoes","nameClean":"canned tomatoes","original":"1 28oz can diced tomatoes","originalString":"1 28oz can diced tomatoes","originalName":"diced tomatoes","amount":28.0,"unit":"oz","meta":["diced","canned"],"metaInformation":["diced","canned"],"measures":{"us":{"amount":28.0,"unitShort":"oz","unitLong":"ounces"},"metric":{"amount":793.787,"unitShort":"g","unitLong":"grams"}}},{"id":11352,"aisle":"Produce","image":"potatoes-yukon-gold.png","consistency":"solid","name":"potatoes","nameClean":"potato","original":"1 cup of small diced potatoes","originalString":"1 cup of small diced potatoes","originalName":"small diced potatoes","amount":1.0,"unit":"cup","meta":["diced"],"metaInformation":["diced"],"measures":{"us":{"amount":1.0,"unitShort":"cup","unitLong":"cup"},"metric":{"amount":236.588,"unitShort":"ml","unitLong":"milliliters"}}},{"id":11124,"aisle":"Produce","image":"sliced-carrot.png","consistency":"solid","name":"on carrots","nameClean":"carrot","original":"1 cup on thin sliced carrots","originalString":"1 cup on thin sliced carrots","originalName":"on thin sliced carrots","amount":1.0,"unit":"cup","meta":["sliced","thin"],"metaInformation":["sliced","thin"],"measures":{"us":{"amount":1.0,"unitShort":"cup","unitLong":"cup"},"metric":{"amount":236.588,"unitShort":"ml","unitLong":"milliliters"}}},{"id":11143,"aisle":"Produce","image":"celery.jpg","consistency":"solid","name":"celery","nameClean":"celery","original":"1 cup thin sliced celery","originalString":"1 cup thin sliced celery","originalName":"thin sliced celery","amount":1.0,"unit":"cup","meta":["sliced","thin"],"metaInformation":["sliced","thin"],"measures":{"us":{"amount":1.0,"unitShort":"cup","unitLong":"cup"},"metric":{"amount":236.588,"unitShort":"ml","unitLong":"milliliters"}}},{"id":11282,"aisle":"Produce","image":"brown-onion.png","consistency":"solid","name":"onion","nameClean":"onion","original":"1 1/2 cups chopped onion","originalString":"1 1/2 cups chopped onion","originalName":"chopped onion","amount":1.5,"unit":"cups","meta":["chopped"],"metaInformation":["chopped"],"measures":{"us":{"amount":1.5,"unitShort":"cups","unitLong":"cups"},"metric":{"amount":354.882,"unitShort":"ml","unitLong":"milliliters"}}},{"id":11168,"aisle":"Produce","image":"corn.png","consistency":"solid","name":"kernal corn","nameClean":"corn","original":"1 15oz kernal corn (uncooked)","originalString":"1 15oz kernal corn (uncooked)","originalName":"kernal corn (uncooked)","amount":15.0,"unit":"oz","meta":["uncooked","()"],"metaInformation":["uncooked","()"],"measures":{"us":{"amount":15.0,"unitShort":"oz","unitLong":"ounces"},"metric":{"amount":425.243,"unitShort":"g","unitLong":"grams"}}},{"id":10016073,"aisle":"Canned and Jarred","image":"white-beans.jpg","consistency":"solid","name":"butter beans","nameClean":"canned butter beans","original":"1 15oz can butter beans","originalString":"1 15oz can butter beans","originalName":"butter beans","amount":15.0,"unit":"oz","meta":["canned"],"metaInformation":["canned"],"measures":{"us":{"amount":15.0,"unitShort":"oz","unitLong":"ounces"},"metric":{"amount":425.243,"unitShort":"g","unitLong":"grams"}}},{"id":10016063,"aisle":"Canned and Jarred","image":"black-eyed-peas.jpg","consistency":"solid","name":"eyed peas","nameClean":"canned blackeyed peas","original":"1 15oz can black – eyed peas","originalString":"1 15oz can black – eyed peas","originalName":"black – eyed peas","amount":15.0,"unit":"oz","meta":["black","canned"],"metaInformation":["black","canned"],"measures":{"us":{"amount":15.0,"unitShort":"oz","unitLong":"ounces"},"metric":{"amount":425.243,"unitShort":"g","unitLong":"grams"}}},{"id":2004,"aisle":"Spices and Seasonings","image":"bay-leaves.jpg","consistency":"solid","name":"bay leaves","nameClean":"bay leaves","original":"2 bay leaves","originalString":"2 bay leaves","originalName":"bay leaves","amount":2.0,"unit":"","meta":[],"metaInformation":[],"measures":{"us":{"amount":2.0,"unitShort":"","unitLong":""},"metric":{"amount":2.0,"unitShort":"","unitLong":""}}},{"id":1022020,"aisle":"Spices and Seasonings","image":"garlic-powder.png","consistency":"solid","name":"garlic powder","nameClean":"garlic powder","original":"1 Tbsp garlic powder","originalString":"1 Tbsp garlic powder","originalName":"garlic powder","amount":1.0,"unit":"Tbsp","meta":[],"metaInformation":[],"measures":{"us":{"amount":1.0,"unitShort":"Tbsp","unitLong":"Tbsp"},"metric":{"amount":1.0,"unitShort":"Tbsp","unitLong":"Tbsp"}}},{"id":1052047,"aisle":"Spices and Seasonings","image":"garlic-salt.jpg","consistency":"solid","name":"celery salt","nameClean":"celery salt","original":"1 tsp celery salt","originalString":"1 tsp celery salt","originalName":"celery salt","amount":1.0,"unit":"tsp","meta":[],"metaInformation":[],"measures":{"us":{"amount":1.0,"unitShort":"tsp","unitLong":"teaspoon"},"metric":{"amount":1.0,"unitShort":"tsp","unitLong":"teaspoon"}}},{"id":6971,"aisle":"Condiments","image":"dark-sauce.jpg","consistency":"liquid","name":"worcestershire sauce","nameClean":"worcestershire sauce","original":"1 Tbsp Worcestershire sauce","originalString":"1 Tbsp Worcestershire sauce","originalName":"Worcestershire sauce","amount":1.0,"unit":"Tbsp","meta":[],"metaInformation":[],"measures":{"us":{"amount":1.0,"unitShort":"Tbsp","unitLong":"Tbsp"},"metric":{"amount":1.0,"unitShort":"Tbsp","unitLong":"Tbsp"}}},{"id":2047,"aisle":"Spices and Seasonings","image":"salt.jpg","consistency":"solid","name":"salt","nameClean":"salt","original":"1 Tbsp salt","originalString":"1 Tbsp salt","originalName":"salt","amount":1.0,"unit":"Tbsp","meta":[],"metaInformation":[],"measures":{"us":{"amount":1.0,"unitShort":"Tbsp","unitLong":"Tbsp"},"metric":{"amount":1.0,"unitShort":"Tbsp","unitLong":"Tbsp"}}},{"id":1002030,"aisle":"Spices and Seasonings","image":"pepper.jpg","consistency":"solid","name":"ground pepper","nameClean":"black pepper","original":"1 Tbsp fresh ground pepper","originalString":"1 Tbsp fresh ground pepper","originalName":"fresh ground pepper","amount":1.0,"unit":"Tbsp","meta":["fresh"],"metaInformation":["fresh"],"measures":{"us":{"amount":1.0,"unitShort":"Tbsp","unitLong":"Tbsp"},"metric":{"amount":1.0,"unitShort":"Tbsp","unitLong":"Tbsp"}}},{"id":1022027,"aisle":"Spices and Seasonings","image":"dried-herbs.png","consistency":"solid","name":"seasoning","nameClean":"italian seasoning","original":"1 Tbsp Italian seasoning","originalString":"1 Tbsp Italian seasoning","originalName":"Italian seasoning","amount":1.0,"unit":"Tbsp","meta":["italian"],"metaInformation":["italian"],"measures":{"us":{"amount":1.0,"unitShort":"Tbsp","unitLong":"Tbsp"},"metric":{"amount":1.0,"unitShort":"Tbsp","unitLong":"Tbsp"}}},{"id":6076,"aisle":"Canned and Jarred","image":"stock-cube.jpg","consistency":"solid","name":"beef bouillon cubes","nameClean":"beef bouillon cube","original":"2 beef bouillon cubes","originalString":"2 beef bouillon cubes","originalName":"beef bouillon cubes","amount":2.0,"unit":"","meta":[],"metaInformation":[],"measures":{"us":{"amount":2.0,"unitShort":"","unitLong":""},"metric":{"amount":2.0,"unitShort":"","unitLong":""}}},{"id":2029,"aisle":"Spices and Seasonings","image":"dried-parsley.png","consistency":"solid","name":"parsley","nameClean":"dried parsley","original":"2 Tbsp dried parsley or fresh parsley","originalString":"2 Tbsp dried parsley or fresh parsley","originalName":"dried parsley or fresh parsley","amount":2.0,"unit":"Tbsp","meta":["dried","fresh"],"metaInformation":["dried","fresh"],"measures":{"us":{"amount":2.0,"unitShort":"Tbsps","unitLong":"Tbsps"},"metric":{"amount":2.0,"unitShort":"Tbsps","unitLong":"Tbsps"}}}],"id":715447,"title":"Easy Vegetable Beef Soup","readyInMinutes":150,"servings":8,"sourceUrl":"https://www.pinkwhen.com/vegetable-beef-stew-recipe/","image":"https://spoonacular.com/recipeImages/715447-556x370.jpg","imageType":"jpg","summary":"Easy Vegetable Beef Soup might be just the main course you are searching for. One portion of this dish contains roughly <b>45g of protein</b>, <b>19g of fat</b>, and a total of <b>566 calories</b>. This dairy free recipe serves 8 and costs <b>$3.45 per serving</b>. Many people made this recipe, and 130 would say it hit the spot. It is brought to you by Pink When. It can be enjoyed any time, but it is especially good for <b>Autumn</b>. If you have butter beans, canned tomatoes, worcestershire sauce, and a few other ingredients on hand, you can make it. From preparation to the plate, this recipe takes about <b>2 hours and 30 minutes</b>. With a spoonacular <b>score of 0%</b>, this dish is improvable. Try <a href=\"https://spoonacular.com/recipes/easy-vegetable-beef-soup-1050610\">Easy Vegetable Beef Soup</a>, <a href=\"https://spoonacular.com/recipes/easy-vegetable-beef-soup-177116\">Easy Vegetable-Beef Soup</a>, and <a href=\"https://spoonacular.com/recipes/easy-vegetable-beef-soup-459390\">Easy Vegetable Beef Soup</a> for similar recipes.","cuisines":[],"dishTypes":["lunch","soup","main course","main dish","dinner"],"diets":["dairy free"],"occasions":["fall","winter"],"instructions":"Instructions\n\nTo get started, bring 4 quarts of water to a boil in a large pot. \n\nWhile waiting on the water to boil, cut the beef short ribs into bite-sized pieces and add them to the water.\n\nAdd in diced tomatoes, potatoes, diced onion, parsley, garlic powder, beef bouillon cubes, Italian seasoning, salt, pepper, Worcestershire sauce, celery salt, bay leaves, and stir.\n\nThen add carrots, celery, black-eyed peas, butter beans, corn, and macaroni. Heat on high, stirring occasionally until the stew mixture comes to a boil.\n\nOnce you have reached a boil, cover with a lid, lower heat enough to keep it simmering.  Continue to simmer for 1.5 to 2 hours, stirring occasionally.","analyzedInstructions":[{"name":"","steps":[{"number":1,"step":"To get started, bring 4 quarts of water to a boil in a large pot. ","ingredients":[{"id":14412,"name":"water","localizedName":"water","image":"water.png"}],"equipment":[{"id":404752,"name":"pot","localizedName":"pot","image":"stock-pot.jpg"}]},{"number":2,"step":"While waiting on the water to boil, cut the beef short ribs into bite-sized pieces and add them to the water.","ingredients":[{"id":10013149,"name":"beef short ribs","localizedName":"beef short ribs","image":"beef-short-ribs.jpg"},{"id":14412,"name":"water","localizedName":"water","image":"water.png"}],"equipment":[]},{"number":3,"step":"Add in diced tomatoes, potatoes, diced onion, parsley, garlic powder, beef bouillon cubes, Italian seasoning, salt, pepper, Worcestershire sauce, celery salt, bay leaves, and stir.","ingredients":[{"id":6971,"name":"worcestershire sauce","localizedName":"worcestershire sauce","image":"dark-sauce.jpg"},{"id":6076,"name":"beef bouillon cube","localizedName":"beef bouillon cube","image":"stock-cube.jpg"},{"id":1022027,"name":"italian seasoning","localizedName":"italian seasoning","image":"dried-herbs.png"},{"id":1022020,"name":"garlic powder","localizedName":"garlic powder","image":"garlic-powder.png"},{"id":1052047,"name":"celery salt","localizedName":"celery salt","image":"garlic-salt.jpg"},{"id":2004,"name":"bay leaves","localizedName":"bay leaves","image":"bay-leaves.jpg"},{"id":11352,"name":"potato","localizedName":"potato","image":"potatoes-yukon-gold.png"},{"id":11529,"name":"tomato","localizedName":"tomato","image":"tomato.png"},{"id":11297,"name":"parsley","localizedName":"parsley","image":"parsley.jpg"},{"id":1002030,"name":"pepper","localizedName":"pepper","image":"pepper.jpg"},{"id":11282,"name":"onion","localizedName":"onion","image":"brown-onion.png"},{"id":2047,"name":"salt","localizedName":"salt","image":"salt.jpg"}],"equipment":[]},{"number":4,"step":"Then add carrots, celery, black-eyed peas, butter beans, corn, and macaroni.","ingredients":[{"id":10116072,"name":"butter beans","localizedName":"butter beans","image":"dry-cannellini-beans.jpg"},{"id":20499,"name":"macaroni","localizedName":"macaroni","image":"macaroni.png"},{"id":11124,"name":"carrot","localizedName":"carrot","image":"sliced-carrot.png"},{"id":11143,"name":"celery","localizedName":"celery","image":"celery.jpg"},{"id":11168,"name":"corn","localizedName":"corn","image":"corn.png"},{"id":11304,"name":"peas","localizedName":"peas","image":"peas.jpg"}],"equipment":[]},{"number":5,"step":"Heat on high, stirring occasionally until the stew mixture comes to a boil.","ingredients":[{"id":0,"name":"stew","localizedName":"stew","image":""}],"equipment":[]},{"number":6,"step":"Once you have reached a boil, cover with a lid, lower heat enough to keep it simmering.  Continue to simmer for 1.5 to 2 hours, stirring occasionally.","ingredients":[],"equipment":[],"length":{"number":120,"unit":"minutes"}}]}],"originalId":null,"spoonacularSourceUrl":"https://spoonacular.com/easy-vegetable-beef-soup-715447"},{"vegetarian":true,"vegan":false,"glutenFree":true,"dairyFree":false,"veryHealthy":false,"cheap":false,"veryPopular":false,"sustainable":false,"weightWatcherSmartPoints":18,"gaps":"no","lowFodmap":false,"aggregateLikes":71,"spoonacularScore":90.0,"healthScore":33.0,"creditsText":"Full Belly Sisters","license":"CC BY-SA 3.0","sourceName":"Full Belly Sisters","pricePerServing":791.17,"extendedIngredients":[{"id":10211282,"aisle":"Produce","image":"brown-onion.png","consistency":"solid","name":"caramelized onions","nameClean":"caramelized onions","original":"1 cup chopped caramelized onions","originalString":"1 cup chopped caramelized onions","originalName":"chopped caramelized onions","amount":1.0,"unit":"cup","meta":["chopped"],"metaInformation":["chopped"],"measures":{"us":{"amount":1.0,"unitShort":"cup","unitLong":"cup"},"metric":{"amount":236.588,"unitShort":"ml","unitLong":"milliliters"}}},{"id":2017,"aisle":"Spices and Seasonings","image":"dill.jpg","consistency":"solid","name":"dried dill","nameClean":"dried dill","original":"2 T dried dill","originalString":"2 T dried dill","originalName":"dried dill","amount":2.0,"unit":"T","meta":["dried"],"metaInformation":["dried"],"measures":{"us":{"amount":2.0,"unitShort":"Tbsps","unitLong":"Tbsps"},"metric":{"amount":2.0,"unitShort":"Tbsps","unitLong":"Tbsps"}}},{"id":2029,"aisle":"Spices and Seasonings","image":"dried-parsley.png","consistency":"solid","name":"dried parsley","nameClean":"dried parsley","original":"1 T dried parsley","originalString":"1 T dried parsley","originalName":"dried parsley","amount":1.0,"unit":"T","meta":["dried"],"metaInformation":["dried"],"measures":{"us":{"amount":1.0,"unitShort":"Tbsp","unitLong":"Tbsp"},"metric":{"amount":1.0,"unitShort":"Tbsp","unitLong":"Tbsp"}}},{"id":11156,"aisle":"Produce","image":"fresh-chives.jpg","consistency":"solid","name":"fresh chives","nameClean":"chives","original":"1/4 cup chopped fresh chives","originalString":"1/4 cup chopped fresh chives","originalName":"chopped fresh chives","amount":0.25,"unit":"cup","meta":["fresh","chopped"],"metaInformation":["fresh","chopped"],"measures":{"us":{"amount":0.25,"unitShort":"cups","unitLong":"cups"},"metric":{"amount":59.147,"unitShort":"ml","unitLong":"milliliters"}}},{"id":1159,"aisle":"Cheese","image":"goat-cheese.jpg","consistency":"solid","name":"goat cheese","nameClean":"goat cheese","original":"4 ounce goat cheese","originalString":"4 ounce goat cheese","originalName":"goat cheese","amount":4.0,"unit":"ounce","meta":[],"metaInformation":[],"measures":{"us":{"amount":4.0,"unitShort":"oz","unitLong":"ounces"},"metric":{"amount":113.398,"unitShort":"g","unitLong":"grams"}}},{"id":1256,"aisle":"Milk, Eggs, Other Dairy","image":"plain-yogurt.jpg","consistency":"liquid","name":"greek yogurt","nameClean":"greek yogurt","original":"1 cup Greek yogurt","originalString":"1 cup Greek yogurt","originalName":"Greek yogurt","amount":1.0,"unit":"cup","meta":[],"metaInformation":[],"measures":{"us":{"amount":1.0,"unitShort":"cup","unitLong":"cup"},"metric":{"amount":236.588,"unitShort":"ml","unitLong":"milliliters"}}},{"id":1022034,"aisle":"Spices and Seasonings","image":"seasoning.png","consistency":"solid","name":"steak seasoning","nameClean":"montreal steak seasoning","original":"steak seasoning","originalString":"steak seasoning","originalName":"steak seasoning","amount":1.0,"unit":"serving","meta":[],"metaInformation":[],"measures":{"us":{"amount":1.0,"unitShort":"serving","unitLong":"serving"},"metric":{"amount":1.0,"unitShort":"serving","unitLong":"serving"}}}],"id":716435,"title":"Herbed Goat Cheese Yogurt Dip w. Caramelized Onions","readyInMinutes":45,"servings":1,"sourceUrl":"http://fullbellysisters.blogspot.com/2014/02/herbed-goat-cheese-yogurt-dip-w.html","image":"https://spoonacular.com/recipeImages/716435-556x370.jpg","imageType":"jpg","summary":"Herbed Goat Cheese Yogurt Dip w. Caramelized Onions might be just the side dish you are searching for. For <b>$7.91 per serving</b>, this recipe <b>covers 33%</b> of your daily requirements of vitamins and minerals. One serving contains <b>541 calories</b>, <b>46g of protein</b>, and <b>26g of fat</b>. It can be enjoyed any time, but it is especially good for <b>The Super Bowl</b>. Head to the store and pick up greek yogurt, dill, chives, and a few other things to make it today. This recipe is liked by 71 foodies and cooks. It is a good option if you're following a <b>gluten free, primal, and vegetarian</b> diet. From preparation to the plate, this recipe takes around <b>45 minutes</b>. All things considered, we decided this recipe <b>deserves a spoonacular score of 91%</b>. This score is super. Try <a href=\"https://spoonacular.com/recipes/flatbread-with-goat-cheese-and-caramelized-onions-674018\">Flatbread with Goat Cheese and Caramelized Onions</a>, <a href=\"https://spoonacular.com/recipes/pizzettes-with-caramelized-onions-goat-cheese-and-prosciutto-351311\">Pizzettes with Caramelized Onions, Goat Cheese, and Prosciutto</a>, and <a href=\"https://spoonacular.com/recipes/flatbreads-with-goat-cheese-caramelized-onions-and-basil-39925\">Flatbreads With Goat Cheese, Caramelized Onions, And Basil</a> for similar recipes.","cuisines":[],"dishTypes":["condiment","dip","spread"],"diets":["gluten free","lacto ovo vegetarian","primal"],"occasions":["super bowl"],"instructions":"","analyzedInstructions":[],"originalId":null,"spoonacularSourceUrl":"https://spoonacular.com/herbed-goat-cheese-yogurt-dip-w-caramelized-onions-716435"},{"vegetarian":false,"vegan":false,"glutenFree":true,"dairyFree":true,"veryHealthy":false,"cheap":false,"veryPopular":false,"sustainable":false,"weightWatcherSmartPoints":7,"gaps":"no","lowFodmap":false,"aggregateLikes":12,"spoonacularScore":45.0,"healthScore":6.0,"creditsText":"Foodista.com – The Cooking Encyclopedia Everyone Can Edit","license":"CC BY 3.0","sourceName":"Foodista","pricePerServing":61.12,"extendedIngredients":[{"id":10123,"aisle":"Meat","image":"raw-bacon.png","consistency":"solid","name":"bacon","nameClean":"applewood smoked bacon","original":"75 grams bacon cubes","originalString":"75 grams bacon cubes","originalName":"bacon cubes","amount":75.0,"unit":"grams","meta":[],"metaInformation":[],"measures":{"us":{"amount":2.646,"unitShort":"oz","unitLong":"ounces"},"metric":{"amount":75.0,"unitShort":"g","unitLong":"grams"}}},{"id":1002046,"aisle":"Condiments","image":"dijon-mustard.jpg","consistency":"liquid","name":"dijon mustard","nameClean":"creole mustard","original":"1 teaspoon Dijon mustard","originalString":"1 teaspoon Dijon mustard","originalName":"Dijon mustard","amount":1.0,"unit":"teaspoon","meta":[],"metaInformation":[],"measures":{"us":{"amount":1.0,"unitShort":"tsp","unitLong":"teaspoon"},"metric":{"amount":1.0,"unitShort":"tsp","unitLong":"teaspoon"}}},{"id":2029,"aisle":"Spices and Seasonings","image":"dried-parsley.png","consistency":"solid","name":"dried parsley","nameClean":"dried parsley","original":"Pinch of dried parsley","originalString":"Pinch of dried parsley","originalName":"Pinch of dried parsley","amount":1.0,"unit":"pinch","meta":["dried"],"metaInformation":["dried"],"measures":{"us":{"amount":1.0,"unitShort":"pinch","unitLong":"pinch"},"metric":{"amount":1.0,"unitShort":"pinch","unitLong":"pinch"}}},{"id":9152,"aisle":"Produce","image":"lemon-juice.jpg","consistency":"liquid","name":"juice of lemon","nameClean":"lemon juice","original":"1/2 Lemon, juiced","originalString":"1/2 Lemon, juiced","originalName":"Lemon, juiced","amount":0.5,"unit":"","meta":["juiced"],"metaInformation":["juiced"],"measures":{"us":{"amount":0.5,"unitShort":"","unitLong":""},"metric":{"amount":0.5,"unitShort":"","unitLong":""}}},{"id":4053,"aisle":"Oil, Vinegar, Salad Dressing","image":"olive-oil.jpg","consistency":"liquid","name":"olive oil","nameClean":"olive oil","original":"40 ml Olive oil","originalString":"40 ml Olive oil","originalName":"Olive oil","amount":40.0,"unit":"ml","meta":[],"metaInformation":[],"measures":{"us":{"amount":1.353,"unitShort":"fl. oz","unitLong":"fl. ozs"},"metric":{"amount":40.0,"unitShort":"ml","unitLong":"milliliters"}}},{"id":11352,"aisle":"Produce","image":"potatoes-yukon-gold.png","consistency":"solid","name":"potatoes","nameClean":"potato","original":"500 grams Charlotte potatoes (or any new potato variety)","originalString":"500 grams Charlotte potatoes (or any new potato variety)","originalName":"Charlotte potatoes (or any new potato variety)","amount":500.0,"unit":"grams","meta":["or any new potato variety)"],"metaInformation":["or any new potato variety)"],"measures":{"us":{"amount":1.102,"unitShort":"lb","unitLong":"pounds"},"metric":{"amount":500.0,"unitShort":"g","unitLong":"grams"}}},{"id":1102047,"aisle":"Spices and Seasonings","image":"salt-and-pepper.jpg","consistency":"solid","name":"salt and pepper","nameClean":"salt and pepper","original":"Salt and freshly ground black pepper","originalString":"Salt and freshly ground black pepper","originalName":"Salt and freshly ground black pepper","amount":4.0,"unit":"servings","meta":["black","freshly ground"],"metaInformation":["black","freshly ground"],"measures":{"us":{"amount":4.0,"unitShort":"servings","unitLong":"servings"},"metric":{"amount":4.0,"unitShort":"servings","unitLong":"servings"}}},{"id":11291,"aisle":"Produce","image":"spring-onions.jpg","consistency":"solid","name":"spring onions","nameClean":"spring onions","original":"1 stalk Spring onions, finely chopped","originalString":"1 stalk Spring onions, finely chopped","originalName":"Spring onions, finely chopped","amount":1.0,"unit":"stalk","meta":["finely chopped"],"metaInformation":["finely chopped"],"measures":{"us":{"amount":1.0,"unitShort":"stalk","unitLong":"stalk"},"metric":{"amount":1.0,"unitShort":"stalk","unitLong":"stalk"}}}],"id":637458,"title":"Charlotte Potato Salad","readyInMinutes":30,"servings":4,"sourceUrl":"http://www.foodista.com/recipe/8MHQWYGF/charlotte-potato-salad","image":"https://spoonacular.com/recipeImages/637458-556x370.jpg","imageType":"jpg","summary":"Charlotte Potato Salad might be just the side dish you are searching for. One serving contains <b>242 calories</b>, <b>6g of protein</b>, and <b>18g of fat</b>. This recipe serves 4 and costs 61 cents per serving. It can be enjoyed any time, but it is especially good for <b>The Fourth Of July</b>. 12 people have made this recipe and would make it again. From preparation to the plate, this recipe takes around <b>30 minutes</b>. It is a good option if you're following a <b>gluten free, dairy free, and whole 30</b> diet. If you have bacon cubes, dijon mustard, spring onions, and a few other ingredients on hand, you can make it. All things considered, we decided this recipe <b>deserves a spoonacular score of 48%</b>. This score is good. Try <a href=\"https://spoonacular.com/recipes/green-charlotte-salad-227918\">Green Charlotte Salad</a>, <a href=\"https://spoonacular.com/recipes/charlottes-tortellini-salad-397965\">Charlotte's Tortellini Salad</a>, and <a href=\"https://spoonacular.com/recipes/tiramisu-charlotte-149474\">Tiramisu Charlotte</a> for similar recipes.","cuisines":[],"dishTypes":["salad"],"diets":["gluten free","dairy free"],"occasions":["father's day","4th of july","summer"],"instructions":"<ol><li>Boil the potatoes in salted water until they are just soft.</li><li>Drain and peel off the skin.</li><li>Whisk together lemon juice, mustard, pepper and salt until blended.</li><li>Then start to slowly beat in the olive oil.</li><li>Add in the spring onions.</li><li>Dry fry the bacon cubes over a low heat for 5 minutes.</li><li>Add the bacon cubes to the dressing.</li><li>Thickly slice the warm potatoes and add to a serving bowl.</li><li>Then pour the dressing over.</li><li>Toss to mix through.</li><li>Sprinkle the parsley over before serving.</li></ol>","analyzedInstructions":[{"name":"","steps":[{"number":1,"step":"Boil the potatoes in salted water until they are just soft.","ingredients":[{"id":11352,"name":"potato","localizedName":"potato","image":"potatoes-yukon-gold.png"},{"id":14412,"name":"water","localizedName":"water","image":"water.png"}],"equipment":[]},{"number":2,"step":"Drain and peel off the skin.","ingredients":[],"equipment":[]},{"number":3,"step":"Whisk together lemon juice, mustard, pepper and salt until blended.Then start to slowly beat in the olive oil.","ingredients":[{"id":9152,"name":"lemon juice","localizedName":"lemon juice","image":"lemon-juice.jpg"},{"id":4053,"name":"olive oil","localizedName":"olive oil","image":"olive-oil.jpg"},{"id":2046,"name":"mustard","localizedName":"mustard","image":"regular-mustard.jpg"},{"id":1002030,"name":"pepper","localizedName":"pepper","image":"pepper.jpg"},{"id":2047,"name":"salt","localizedName":"salt","image":"salt.jpg"}],"equipment":[{"id":404661,"name":"whisk","localizedName":"whisk","image":"whisk.png"}]},{"number":4,"step":"Add in the spring onions.Dry fry the bacon cubes over a low heat for 5 minutes.","ingredients":[{"id":11291,"name":"spring onions","localizedName":"spring onions","image":"spring-onions.jpg"},{"id":10123,"name":"bacon","localizedName":"bacon","image":"raw-bacon.png"}],"equipment":[],"length":{"number":5,"unit":"minutes"}},{"number":5,"step":"Add the bacon cubes to the dressing.Thickly slice the warm potatoes and add to a serving bowl.Then pour the dressing over.Toss to mix through.","ingredients":[{"id":11352,"name":"potato","localizedName":"potato","image":"potatoes-yukon-gold.png"},{"id":10123,"name":"bacon","localizedName":"bacon","image":"raw-bacon.png"}],"equipment":[{"id":404783,"name":"bowl","localizedName":"bowl","image":"bowl.jpg"}]},{"number":6,"step":"Sprinkle the parsley over before serving.","ingredients":[{"id":11297,"name":"parsley","localizedName":"parsley","image":"parsley.jpg"}],"equipment":[]}]}],"originalId":null,"spoonacularSourceUrl":"https://spoonacular.com/charlotte-potato-salad-637458"},{"vegetarian":false,"vegan":false,"glutenFree":true,"dairyFree":false,"veryHealthy":false,"cheap":false,"veryPopular":false,"sustainable":false,"weightWatcherSmartPoints":13,"gaps":"no","lowFodmap":false,"aggregateLikes":112,"spoonacularScore":93.0,"healthScore":37.0,"creditsText":"Foodista.com – The Cooking Encyclopedia Everyone Can Edit","license":"CC BY 3.0","sourceName":"Foodista","pricePerServing":305.72,"extendedIngredients":[{"id":10211821,"aisle":"Produce","image":"yellow-bell-pepper.jpg","consistency":"solid","name":"bell peppers","nameClean":"bell pepper","original":"4 bell peppers (choose your favorite color!)","originalString":"4 bell peppers (choose your favorite color!)","originalName":"bell peppers (choose your favorite color!)","amount":4.0,"unit":"","meta":["your favorite","(choose color!)"],"metaInformation":["your favorite","(choose color!)"],"measures":{"us":{"amount":4.0,"unitShort":"","unitLong":""},"metric":{"amount":4.0,"unitShort":"","unitLong":""}}},{"id":1002030,"aisle":"Spices and Seasonings","image":"pepper.jpg","consistency":"solid","name":"black pepper","nameClean":"black pepper","original":"1 tsp black pepper","originalString":"1 tsp black pepper","originalName":"black pepper","amount":1.0,"unit":"tsp","meta":["black"],"metaInformation":["black"],"measures":{"us":{"amount":1.0,"unitShort":"tsp","unitLong":"teaspoon"},"metric":{"amount":1.0,"unitShort":"tsp","unitLong":"teaspoon"}}},{"id":11549,"aisle":"Pasta and Rice","image":"tomato-sauce-or-pasta-sauce.jpg","consistency":"solid","name":"canned tomato sauce","nameClean":"canned tomato sauce","original":"1 (8oz) can tomato sauce","originalString":"1 (8oz) can tomato sauce","originalName":"tomato sauce","amount":8.0,"unit":"oz","meta":["canned"],"metaInformation":["canned"],"measures":{"us":{"amount":8.0,"unitShort":"oz","unitLong":"ounces"},"metric":{"amount":226.796,"unitShort":"g","unitLong":"grams"}}},{"id":10011693,"aisle":"Canned and Jarred","image":"tomatoes-canned.png","consistency":"solid","name":"canned tomatoes","nameClean":"canned tomatoes","original":"1 (8oz) can diced tomatoes","originalString":"1 (8oz) can diced tomatoes","originalName":"diced tomatoes","amount":8.0,"unit":"oz","meta":["diced","canned"],"metaInformation":["diced","canned"],"measures":{"us":{"amount":8.0,"unitShort":"oz","unitLong":"ounces"},"metric":{"amount":226.796,"unitShort":"g","unitLong":"grams"}}},{"id":2029,"aisle":"Spices and Seasonings","image":"dried-parsley.png","consistency":"solid","name":"dried parsley","nameClean":"dried parsley","original":"2 tbsp dried parsley","originalString":"2 tbsp dried parsley","originalName":"dried parsley","amount":2.0,"unit":"tbsp","meta":["dried"],"metaInformation":["dried"],"measures":{"us":{"amount":2.0,"unitShort":"Tbsps","unitLong":"Tbsps"},"metric":{"amount":2.0,"unitShort":"Tbsps","unitLong":"Tbsps"}}},{"id":1123,"aisle":"Milk, Eggs, Other Dairy","image":"egg.png","consistency":"solid","name":"eggs","nameClean":"egg","original":"2 eggs","originalString":"2 eggs","originalName":"eggs","amount":2.0,"unit":"","meta":[],"metaInformation":[],"measures":{"us":{"amount":2.0,"unitShort":"","unitLong":""},"metric":{"amount":2.0,"unitShort":"","unitLong":""}}},{"id":11215,"aisle":"Produce","image":"garlic.png","consistency":"solid","name":"garlic","nameClean":"garlic","original":"1 tbsp minced garlic","originalString":"1 tbsp minced garlic","originalName":"minced garlic","amount":1.0,"unit":"tbsp","meta":["minced"],"metaInformation":["minced"],"measures":{"us":{"amount":1.0,"unitShort":"Tbsp","unitLong":"Tbsp"},"metric":{"amount":1.0,"unitShort":"Tbsp","unitLong":"Tbsp"}}},{"id":10023572,"aisle":"Meat","image":"fresh-ground-beef.jpg","consistency":"solid","name":"ground beef","nameClean":"ground chuck","original":"1/2 lb ground beef","originalString":"1/2 lb ground beef","originalName":"ground beef","amount":0.5,"unit":"lb","meta":[],"metaInformation":[],"measures":{"us":{"amount":0.5,"unitShort":"lb","unitLong":"pounds"},"metric":{"amount":226.796,"unitShort":"g","unitLong":"grams"}}},{"id":5662,"aisle":"Meat","image":"meat-ground.jpg","consistency":"solid","name":"ground turkey","nameClean":"ground turkey","original":"1/2 lb ground turkey","originalString":"1/2 lb ground turkey","originalName":"ground turkey","amount":0.5,"unit":"lb","meta":[],"metaInformation":[],"measures":{"us":{"amount":0.5,"unitShort":"lb","unitLong":"pounds"},"metric":{"amount":226.796,"unitShort":"g","unitLong":"grams"}}},{"id":11282,"aisle":"Produce","image":"brown-onion.png","consistency":"solid","name":"onion","nameClean":"onion","original":"1 onion, diced","originalString":"1 onion, diced","originalName":"onion, diced","amount":1.0,"unit":"","meta":["diced"],"metaInformation":["diced"],"measures":{"us":{"amount":1.0,"unitShort":"","unitLong":""},"metric":{"amount":1.0,"unitShort":"","unitLong":""}}},{"id":1033,"aisle":"Cheese","image":"parmesan.jpg","consistency":"solid","name":"parmesan cheese","nameClean":"parmesan","original":"1/4 cup grated parmesan cheese","originalString":"1/4 cup grated parmesan cheese","originalName":"grated parmesan cheese","amount":0.25,"unit":"cup","meta":["grated"],"metaInformation":["grated"],"measures":{"us":{"amount":0.25,"unitShort":"cups","unitLong":"cups"},"metric":{"amount":59.147,"unitShort":"ml","unitLong":"milliliters"}}},{"id":20444,"aisle":"Pasta and Rice","image":"uncooked-white-rice.png","consistency":"solid","name":"rice","nameClean":"rice","original":"1/2 cup uncooked rice","originalString":"1/2 cup uncooked rice","originalName":"uncooked rice","amount":0.5,"unit":"cup","meta":["uncooked"],"metaInformation":["uncooked"],"measures":{"us":{"amount":0.5,"unitShort":"cups","unitLong":"cups"},"metric":{"amount":118.294,"unitShort":"ml","unitLong":"milliliters"}}},{"id":19335,"aisle":"Baking","image":"sugar-in-bowl.png","consistency":"solid","name":"sugar","nameClean":"sugar","original":"1 heaping tbsp sugar","originalString":"1 heaping tbsp sugar","originalName":"heaping tbsp sugar","amount":1.0,"unit":"tbsp","meta":[],"metaInformation":[],"measures":{"us":{"amount":1.0,"unitShort":"Tbsp","unitLong":"Tbsp"},"metric":{"amount":1.0,"unitShort":"Tbsp","unitLong":"Tbsp"}}},{"id":6159,"aisle":"Canned and Jarred","image":"tomato-soup.png","consistency":"liquid","name":"tomato soup","nameClean":"tomato soup","original":"1 (8oz) can tomato soup","originalString":"1 (8oz) can tomato soup","originalName":"tomato soup","amount":8.0,"unit":"oz","meta":["canned"],"metaInformation":["canned"],"measures":{"us":{"amount":8.0,"unitShort":"oz","unitLong":"ounces"},"metric":{"amount":226.796,"unitShort":"g","unitLong":"grams"}}},{"id":6971,"aisle":"Condiments","image":"dark-sauce.jpg","consistency":"liquid","name":"worcestershire sauce","nameClean":"worcestershire sauce","original":"1 tbsp Worcestershire sauce","originalString":"1 tbsp Worcestershire sauce","originalName":"Worcestershire sauce","amount":1.0,"unit":"tbsp","meta":[],"metaInformation":[],"measures":{"us":{"amount":1.0,"unitShort":"Tbsp","unitLong":"Tbsp"},"metric":{"amount":1.0,"unitShort":"Tbsp","unitLong":"Tbsp"}}}],"id":645978,"title":"Ground Turkey Stuffed Peppers","readyInMinutes":45,"servings":4,"sourceUrl":"http://www.foodista.com/recipe/VKY3BZ5J/ground-turkey-stuffed-peppers","image":"https://spoonacular.com/recipeImages/645978-556x370.jpg","imageType":"jpg","summary":"Ground Turkey Stuffed Peppers might be just the main course you are searching for. One serving contains <b>486 calories</b>, <b>34g of protein</b>, and <b>17g of fat</b>. This recipe serves 4 and costs $3.06 per serving. Plenty of people made this recipe, and 110 would say it hit the spot. It is a good option if you're following a <b>gluten free</b> diet. If you have parmesan cheese, parsley, tomato soup, and a few other ingredients on hand, you can make it. To use up the onion you could follow this main course with the <a href=\"https://spoonacular.com/recipes/candy-corn-cupcakes-63881\">Candy Corn Cupcakes</a> as a dessert. From preparation to the plate, this recipe takes about <b>45 minutes</b>. All things considered, we decided this recipe <b>deserves a spoonacular score of 94%</b>. This score is spectacular. Try <a href=\"https://spoonacular.com/recipes/stuffed-peppers-with-ground-turkey-662070\">Stuffed Peppers With Ground Turkey</a>, <a href=\"https://spoonacular.com/recipes/ground-turkey-and-tarragon-stuffed-peppers-5-points-548332\">Ground Turkey and Tarragon Stuffed Peppers – 5 Points</a>, and <a href=\"https://spoonacular.com/recipes/moms-ground-turkey-and-peppers-245881\">Mom’s Ground Turkey and Peppers</a> for similar recipes.","cuisines":[],"dishTypes":["lunch","main course","main dish","dinner"],"diets":["gluten free"],"occasions":[],"instructions":"<ol><li>Cook rice then knead it together with remaining filling ingredients. Cut tops off peppers and fill each one. Place in your slow cooker or a large stove-top pot. Mix together sauce ingredients. Top each stuffed pepper with sauce and pour remaining sauce all around the stuffed peppers. Cook on medium/low for about an hour. Top with grated parmesan cheese and a little parsley for looks and serve warm.</li></ol>","analyzedInstructions":[{"name":"","steps":[{"number":1,"step":"Cook rice then knead it together with remaining filling ingredients.","ingredients":[{"id":20444,"name":"rice","localizedName":"rice","image":"uncooked-white-rice.png"}],"equipment":[]},{"number":2,"step":"Cut tops off peppers and fill each one.","ingredients":[{"id":10111333,"name":"peppers","localizedName":"peppers","image":"green-pepper.jpg"}],"equipment":[]},{"number":3,"step":"Place in your slow cooker or a large stove-top pot.","ingredients":[],"equipment":[{"id":404718,"name":"slow cooker","localizedName":"slow cooker","image":"slow-cooker.jpg"},{"id":404794,"name":"stove","localizedName":"stove","image":"oven.jpg"},{"id":404752,"name":"pot","localizedName":"pot","image":"stock-pot.jpg"}]},{"number":4,"step":"Mix together sauce ingredients. Top each stuffed pepper with sauce and pour remaining sauce all around the stuffed peppers. Cook on medium/low for about an hour. Top with grated parmesan cheese and a little parsley for looks and serve warm.","ingredients":[{"id":1032,"name":"grated parmesan cheese","localizedName":"grated parmesan cheese","image":"parmesan.jpg"},{"id":11297,"name":"parsley","localizedName":"parsley","image":"parsley.jpg"},{"id":10111333,"name":"peppers","localizedName":"peppers","image":"green-pepper.jpg"},{"id":1002030,"name":"pepper","localizedName":"pepper","image":"pepper.jpg"},{"id":0,"name":"sauce","localizedName":"sauce","image":""}],"equipment":[]}]}],"originalId":null,"spoonacularSourceUrl":"https://spoonacular.com/ground-turkey-stuffed-peppers-645978"}]}