{"recipes":[{"vegetarian":true,"vegan":true,"glutenFree":true,"dairyFree":true,"veryHealthy":false,"cheap":false,"veryPopular":false,"sustainable":false,"weightWatcherSmartPoints":8,"gaps":"no","lowFodmap":false,"aggregateLikes":309,"spoonacularScore":69.0,"healthScore":11.0,"creditsText":"Lisa's Vegetarian Kitchen","license":"CC BY 2.5 CA","sourceName":"Food and Spice","pricePerServing":95.48,"extendedIngredients":[{"id":10716050,"aisle":"Pasta and Rice;Canned and Jarred","image":"cooked-cannellini-beans.png","consistency":"solid","name":"cannellini beans","nameClean":"cannellini beans","original":"1 1/4 cups dried cannellini (white kidney) beans (3 3/4 cups cooked)","originalString":"1 1/4 cups dried cannellini (white kidney) beans (3 3/4 cups cooked)","originalName":"1/4 cups dried cannellini (white kidney) beans cooked)","amount":3.75,"unit":"cups","meta":["dried","white","cooked","( kidney)"],"metaInformation":["dried","white","cooked","( kidney)"],"measures":{"us":{"amount":3.75,"unitShort":"cups","unitLong":"cups"},"metric":{"amount":887.205,"unitShort":"ml","unitLong":"milliliters"}}},{"id":93604,"aisle":"Ethnic Foods","image":"curry-leaves.jpg","consistency":"solid","name":"curry leaves","nameClean":"curry leaves","original":"handful of dried curry leaves, crumbled (or 1 bay leaf)","originalString":"handful of dried curry leaves, crumbled (or 1 bay leaf)","originalName":"dried curry leaves, crumbled (or 1 bay leaf)","amount":1.0,"unit":"handful","meta":["dried","crumbled","(or 1 bay leaf)"],"metaInformation":["dried","crumbled","(or 1 bay leaf)"],"measures":{"us":{"amount":1.0,"unitShort":"handful","unitLong":"handful"},"metric":{"amount":1.0,"unitShort":"handful","unitLong":"handful"}}},{"id":2041,"aisle":"Produce","image":"tarragon.jpg","consistency":"solid","name":"fresh tarragon","nameClean":"tarragon","original":"1/4 cup fresh tarragon","originalString":"1/4 cup fresh tarragon","originalName":"fresh tarragon","amount":0.25,"unit":"cup","meta":["fresh"],"metaInformation":["fresh"],"measures":{"us":{"amount":0.25,"unitShort":"cups","unitLong":"cups"},"metric":{"amount":59.147,"unitShort":"ml","unitLong":"milliliters"}}},{"id":11215,"aisle":"Produce","image":"garlic.png","consistency":"solid","name":"garlic","nameClean":"garlic","original":"1 clove garlic, minced or crushed","originalString":"1 clove garlic, minced or crushed","originalName":"garlic, minced or crushed","amount":1.0,"unit":"clove","meta":["minced","crushed"],"metaInformation":["minced","crushed"],"measures":{"us":{"amount":1.0,"unitShort":"clove","unitLong":"clove"},"metric":{"amount":1.0,"unitShort":"clove","unitLong":"clove"}}},{"id":9152,"aisle":"Produce","image":"lemon-juice.jpg","consistency":"liquid","name":"juice of lemon","nameClean":"lemon juice","original":"juice from 1 lemon (3 tablespoons)","originalString":"juice from 1 lemon (3 tablespoons)","originalName":"juice from 1 lemon","amount":3.0,"unit":"","meta":[],"metaInformation":[],"measures":{"us":{"amount":3.0,"unitShort":"","unitLong":""},"metric":{"amount":3.0,"unitShort":"","unitLong":""}}},{"id":9156,"aisle":"Produce","image":"zest-lemon.jpg","consistency":"solid","name":"lemon zest","nameClean":"lemon peel","original":"1 teaspoon grated lemon zest","originalString":"1 teaspoon grated lemon zest","originalName":"grated lemon zest","amount":1.0,"unit":"teaspoon","meta":["grated"],"metaInformation":["grated"],"measures":{"us":{"amount":1.0,"unitShort":"tsp","unitLong":"teaspoon"},"metric":{"amount":1.0,"unitShort":"tsp","unitLong":"teaspoon"}}},{"id":4053,"aisle":"Oil, Vinegar, Salad Dressing","image":"olive-oil.jpg","consistency":"liquid","name":"olive oil","nameClean":"olive oil","original":"1/2 cup olive oil","originalString":"1/2 cup olive oil","originalName":"olive oil","amount":0.5,"unit":"cup","meta":[],"metaInformation":[],"measures":{"us":{"amount":0.5,"unitShort":"cups","unitLong":"cups"},"metric":{"amount":118.294,"unitShort":"ml","unitLong":"milliliters"}}},{"id":4053,"aisle":"Oil, Vinegar, Salad Dressing","image":"olive-oil.jpg","consistency":"liquid","name":"olive oil","nameClean":"olive oil","original":"2 teaspoons olive oil","originalString":"2 teaspoons olive oil","originalName":"olive oil","amount":2.0,"unit":"teaspoons","meta":[],"metaInformation":[],"measures":{"us":{"amount":2.0,"unitShort":"tsps","unitLong":"teaspoons"},"metric":{"amount":2.0,"unitShort":"tsps","unitLong":"teaspoons"}}},{"id":1002030,"aisle":"Spices and Seasonings","image":"pepper.jpg","consistency":"solid","name":"pepper","nameClean":"black pepper","original":"fresh cracked black pepper to taste","originalString":"fresh cracked black pepper to taste","originalName":"fresh cracked black pepper to taste","amount":6.0,"unit":"servings","meta":["fresh","black","to taste"],"metaInformation":["fresh","black","to taste"],"measures":{"us":{"amount":6.0,"unitShort":"servings","unitLong":"servings"},"metric":{"amount":6.0,"unitShort":"servings","unitLong":"servings"}}},{"id":1012047,"aisle":"Spices and Seasonings","image":"salt.jpg","consistency":"solid","name":"sea salt","nameClean":"coarse sea salt","original":"1 teaspoon sea salt, or to taste","originalString":"1 teaspoon sea salt, or to taste","originalName":"sea salt, or to taste","amount":1.0,"unit":"teaspoon","meta":["to taste"],"metaInformation":["to taste"],"measures":{"us":{"amount":1.0,"unitShort":"tsp","unitLong":"teaspoon"},"metric":{"amount":1.0,"unitShort":"tsp","unitLong":"teaspoon"}}},{"id":11260,"aisle":"Produce","image":"mushrooms-white.jpg","consistency":"solid","name":"white mushrooms","nameClean":"fresh mushrooms","original":"8 large white mushrooms, sliced","originalString":"8 large white mushrooms, sliced","originalName":"white mushrooms, sliced","amount":8.0,"unit":"large","meta":["white","sliced"],"metaInformation":["white","sliced"],"measures":{"us":{"amount":8.0,"unitShort":"large","unitLong":"larges"},"metric":{"amount":8.0,"unitShort":"large","unitLong":"larges"}}},{"id":1012046,"aisle":"Condiments","image":"whole-grain-mustard.png","consistency":"liquid","name":"whole-grain mustard","nameClean":"whole grain mustard","original":"1 to 1 1/2 teaspoons Dijon or grain mustard, to taste","originalString":"1 to 1 1/2 teaspoons Dijon or grain mustard, to taste","originalName":"Dijon or grain mustard, to taste","amount":1.0,"unit":"teaspoons","meta":["to taste"],"metaInformation":["to taste"],"measures":{"us":{"amount":1.0,"unitShort":"tsp","unitLong":"teaspoon"},"metric":{"amount":1.0,"unitShort":"tsp","unitLong":"teaspoon"}}}],"id":782585,"title":"Cannellini Bean and Asparagus Salad with Mushrooms","readyInMinutes":45,"servings":6,"sourceUrl":"http://foodandspice.blogspot.com/2016/05/cannellini-bean-and-asparagus-salad.html","image":"https://spoonacular.com/recipeImages/782585-556x370.jpg","imageType":"jpg","summary":"Need a <b>gluten free and vegan side dish</b>? Cannellini Bean and Asparagus Salad with Mushrooms could be a tremendous recipe to try. One serving contains <b>269 calories</b>, <b>8g of protein</b>, and <b>20g of fat</b>. For <b>93 cents per serving</b>, this recipe <b>covers 8%</b> of your daily requirements of vitamins and minerals. Plenty of people made this recipe, and 309 would say it hit the spot. From preparation to the plate, this recipe takes approximately <b>45 minutes</b>. If you have lemon zest, grain mustard, tarragon, and a few other ingredients on hand, you can make it. All things considered, we decided this recipe <b>deserves a spoonacular score of 70%</b>. This score is solid. Try <a href=\"https://spoonacular.com/recipes/cannellini-bean-salad-422994\">Cannellini Bean Salad</a>, <a href=\"https://spoonacular.com/recipes/refreshing-cannellini-bean-salad-113127\">Refreshing Cannellini Bean Salad</a>, and <a href=\"https://spoonacular.com/recipes/avocado-and-cannellini-bean-salad-633120\">Avocado and Cannellini Bean Salad</a> for similar recipes.","cuisines":[],"dishTypes":["side dish"],"diets":["gluten free","dairy free","lacto ovo vegetarian","vegan"],"occasions":[],"instructions":"Rinse the cannellini beans and soak for 8 hours or overnight in several inches of water. Drain and rinse, then transfer to a medium saucepan and cover with fresh water. Add the curry leaves or bay leaf and bring to a boil. Reduce heat to medium-low, cover, and simmer for 1 hour or until the beans are tender but not falling apart. Drain and transfer to a large salad bowl.Meanwhile, snap the woody ends off of the asparagus spears and steam the spears for 6 minutes or until just tender but still retaining their crunch. Transfer to the salad bowl.Now cook the mushrooms. Heat the oil in a large skillet over high heat. As soon as the oil is hot, drop in the mushrooms and cook, stirring constantly, for 5 minutes or until the mushrooms begin to brown and lose some of their liquid. Transfer to the bowl with the asparagus.To make the dressing, combine the tarragon, lemon zest, garlic, lemon juice, olive oil and mustard in a small food processor or blender. Process until smooth.Pour the dressing over the salad, season with salt and pepper, and toss. Serve at room temperature or chilled.","analyzedInstructions":[{"name":"","steps":[{"number":1,"step":"Rinse the cannellini beans and soak for 8 hours or overnight in several inches of water.","ingredients":[{"id":10716050,"name":"cannellini beans","localizedName":"cannellini beans","image":"cooked-cannellini-beans.png"},{"id":14412,"name":"water","localizedName":"water","image":"water.png"}],"equipment":[],"length":{"number":480,"unit":"minutes"}},{"number":2,"step":"Drain and rinse, then transfer to a medium saucepan and cover with fresh water.","ingredients":[{"id":14412,"name":"water","localizedName":"water","image":"water.png"}],"equipment":[{"id":404669,"name":"sauce pan","localizedName":"sauce pan","image":"sauce-pan.jpg"}]},{"number":3,"step":"Add the curry leaves or bay leaf and bring to a boil. Reduce heat to medium-low, cover, and simmer for 1 hour or until the beans are tender but not falling apart.","ingredients":[{"id":93604,"name":"curry leaves","localizedName":"curry leaves","image":"curry-leaves.jpg"},{"id":2004,"name":"bay leaves","localizedName":"bay leaves","image":"bay-leaves.jpg"},{"id":0,"name":"beans","localizedName":"beans","image":"kidney-beans.jpg"}],"equipment":[],"length":{"number":60,"unit":"minutes"}},{"number":4,"step":"Drain and transfer to a large salad bowl.Meanwhile, snap the woody ends off of the asparagus spears and steam the spears for 6 minutes or until just tender but still retaining their crunch.","ingredients":[{"id":11011,"name":"asparagus","localizedName":"asparagus","image":"asparagus.png"}],"equipment":[{"id":404783,"name":"bowl","localizedName":"bowl","image":"bowl.jpg"}],"length":{"number":6,"unit":"minutes"}},{"number":5,"step":"Transfer to the salad bowl.Now cook the mushrooms.","ingredients":[{"id":11260,"name":"mushrooms","localizedName":"mushrooms","image":"mushrooms.png"}],"equipment":[{"id":404783,"name":"bowl","localizedName":"bowl","image":"bowl.jpg"}]},{"number":6,"step":"Heat the oil in a large skillet over high heat. As soon as the oil is hot, drop in the mushrooms and cook, stirring constantly, for 5 minutes or until the mushrooms begin to brown and lose some of their liquid.","ingredients":[{"id":11260,"name":"mushrooms","localizedName":"mushrooms","image":"mushrooms.png"},{"id":4582,"name":"cooking oil","localizedName":"cooking oil","image":"vegetable-oil.jpg"}],"equipment":[{"id":404645,"name":"frying pan","localizedName":"frying pan","image":"pan.png"}],"length":{"number":5,"unit":"minutes"}},{"number":7,"step":"Transfer to the bowl with the asparagus.To make the dressing, combine the tarragon, lemon zest, garlic, lemon juice, olive oil and mustard in a small food processor or blender. Process until smooth.","ingredients":[{"id":9152,"name":"lemon juice","localizedName":"lemon juice","image":"lemon-juice.jpg"},{"id":9156,"name":"lemon zest","localizedName":"lemon zest","image":"zest-lemon.jpg"},{"id":11011,"name":"asparagus","localizedName":"asparagus","image":"asparagus.png"},{"id":4053,"name":"olive oil","localizedName":"olive oil","image":"olive-oil.jpg"},{"id":2041,"name":"tarragon","localizedName":"tarragon","image":"tarragon.jpg"},{"id":2046,"name":"mustard","localizedName":"mustard","image":"regular-mustard.jpg"},{"id":11215,"name":"garlic","localizedName":"garlic","image":"garlic.png"}],"equipment":[{"id":404771,"name":"food processor","localizedName":"food processor","image":"food-processor.png"},{"id":404726,"name":"blender","localizedName":"blender","image":"blender.png"},{"id":404783,"name":"bowl","localizedName":"bowl","image":"bowl.jpg"}]},{"number":8,"step":"Pour the dressing over the salad, season with salt and pepper, and toss.","ingredients":[{"id":1102047,"name":"salt and pepper","localizedName":"salt and pepper","image":"salt-and-pepper.jpg"}],"equipment":[]},{"number":9,"step":"Serve at room temperature or chilled.","ingredients":[],"equipment":[]}]}],"originalId":null,"spoonacularSourceUrl":"https://spoonacular.com/cannellini-bean-and-asparagus-salad-with-mushrooms-782585"},{"vegetarian":false,"vegan":false,"glutenFree":true,"dairyFree":false,"veryHealthy":false,"cheap":false,"veryPopular":false,"sustainable":false,"weightWatcherSmartPoints":13,"gaps":"no","lowFodmap":false,"aggregateLikes":19,"spoonacularScore":61.0,"healthScore":12.0,"creditsText":"Foodista.com – The Cooking Encyclopedia Everyone Can Edit","license":"CC BY 3.0","sourceName":"Foodista","pricePerServing":215.94,"extendedIngredients":[{"id":10123,"aisle":"Meat","image":"raw-bacon.png","consistency":"solid","name":"bacon","nameClean":"applewood smoked bacon","original":"4 slices bacon","originalString":"4 slices bacon","originalName":"bacon","amount":4.0,"unit":"slices","meta":[],"metaInformation":[],"measures":{"us":{"amount":4.0,"unitShort":"slice","unitLong":"slices"},"metric":{"amount":4.0,"unitShort":"slice","unitLong":"slices"}}},{"id":1002030,"aisle":"Spices and Seasonings","image":"pepper.jpg","consistency":"solid","name":"black pepper","nameClean":"black pepper","original":"1/4 teaspoon freshly ground black pepper","originalString":"1/4 teaspoon freshly ground black pepper","originalName":"freshly ground black pepper","amount":0.25,"unit":"teaspoon","meta":["black","freshly ground"],"metaInformation":["black","freshly ground"],"measures":{"us":{"amount":0.25,"unitShort":"tsps","unitLong":"teaspoons"},"metric":{"amount":0.25,"unitShort":"tsps","unitLong":"teaspoons"}}},{"id":1001,"aisle":"Milk, Eggs, Other Dairy","image":"butter-sliced.jpg","consistency":"solid","name":"butter","nameClean":"butter","original":"2 tablespoons to 3 melted unsalted butter","originalString":"2 tablespoons to 3 melted unsalted butter","originalName":"to 3 melted unsalted butter","amount":2.0,"unit":"tablespoons","meta":["unsalted","melted"],"metaInformation":["unsalted","melted"],"measures":{"us":{"amount":2.0,"unitShort":"Tbsps","unitLong":"Tbsps"},"metric":{"amount":2.0,"unitShort":"Tbsps","unitLong":"Tbsps"}}},{"id":1017,"aisle":"Cheese","image":"cream-cheese.jpg","consistency":"solid","name":"cream cheese","nameClean":"cream cheese","original":"3 ounces pkg. cream cheese","originalString":"3 ounces pkg. cream cheese","originalName":"pkg. cream cheese","amount":3.0,"unit":"ounces","meta":[],"metaInformation":[],"measures":{"us":{"amount":3.0,"unitShort":"oz","unitLong":"ounces"},"metric":{"amount":85.049,"unitShort":"g","unitLong":"grams"}}},{"id":2041,"aisle":"Produce","image":"tarragon.jpg","consistency":"solid","name":"fresh tarragon","nameClean":"tarragon","original":"4 tablespoons fresh tarragon, finely chopped","originalString":"4 tablespoons fresh tarragon, finely chopped","originalName":"fresh tarragon, finely chopped","amount":4.0,"unit":"tablespoons","meta":["fresh","finely chopped"],"metaInformation":["fresh","finely chopped"],"measures":{"us":{"amount":4.0,"unitShort":"Tbsps","unitLong":"Tbsps"},"metric":{"amount":4.0,"unitShort":"Tbsps","unitLong":"Tbsps"}}},{"id":11215,"aisle":"Produce","image":"garlic.png","consistency":"solid","name":"garlic","nameClean":"garlic","original":"2 cloves garlic, minced","originalString":"2 cloves garlic, minced","originalName":"garlic, minced","amount":2.0,"unit":"cloves","meta":["minced"],"metaInformation":["minced"],"measures":{"us":{"amount":2.0,"unitShort":"cloves","unitLong":"cloves"},"metric":{"amount":2.0,"unitShort":"cloves","unitLong":"cloves"}}},{"id":4053,"aisle":"Oil, Vinegar, Salad Dressing","image":"olive-oil.jpg","consistency":"liquid","name":"olive oil","nameClean":"olive oil","original":"2 tablespoons butter or olive oil","originalString":"2 tablespoons butter or olive oil","originalName":"butter or olive oil","amount":2.0,"unit":"tablespoons","meta":[],"metaInformation":[],"measures":{"us":{"amount":2.0,"unitShort":"Tbsps","unitLong":"Tbsps"},"metric":{"amount":2.0,"unitShort":"Tbsps","unitLong":"Tbsps"}}},{"id":11282,"aisle":"Produce","image":"brown-onion.png","consistency":"solid","name":"onion","nameClean":"onion","original":"1/4 cup diced onion","originalString":"1/4 cup diced onion","originalName":"diced onion","amount":0.25,"unit":"cup","meta":["diced"],"metaInformation":["diced"],"measures":{"us":{"amount":0.25,"unitShort":"cups","unitLong":"cups"},"metric":{"amount":59.147,"unitShort":"ml","unitLong":"milliliters"}}},{"id":2047,"aisle":"Spices and Seasonings","image":"salt.jpg","consistency":"solid","name":"salt","nameClean":"salt","original":"1/4 teaspoon salt","originalString":"1/4 teaspoon salt","originalName":"salt","amount":0.25,"unit":"teaspoon","meta":[],"metaInformation":[],"measures":{"us":{"amount":0.25,"unitShort":"tsps","unitLong":"teaspoons"},"metric":{"amount":0.25,"unitShort":"tsps","unitLong":"teaspoons"}}},{"id":1055062,"aisle":"Meat","image":"chicken-breasts.png","consistency":"solid","name":"skinless boneless chicken breasts","nameClean":"boneless skinless chicken breast","original":"4 boneless, skinless chicken breasts","originalString":"4 boneless, skinless chicken breasts","originalName":"boneless, skinless chicken breasts","amount":4.0,"unit":"","meta":["boneless","skinless"],"metaInformation":["boneless","skinless"],"measures":{"us":{"amount":4.0,"unitShort":"","unitLong":""},"metric":{"amount":4.0,"unitShort":"","unitLong":""}}}],"id":640509,"title":"Cream Cheese Stuffed Chicken Breasts","readyInMinutes":45,"servings":4,"sourceUrl":"http://www.foodista.com/recipe/X5RRF6VF/cream-cheese-stuffed-chicken-breasts","image":"https://spoonacular.com/recipeImages/640509-556x370.jpg","imageType":"jpg","summary":"Cream Cheese Stuffed Chicken Breasts might be just the main course you are searching for. This recipe makes 4 servings with <b>433 calories</b>, <b>30g of protein</b>, and <b>32g of fat</b> each. For <b>$2.16 per serving</b>, this recipe <b>covers 19%</b> of your daily requirements of vitamins and minerals. It is a good option if you're following a <b>gluten free, primal, and ketogenic</b> diet. Only a few people made this recipe, and 6 would say it hit the spot. A mixture of onion, garlic, to 3 butter, and a handful of other ingredients are all it takes to make this recipe so flavorful. To use up the butter you could follow this main course with the <a href=\"https://spoonacular.com/recipes/cinnamon-butter-cake-60334\">Cinnamon Butter Cake</a> as a dessert. From preparation to the plate, this recipe takes roughly <b>45 minutes</b>. All things considered, we decided this recipe <b>deserves a spoonacular score of 59%</b>. This score is good. Try <a href=\"https://spoonacular.com/recipes/pesto-and-cream-cheese-stuffed-chicken-breasts-631475\">Pesto and Cream Cheese Stuffed Chicken Breasts</a>, <a href=\"https://spoonacular.com/recipes/cream-cheese-pesto-stuffed-chicken-breasts-697544\">Cream Cheese-&-Pesto-Stuffed Chicken Breasts</a>, and <a href=\"https://spoonacular.com/recipes/ham-and-cheese-stuffed-chicken-breasts-393827\">Ham and Cheese Stuffed Chicken Breasts</a> for similar recipes.","cuisines":[],"dishTypes":["lunch","main course","main dish","dinner"],"diets":["gluten free"],"occasions":[],"instructions":"<ol><li>Preheat the oven to 350 F.</li><li>In a small skillet, sweat the onions over medium-low heat in the butter or olive oil until they are soft and translucent, about 5 minutes.  Add the garlic and cook for another minute then remove from the heat and allow to cool.</li><li>In another skillet, saut the bacon over low heat until soft and the fat is beginning to render out, but dont allow it to brown.  Remove to a paper towel and set aside.</li><li>Place the chicken breasts between two sheets of waxed paper and evenly pound to 1/4-inch thickness, either with the smooth side of a  meat mallet or a small, heavy pan.  Season on both sides with the salt and pepper.</li><li>Stir the onion and garlic into the cream cheese until well blended; divide evenly between the chicken  by placing a dollop in the center of each breast.  Roll or fold the chicken around the cream cheese mixture, tucking the ends under and securing with toothpicks.  Sprinkle the tarragon evenly over the chicken packages, and wrap each with a piece of bacon.  Place in an 8x11 baking  dish and drizzle with the melted butter.</li><li>Bake for 25 to 30 minutes,  or until the chicken is done, the bacon is browned and the cream cheese is heated all the way through.  Serve immediately.</li></ol>","analyzedInstructions":[{"name":"","steps":[{"number":1,"step":"Preheat the oven to 350 F.In a small skillet, sweat the onions over medium-low heat in the butter or olive oil until they are soft and translucent, about 5 minutes.","ingredients":[{"id":4053,"name":"olive oil","localizedName":"olive oil","image":"olive-oil.jpg"},{"id":1001,"name":"butter","localizedName":"butter","image":"butter-sliced.jpg"},{"id":11282,"name":"onion","localizedName":"onion","image":"brown-onion.png"}],"equipment":[{"id":404645,"name":"frying pan","localizedName":"frying pan","image":"pan.png"},{"id":404784,"name":"oven","localizedName":"oven","image":"oven.jpg","temperature":{"number":350.0,"unit":"Fahrenheit"}}],"length":{"number":5,"unit":"minutes"}},{"number":2,"step":"Add the garlic and cook for another minute then remove from the heat and allow to cool.In another skillet, saut the bacon over low heat until soft and the fat is beginning to render out, but dont allow it to brown.","ingredients":[{"id":11215,"name":"garlic","localizedName":"garlic","image":"garlic.png"},{"id":10123,"name":"bacon","localizedName":"bacon","image":"raw-bacon.png"}],"equipment":[{"id":404645,"name":"frying pan","localizedName":"frying pan","image":"pan.png"}]},{"number":3,"step":"Remove to a paper towel and set aside.","ingredients":[],"equipment":[{"id":405895,"name":"paper towels","localizedName":"paper towels","image":"paper-towels.jpg"}]},{"number":4,"step":"Place the chicken breasts between two sheets of waxed paper and evenly pound to 1/4-inch thickness, either with the smooth side of a  meat mallet or a small, heavy pan.  Season on both sides with the salt and pepper.Stir the onion and garlic into the cream cheese until well blended; divide evenly between the chicken  by placing a dollop in the center of each breast.","ingredients":[{"id":5062,"name":"chicken breast","localizedName":"chicken breast","image":"chicken-breasts.png"},{"id":1102047,"name":"salt and pepper","localizedName":"salt and pepper","image":"salt-and-pepper.jpg"},{"id":1017,"name":"cream cheese","localizedName":"cream cheese","image":"cream-cheese.jpg"},{"id":5006,"name":"whole chicken","localizedName":"whole chicken","image":"whole-chicken.jpg"},{"id":11215,"name":"garlic","localizedName":"garlic","image":"garlic.png"},{"id":11282,"name":"onion","localizedName":"onion","image":"brown-onion.png"},{"id":1065062,"name":"meat","localizedName":"meat","image":"whole-chicken.jpg"}],"equipment":[{"id":3846,"name":"meat tenderizer","localizedName":"meat tenderizer","image":"meat-mallet.jpg"},{"id":404645,"name":"frying pan","localizedName":"frying pan","image":"pan.png"}]},{"number":5,"step":"Roll or fold the chicken around the cream cheese mixture, tucking the ends under and securing with toothpicks.","ingredients":[{"id":1017,"name":"cream cheese","localizedName":"cream cheese","image":"cream-cheese.jpg"},{"id":5006,"name":"whole chicken","localizedName":"whole chicken","image":"whole-chicken.jpg"},{"id":0,"name":"roll","localizedName":"roll","image":"dinner-yeast-rolls.jpg"}],"equipment":[{"id":404644,"name":"toothpicks","localizedName":"toothpicks","image":"toothpicks.jpg"}]},{"number":6,"step":"Sprinkle the tarragon evenly over the chicken packages, and wrap each with a piece of bacon.","ingredients":[{"id":2041,"name":"tarragon","localizedName":"tarragon","image":"tarragon.jpg"},{"id":5006,"name":"whole chicken","localizedName":"whole chicken","image":"whole-chicken.jpg"},{"id":10123,"name":"bacon","localizedName":"bacon","image":"raw-bacon.png"},{"id":10018364,"name":"wrap","localizedName":"wrap","image":"flour-tortilla.jpg"}],"equipment":[]},{"number":7,"step":"Place in an 8x11 baking  dish and drizzle with the melted butter.","ingredients":[{"id":1001,"name":"butter","localizedName":"butter","image":"butter-sliced.jpg"}],"equipment":[]},{"number":8,"step":"Bake for 25 to 30 minutes,  or until the chicken is done, the bacon is browned and the cream cheese is heated all the way through.","ingredients":[{"id":1017,"name":"cream cheese","localizedName":"cream cheese","image":"cream-cheese.jpg"},{"id":5006,"name":"whole chicken","localizedName":"whole chicken","image":"whole-chicken.jpg"},{"id":10123,"name":"bacon","localizedName":"bacon","image":"raw-bacon.png"}],"equipment":[{"id":404784,"name":"oven","localizedName":"oven","image":"oven.jpg"}],"length":{"number":25,"unit":"minutes"}},{"number":9,"step":"Serve immediately.","ingredients":[],"equipment":[]}]}],"originalId":null,"spoonacularSourceUrl":"https://spoonacular.com/cream-cheese-stuffed-chicken-breasts-640509"},{"vegetarian":false,"vegan":false,"glutenFree":false,"dairyFree":false,"veryHealthy":false,"cheap":false,"veryPopular":false,"sustainable":false,"weightWatcherSmartPoints":17,"gaps":"no","lowFodmap":false,"aggregateLikes":6,"spoonacularScore":77.0,"healthScore":29.0,"creditsText":"Foodista.com – The Cooking Encyclopedia Everyone Can Edit","license":"CC BY 3.0","sourceName":"Foodista","pricePerServing":398.53,"extendedIngredients":[{"id":1001,"aisle":"Milk, Eggs, Other Dairy","image":"butter-sliced.jpg","consistency":"solid","name":"butter","nameClean":"butter","original":"2 tablespoons butter","originalString":"2 tablespoons butter","originalName":"butter","amount":2.0,"unit":"tablespoons","meta":[],"metaInformation":[],"measures":{"us":{"amount":2.0,"unitShort":"Tbsps","unitLong":"Tbsps"},"metric":{"amount":2.0,"unitShort":"Tbsps","unitLong":"Tbsps"}}},{"id":5062,"aisle":"Meat","image":"chicken-breasts.png","consistency":"solid","name":"chicken breasts","nameClean":"chicken breast","original":"4 Chicken Breasts","originalString":"4 Chicken Breasts","originalName":"Chicken Breasts","amount":4.0,"unit":"","meta":[],"metaInformation":[],"measures":{"us":{"amount":4.0,"unitShort":"","unitLong":""},"metric":{"amount":4.0,"unitShort":"","unitLong":""}}},{"id":6194,"aisle":"Canned and Jarred","image":"chicken-broth.png","consistency":"liquid","name":"chicken broth","nameClean":"chicken broth","original":"1/2 cup Chicken Broth","originalString":"1/2 cup Chicken Broth","originalName":"Chicken Broth","amount":0.5,"unit":"cup","meta":[],"metaInformation":[],"measures":{"us":{"amount":0.5,"unitShort":"cups","unitLong":"cups"},"metric":{"amount":118.294,"unitShort":"ml","unitLong":"milliliters"}}},{"id":4582,"aisle":"Oil, Vinegar, Salad Dressing","image":"vegetable-oil.jpg","consistency":"liquid","name":"cooking oil","nameClean":"cooking oil","original":"2 tablespoons Cooking Oil","originalString":"2 tablespoons Cooking Oil","originalName":"Cooking Oil","amount":2.0,"unit":"tablespoons","meta":[],"metaInformation":[],"measures":{"us":{"amount":2.0,"unitShort":"Tbsps","unitLong":"Tbsps"},"metric":{"amount":2.0,"unitShort":"Tbsps","unitLong":"Tbsps"}}},{"id":20081,"aisle":"Baking","image":"flour.png","consistency":"solid","name":"flour","nameClean":"wheat flour","original":"1 tablespoon Flour","originalString":"1 tablespoon Flour","originalName":"Flour","amount":1.0,"unit":"tablespoon","meta":[],"metaInformation":[],"measures":{"us":{"amount":1.0,"unitShort":"Tbsp","unitLong":"Tbsp"},"metric":{"amount":1.0,"unitShort":"Tbsp","unitLong":"Tbsp"}}},{"id":11297,"aisle":"Produce;Spices and Seasonings","image":"parsley.jpg","consistency":"solid","name":"fresh parsley","nameClean":"parsley","original":"1 tablespoon Fresh Parsley, Chopped","originalString":"1 tablespoon Fresh Parsley, Chopped","originalName":"Fresh Parsley, Chopped","amount":1.0,"unit":"tablespoon","meta":["fresh","chopped"],"metaInformation":["fresh","chopped"],"measures":{"us":{"amount":1.0,"unitShort":"Tbsp","unitLong":"Tbsp"},"metric":{"amount":1.0,"unitShort":"Tbsp","unitLong":"Tbsp"}}},{"id":11215,"aisle":"Produce","image":"garlic.png","consistency":"solid","name":"garlic","nameClean":"garlic","original":"2 cloves Garlic, Minced","originalString":"2 cloves Garlic, Minced","originalName":"Garlic, Minced","amount":2.0,"unit":"cloves","meta":["minced"],"metaInformation":["minced"],"measures":{"us":{"amount":2.0,"unitShort":"cloves","unitLong":"cloves"},"metric":{"amount":2.0,"unitShort":"cloves","unitLong":"cloves"}}},{"id":1023,"aisle":"Cheese","image":"gruyere.jpg","consistency":"solid","name":"gruyere cheese","nameClean":"gruyere","original":"1/4 pound Gruyere Cheese, Sliced","originalString":"1/4 pound Gruyere Cheese, Sliced","originalName":"Gruyere Cheese, Sliced","amount":0.25,"unit":"pound","meta":["sliced"],"metaInformation":["sliced"],"measures":{"us":{"amount":0.25,"unitShort":"lb","unitLong":"pounds"},"metric":{"amount":113.398,"unitShort":"g","unitLong":"grams"}}},{"id":1049,"aisle":"Milk, Eggs, Other Dairy","image":"fluid-cream.jpg","consistency":"solid","name":"half n half","nameClean":"half and half","original":"1/4 cup Half& Half","originalString":"1/4 cup Half& Half","originalName":"Half& Half","amount":0.25,"unit":"cup","meta":[],"metaInformation":[],"measures":{"us":{"amount":0.25,"unitShort":"cups","unitLong":"cups"},"metric":{"amount":59.147,"unitShort":"ml","unitLong":"milliliters"}}},{"id":10151,"aisle":"Meat","image":"ham-whole.jpg","consistency":"solid","name":"ham","nameClean":"ham","original":"4 slices ham","originalString":"4 slices ham","originalName":"ham","amount":4.0,"unit":"slices","meta":[],"metaInformation":[],"measures":{"us":{"amount":4.0,"unitShort":"slice","unitLong":"slices"},"metric":{"amount":4.0,"unitShort":"slice","unitLong":"slices"}}},{"id":11260,"aisle":"Produce","image":"mushrooms-white.jpg","consistency":"solid","name":"mushrooms","nameClean":"fresh mushrooms","original":"5 ounces Mushrooms, Chopped","originalString":"5 ounces Mushrooms, Chopped","originalName":"Mushrooms, Chopped","amount":5.0,"unit":"ounces","meta":["chopped"],"metaInformation":["chopped"],"measures":{"us":{"amount":5.0,"unitShort":"oz","unitLong":"ounces"},"metric":{"amount":141.748,"unitShort":"g","unitLong":"grams"}}},{"id":11282,"aisle":"Produce","image":"brown-onion.png","consistency":"solid","name":"onion","nameClean":"onion","original":"1 medium onion, diced","originalString":"1 medium onion, diced","originalName":"onion, diced","amount":1.0,"unit":"medium","meta":["diced"],"metaInformation":["diced"],"measures":{"us":{"amount":1.0,"unitShort":"medium","unitLong":"medium"},"metric":{"amount":1.0,"unitShort":"medium","unitLong":"medium"}}},{"id":10018079,"aisle":"Bakery/Bread;Ethnic Foods;Oil, Vinegar, Salad Dressing;Baking","image":"panko.jpg","consistency":"solid","name":"panko bread crumbs","nameClean":"panko","original":"3/4 cup Panko Bread Crumbs","originalString":"3/4 cup Panko Bread Crumbs","originalName":"Panko Bread Crumbs","amount":0.75,"unit":"cup","meta":[],"metaInformation":[],"measures":{"us":{"amount":0.75,"unitShort":"cups","unitLong":"cups"},"metric":{"amount":177.441,"unitShort":"ml","unitLong":"milliliters"}}},{"id":2047,"aisle":"Spices and Seasonings","image":"salt.jpg","consistency":"solid","name":"salt","nameClean":"salt","original":"1/4 teaspoon Salt","originalString":"1/4 teaspoon Salt","originalName":"Salt","amount":0.25,"unit":"teaspoon","meta":[],"metaInformation":[],"measures":{"us":{"amount":0.25,"unitShort":"tsps","unitLong":"teaspoons"},"metric":{"amount":0.25,"unitShort":"tsps","unitLong":"teaspoons"}}},{"id":2041,"aisle":"Produce","image":"tarragon.jpg","consistency":"solid","name":"tarragon","nameClean":"tarragon","original":"1/2 teaspoon Tarragon","originalString":"1/2 teaspoon Tarragon","originalName":"Tarragon","amount":0.5,"unit":"teaspoon","meta":[],"metaInformation":[],"measures":{"us":{"amount":0.5,"unitShort":"tsps","unitLong":"teaspoons"},"metric":{"amount":0.5,"unitShort":"tsps","unitLong":"teaspoons"}}},{"id":14106,"aisle":"Alcoholic Beverages","image":"white-wine.jpg","consistency":"liquid","name":"white wine","nameClean":"dry white wine","original":"1/4 cup White Wine","originalString":"1/4 cup White Wine","originalName":"White Wine","amount":0.25,"unit":"cup","meta":["white"],"metaInformation":["white"],"measures":{"us":{"amount":0.25,"unitShort":"cups","unitLong":"cups"},"metric":{"amount":59.147,"unitShort":"ml","unitLong":"milliliters"}}}],"id":638038,"title":"Chicken Cordon Bleu With Mushroom Sauce","readyInMinutes":45,"servings":4,"sourceUrl":"http://www.foodista.com/recipe/GDYH8VKD/chicken-cordon-bleu-with-mushroom-sauce","image":"https://spoonacular.com/recipeImages/638038-556x370.jpg","imageType":"jpg","summary":"Chicken Cordon Bleu With Mushroom Sauce might be just the main course you are searching for. This recipe makes 4 servings with <b>533 calories</b>, <b>42g of protein</b>, and <b>32g of fat</b> each. For <b>$2.98 per serving</b>, this recipe <b>covers 26%</b> of your daily requirements of vitamins and minerals. Not a lot of people made this recipe, and 5 would say it hit the spot. If you have cooking oil, flour, garlic, and a few other ingredients on hand, you can make it. To use up the white wine you could follow this main course with the <a href=\"https://spoonacular.com/recipes/white-wine-frozen-yogurt-206235\">White Wine Frozen Yogurt</a> as a dessert. From preparation to the plate, this recipe takes roughly <b>45 minutes</b>. All things considered, we decided this recipe <b>deserves a spoonacular score of 69%</b>. This score is solid. Try <a href=\"https://spoonacular.com/recipes/chicken-cordon-bleu-with-mushroom-sauce-and-rice-471050\">Chicken Cordon Bleu with Mushroom Sauce and Rice</a>, <a href=\"https://spoonacular.com/recipes/pork-tenderloin-cordon-bleu-with-mushroom-mustard-cream-sauce-202451\">Pork Tenderloin Cordon Bleu with Mushroom-Mustard Cream Sauce</a>, and <a href=\"https://spoonacular.com/recipes/chicken-cordon-bleu-with-creamy-mustard-sauce-492033\">Chicken Cordon Bleu with Creamy Mustard Sauce</a> for similar recipes.","cuisines":[],"dishTypes":["lunch","main course","main dish","dinner"],"diets":[],"occasions":[],"instructions":"<ol><li>Slice the chicken breast down the middle to form a pocket in the chicken. Add in your cheese slices and ham.</li><li>Close chicken up with either toothpicks or kitchen twine.</li><li>Mix together the panko and the tarragon. Roll the breasts in the mixture.</li><li>Heat a large pan on medium high heat and add in the oil. When the oil is heated, add in your breasts and cook for a minute or two on each side.</li><li>Place breasts in an oven preheated to 350 degrees and cook for 25-30 minutes or until juices run clear.</li><li>While chicken is cooking, grab up a large saute pan, add the butter and melt it on medium heat.</li><li>Add in the mushrooms and cook for a minute or two.</li><li>Add in the garlic, onion, tarragon, and salt and cook for an additional 2 to 3 minutes.</li><li>Add in the flour and stir to coat.</li><li>Add in the wine and chicken broth and allow the sauce to heat back up and thicken.</li><li>Once thickened, remove from heat and stir in the half & half and fresh parsley. Add additional salt if needed.</li><li>Pour over cordon bleu and serve.</li></ol>","analyzedInstructions":[{"name":"","steps":[{"number":1,"step":"Slice the chicken breast down the middle to form a pocket in the chicken.","ingredients":[{"id":5062,"name":"chicken breast","localizedName":"chicken breast","image":"chicken-breasts.png"},{"id":5006,"name":"whole chicken","localizedName":"whole chicken","image":"whole-chicken.jpg"}],"equipment":[]},{"number":2,"step":"Add in your cheese slices and ham.Close chicken up with either toothpicks or kitchen twine.","ingredients":[{"id":5006,"name":"whole chicken","localizedName":"whole chicken","image":"whole-chicken.jpg"},{"id":1041009,"name":"cheese","localizedName":"cheese","image":"cheddar-cheese.png"},{"id":10151,"name":"ham","localizedName":"ham","image":"ham-whole.jpg"}],"equipment":[{"id":404733,"name":"kitchen twine","localizedName":"kitchen twine","image":"kitchen-string.jpg"},{"id":404644,"name":"toothpicks","localizedName":"toothpicks","image":"toothpicks.jpg"}]},{"number":3,"step":"Mix together the panko and the tarragon.","ingredients":[{"id":2041,"name":"tarragon","localizedName":"tarragon","image":"tarragon.jpg"},{"id":10018079,"name":"panko","localizedName":"panko","image":"panko.jpg"}],"equipment":[]},{"number":4,"step":"Roll the breasts in the mixture.","ingredients":[{"id":0,"name":"roll","localizedName":"roll","image":"dinner-yeast-rolls.jpg"}],"equipment":[]},{"number":5,"step":"Heat a large pan on medium high heat and add in the oil. When the oil is heated, add in your breasts and cook for a minute or two on each side.","ingredients":[{"id":4582,"name":"cooking oil","localizedName":"cooking oil","image":"vegetable-oil.jpg"}],"equipment":[{"id":404645,"name":"frying pan","localizedName":"frying pan","image":"pan.png"}]},{"number":6,"step":"Place breasts in an oven preheated to 350 degrees and cook for 25-30 minutes or until juices run clear.While chicken is cooking, grab up a large saute pan, add the butter and melt it on medium heat.","ingredients":[{"id":5006,"name":"whole chicken","localizedName":"whole chicken","image":"whole-chicken.jpg"},{"id":1001,"name":"butter","localizedName":"butter","image":"butter-sliced.jpg"}],"equipment":[{"id":404784,"name":"oven","localizedName":"oven","image":"oven.jpg"},{"id":404645,"name":"frying pan","localizedName":"frying pan","image":"pan.png"}],"length":{"number":30,"unit":"minutes"}},{"number":7,"step":"Add in the mushrooms and cook for a minute or two.","ingredients":[{"id":11260,"name":"mushrooms","localizedName":"mushrooms","image":"mushrooms.png"}],"equipment":[]},{"number":8,"step":"Add in the garlic, onion, tarragon, and salt and cook for an additional 2 to 3 minutes.","ingredients":[{"id":2041,"name":"tarragon","localizedName":"tarragon","image":"tarragon.jpg"},{"id":11215,"name":"garlic","localizedName":"garlic","image":"garlic.png"},{"id":11282,"name":"onion","localizedName":"onion","image":"brown-onion.png"},{"id":2047,"name":"salt","localizedName":"salt","image":"salt.jpg"}],"equipment":[],"length":{"number":2,"unit":"minutes"}},{"number":9,"step":"Add in the flour and stir to coat.","ingredients":[{"id":20081,"name":"all purpose flour","localizedName":"all purpose flour","image":"flour.png"}],"equipment":[]},{"number":10,"step":"Add in the wine and chicken broth and allow the sauce to heat back up and thicken.Once thickened, remove from heat and stir in the half & half and fresh parsley.","ingredients":[{"id":6194,"name":"chicken broth","localizedName":"chicken broth","image":"chicken-broth.png"},{"id":10511297,"name":"fresh parsley","localizedName":"fresh parsley","image":"parsley.jpg"},{"id":1049,"name":"half and half","localizedName":"half and half","image":"fluid-cream.jpg"},{"id":0,"name":"sauce","localizedName":"sauce","image":""},{"id":14084,"name":"wine","localizedName":"wine","image":"red-wine.jpg"}],"equipment":[]},{"number":11,"step":"Add additional salt if needed.","ingredients":[{"id":2047,"name":"salt","localizedName":"salt","image":"salt.jpg"}],"equipment":[]},{"number":12,"step":"Pour over cordon bleu and serve.","ingredients":[],"equipment":[]}]}],"originalId":null,"spoonacularSourceUrl":"https://spoonacular.com/chicken-cordon-bleu-with-mushroom-sauce-638038"},{"vegetarian":false,"vegan":false,"glutenFree":true,"dairyFree":false,"veryHealthy":false,"cheap":false,"veryPopular":false,"sustainable":false,"weightWatcherSmartPoints":9,"gaps":"no","lowFodmap":false,"aggregateLikes":10,"spoonacularScore":87.0,"healthScore":40.0,"creditsText":"Foodista.com – The Cooking Encyclopedia Everyone Can Edit","license":"CC BY 3.0","sourceName":"Foodista","pricePerServing":300.37,"extendedIngredients":[{"id":10011693,"aisle":"Canned and Jarred","image":"tomatoes-canned.png","consistency":"solid","name":"canned tomatoes","nameClean":"canned tomatoes","original":"800 gr.s of Italian little pomodori tomatoes a can, with their juice ( This means 2 cans ). I used the brand Ci","originalString":"800 gr.s of Italian little pomodori tomatoes a can, with their juice ( This means 2 cans ). I used the brand Ci","originalName":"s of Italian little pomodori tomatoes a can, with their juice ( This means 2 cans ). I used the brand Ci","amount":800.0,"unit":"gr","meta":["italian","with their juice ( this means 2 cans ). i used the brand ci"],"metaInformation":["italian","with their juice ( this means 2 cans ). i used the brand ci"],"measures":{"us":{"amount":1.764,"unitShort":"lb","unitLong":"pounds"},"metric":{"amount":800.0,"unitShort":"gr","unitLong":"grs"}}},{"id":11135,"aisle":"Produce","image":"cauliflower.jpg","consistency":"solid","name":"cauliflower","nameClean":"cauliflower","original":"1 medium head cauliflower, broken into small florets","originalString":"1 medium head cauliflower, broken into small florets","originalName":"cauliflower, broken into small florets","amount":1.0,"unit":"medium head","meta":[],"metaInformation":[],"measures":{"us":{"amount":1.0,"unitShort":"medium head","unitLong":"medium head"},"metric":{"amount":1.0,"unitShort":"medium head","unitLong":"medium head"}}},{"id":1017,"aisle":"Cheese","image":"cream-cheese.jpg","consistency":"solid","name":"cream cheese","nameClean":"cream cheese","original":"2 Tbs cream cheese","originalString":"2 Tbs cream cheese","originalName":"cream cheese","amount":2.0,"unit":"Tbs","meta":[],"metaInformation":[],"measures":{"us":{"amount":2.0,"unitShort":"Tbs","unitLong":"Tbs"},"metric":{"amount":2.0,"unitShort":"Tbs","unitLong":"Tbs"}}},{"id":1002014,"aisle":"Spices and Seasonings","image":"ground-cumin.jpg","consistency":"solid","name":"cumin","nameClean":"cumin","original":"1 tsp cumin","originalString":"1 tsp cumin","originalName":"cumin","amount":1.0,"unit":"tsp","meta":[],"metaInformation":[],"measures":{"us":{"amount":1.0,"unitShort":"tsp","unitLong":"teaspoon"},"metric":{"amount":1.0,"unitShort":"tsp","unitLong":"teaspoon"}}},{"id":2041,"aisle":"Produce","image":"tarragon.jpg","consistency":"solid","name":"dried tarragon","nameClean":"tarragon","original":"½ tsp dried tarragon","originalString":"½ tsp dried tarragon","originalName":"dried tarragon","amount":0.5,"unit":"tsp","meta":["dried"],"metaInformation":["dried"],"measures":{"us":{"amount":0.5,"unitShort":"tsps","unitLong":"teaspoons"},"metric":{"amount":0.5,"unitShort":"tsps","unitLong":"teaspoons"}}},{"id":11297,"aisle":"Produce;Spices and Seasonings","image":"parsley.jpg","consistency":"solid","name":"fresh parsley","nameClean":"parsley","original":"½ tsp fresh parsley, chopped","originalString":"½ tsp fresh parsley, chopped","originalName":"fresh parsley, chopped","amount":0.5,"unit":"tsp","meta":["fresh","chopped"],"metaInformation":["fresh","chopped"],"measures":{"us":{"amount":0.5,"unitShort":"tsps","unitLong":"teaspoons"},"metric":{"amount":0.5,"unitShort":"tsps","unitLong":"teaspoons"}}},{"id":31015,"aisle":"Produce","image":"chili-peppers-green.jpg","consistency":"solid","name":"green chilies","nameClean":"green chili pepper","original":"130g green chilies, drained and diced","originalString":"130g green chilies, drained and diced","originalName":"green chilies, drained and diced","amount":130.0,"unit":"g","meta":["diced","green","drained"],"metaInformation":["diced","green","drained"],"measures":{"us":{"amount":4.586,"unitShort":"oz","unitLong":"ounces"},"metric":{"amount":130.0,"unitShort":"g","unitLong":"grams"}}},{"id":9152,"aisle":"Produce","image":"lemon-juice.jpg","consistency":"liquid","name":"lemon juice","nameClean":"lemon juice","original":"2 Tbs fresh lemon juice","originalString":"2 Tbs fresh lemon juice","originalName":"fresh lemon juice","amount":2.0,"unit":"Tbs","meta":["fresh"],"metaInformation":["fresh"],"measures":{"us":{"amount":2.0,"unitShort":"Tbs","unitLong":"Tbs"},"metric":{"amount":2.0,"unitShort":"Tbs","unitLong":"Tbs"}}},{"id":4025,"aisle":"Condiments","image":"mayonnaise.png","consistency":"liquid","name":"mayonnaise","nameClean":"mayonnaise","original":"¼ cup mayonnaise","originalString":"¼ cup mayonnaise","originalName":"mayonnaise","amount":0.25,"unit":"cup","meta":[],"metaInformation":[],"measures":{"us":{"amount":0.25,"unitShort":"cups","unitLong":"cups"},"metric":{"amount":59.147,"unitShort":"ml","unitLong":"milliliters"}}},{"id":4582,"aisle":"Oil, Vinegar, Salad Dressing","image":"vegetable-oil.jpg","consistency":"liquid","name":"oil","nameClean":"cooking oil","original":"1 tsp oil","originalString":"1 tsp oil","originalName":"oil","amount":1.0,"unit":"tsp","meta":[],"metaInformation":[],"measures":{"us":{"amount":1.0,"unitShort":"tsp","unitLong":"teaspoon"},"metric":{"amount":1.0,"unitShort":"tsp","unitLong":"teaspoon"}}},{"id":10010062,"aisle":"Meat","image":"pork-chops.jpg","consistency":"solid","name":"pork chops","nameClean":"pork chops","original":"4 boneless pork chops (about 1 pound)","originalString":"4 boneless pork chops (about 1 pound)","originalName":"boneless pork chops (about","amount":1.0,"unit":"pound","meta":["boneless"],"metaInformation":["boneless"],"measures":{"us":{"amount":1.0,"unitShort":"lb","unitLong":"pound"},"metric":{"amount":453.592,"unitShort":"g","unitLong":"grams"}}},{"id":11821,"aisle":"Produce","image":"red-pepper.jpg","consistency":"solid","name":"red bell pepper","nameClean":"red pepper","original":"2 Tbs green or red bell pepper, chopped","originalString":"2 Tbs green or red bell pepper, chopped","originalName":"green or red bell pepper, chopped","amount":2.0,"unit":"Tbs","meta":["green","red","chopped"],"metaInformation":["green","red","chopped"],"measures":{"us":{"amount":2.0,"unitShort":"Tbs","unitLong":"Tbs"},"metric":{"amount":2.0,"unitShort":"Tbs","unitLong":"Tbs"}}},{"id":2047,"aisle":"Spices and Seasonings","image":"salt.jpg","consistency":"solid","name":"salt","nameClean":"salt","original":"salt to taste","originalString":"salt to taste","originalName":"salt to taste","amount":4.0,"unit":"servings","meta":["to taste"],"metaInformation":["to taste"],"measures":{"us":{"amount":4.0,"unitShort":"servings","unitLong":"servings"},"metric":{"amount":4.0,"unitShort":"servings","unitLong":"servings"}}},{"id":1102047,"aisle":"Spices and Seasonings","image":"salt-and-pepper.jpg","consistency":"solid","name":"salt and pepper","nameClean":"salt and pepper","original":"Salt and pepper","originalString":"Salt and pepper","originalName":"Salt and pepper","amount":4.0,"unit":"servings","meta":[],"metaInformation":[],"measures":{"us":{"amount":4.0,"unitShort":"servings","unitLong":"servings"},"metric":{"amount":4.0,"unitShort":"servings","unitLong":"servings"}}},{"id":1040,"aisle":"Cheese","image":"Swiss-cheese.jpg","consistency":"solid","name":"swiss cheese","nameClean":"swiss cheese","original":"1/3 cup Cheddar or Swiss cheese, grated","originalString":"1/3 cup Cheddar or Swiss cheese, grated","originalName":"Cheddar or Swiss cheese, grated","amount":0.3333333333333333,"unit":"cup","meta":["grated"],"metaInformation":["grated"],"measures":{"us":{"amount":0.333,"unitShort":"cups","unitLong":"cups"},"metric":{"amount":78.863,"unitShort":"ml","unitLong":"milliliters"}}}],"id":638552,"title":"Chili chops with cauliflower salad","readyInMinutes":45,"servings":4,"sourceUrl":"http://www.foodista.com/recipe/B2NXFCCF/chili-chops-with-cauliflower-salad","image":"https://spoonacular.com/recipeImages/638552-556x370.jpg","imageType":"jpg","summary":"Chili chops with cauliflower salad might be just the main course you are searching for. This gluten free recipe serves 4 and costs <b>$3.0 per serving</b>. One serving contains <b>454 calories</b>, <b>34g of protein</b>, and <b>26g of fat</b>. 10 people have made this recipe and would make it again. It is perfect for <b>The Super Bowl</b>. Head to the store and pick up canned tomatoes, salt, tarragon, and a few other things to make it today. To use up the salt and pepper you could follow this main course with the <a href=\"https://spoonacular.com/recipes/dr-pepper-cake-with-flour-cooked-frosting-539165\">Dr. Pepper Cake with Flour Cooked Frosting</a> as a dessert. This recipe is typical of American cuisine. From preparation to the plate, this recipe takes around <b>45 minutes</b>. All things considered, we decided this recipe <b>deserves a spoonacular score of 88%</b>. This score is great. Try <a href=\"https://spoonacular.com/recipes/lamb-chops-with-cauliflower-and-raisins-15646\">Lamb Chops with Cauliflower and Raisins</a>, <a href=\"https://spoonacular.com/recipes/chili-chops-399509\">Chili Chops</a>, and <a href=\"https://spoonacular.com/recipes/chili-chops-417937\">Chili Chops</a> for similar recipes.","cuisines":["American"],"dishTypes":["lunch","main course","main dish","dinner"],"diets":["gluten free"],"occasions":["super bowl"],"instructions":"<ol><li>Season chops with salt and pepper and brown them in a nonstick skillet over medium-high heat for about 2 minutes per side.</li><li>Combine salsa, chilies and cumin in a bowl. Pour mixture over chops. Reduce heat to low, cover skillet and simmer chops 5 minutes or until cooked through.</li><li>Mix cheeses in a bowl. Divide cheese mixture over chops, cover and cook 1 minute, just until cheese melts.</li><li>Cauliflower salad:</li><li>Cook cauliflower florets in a large pot of salted, boiling water until tender-crisp, 5 to 10 minutes. Drain and rinse under cold water.</li><li>Or cook in MWC for 15 minutes.</li><li>In a large bowl, combine mayonnaise, lemon juice and tarragon. Add cauliflower, jalapeno, salt and pepper.</li><li>Mix well until cauliflower florets are evenly coated with dressing. Chill at least 30 minutes for flavors to blend. (Can be made ahead. Store in an airtight container and refrigerate up to 24 hours.)</li><li>Sprinkle with parsley just before serving.</li></ol>","analyzedInstructions":[{"name":"","steps":[{"number":1,"step":"Season chops with salt and pepper and brown them in a nonstick skillet over medium-high heat for about 2 minutes per side.","ingredients":[{"id":1102047,"name":"salt and pepper","localizedName":"salt and pepper","image":"salt-and-pepper.jpg"}],"equipment":[{"id":404645,"name":"frying pan","localizedName":"frying pan","image":"pan.png"}],"length":{"number":2,"unit":"minutes"}},{"number":2,"step":"Combine salsa, chilies and cumin in a bowl.","ingredients":[{"id":11819,"name":"chili pepper","localizedName":"chili pepper","image":"red-chili.jpg"},{"id":1002014,"name":"cumin","localizedName":"cumin","image":"ground-cumin.jpg"},{"id":6164,"name":"salsa","localizedName":"salsa","image":"salsa.png"}],"equipment":[{"id":404783,"name":"bowl","localizedName":"bowl","image":"bowl.jpg"}]},{"number":3,"step":"Pour mixture over chops. Reduce heat to low, cover skillet and simmer chops 5 minutes or until cooked through.","ingredients":[],"equipment":[{"id":404645,"name":"frying pan","localizedName":"frying pan","image":"pan.png"}],"length":{"number":5,"unit":"minutes"}},{"number":4,"step":"Mix cheeses in a bowl. Divide cheese mixture over chops, cover and cook 1 minute, just until cheese melts.Cauliflower salad:Cook cauliflower florets in a large pot of salted, boiling water until tender-crisp, 5 to 10 minutes.","ingredients":[{"id":10011135,"name":"cauliflower florets","localizedName":"cauliflower florets","image":"cauliflower.jpg"},{"id":11135,"name":"cauliflower","localizedName":"cauliflower","image":"cauliflower.jpg"},{"id":1041009,"name":"cheese","localizedName":"cheese","image":"cheddar-cheese.png"},{"id":14412,"name":"water","localizedName":"water","image":"water.png"}],"equipment":[{"id":404783,"name":"bowl","localizedName":"bowl","image":"bowl.jpg"},{"id":404752,"name":"pot","localizedName":"pot","image":"stock-pot.jpg"}],"length":{"number":6,"unit":"minutes"}},{"number":5,"step":"Drain and rinse under cold water.Or cook in MWC for 15 minutes.In a large bowl, combine mayonnaise, lemon juice and tarragon.","ingredients":[{"id":9152,"name":"lemon juice","localizedName":"lemon juice","image":"lemon-juice.jpg"},{"id":4025,"name":"mayonnaise","localizedName":"mayonnaise","image":"mayonnaise.png"},{"id":2041,"name":"tarragon","localizedName":"tarragon","image":"tarragon.jpg"},{"id":14412,"name":"water","localizedName":"water","image":"water.png"}],"equipment":[{"id":404783,"name":"bowl","localizedName":"bowl","image":"bowl.jpg"}],"length":{"number":15,"unit":"minutes"}},{"number":6,"step":"Add cauliflower, jalapeno, salt and pepper.","ingredients":[{"id":1102047,"name":"salt and pepper","localizedName":"salt and pepper","image":"salt-and-pepper.jpg"},{"id":11135,"name":"cauliflower","localizedName":"cauliflower","image":"cauliflower.jpg"},{"id":11979,"name":"jalapeno pepper","localizedName":"jalapeno pepper","image":"jalapeno-pepper.png"}],"equipment":[]},{"number":7,"step":"Mix well until cauliflower florets are evenly coated with dressing. Chill at least 30 minutes for flavors to blend. (Can be made ahead. Store in an airtight container and refrigerate up to 24 hours.)","ingredients":[{"id":10011135,"name":"cauliflower florets","localizedName":"cauliflower florets","image":"cauliflower.jpg"}],"equipment":[],"length":{"number":1470,"unit":"minutes"}},{"number":8,"step":"Sprinkle with parsley just before serving.","ingredients":[{"id":11297,"name":"parsley","localizedName":"parsley","image":"parsley.jpg"}],"equipment":[]}]}],"originalId":null,"spoonacularSourceUrl":"https://spoonacular.com/chili-chops-with-cauliflower-salad-638552"},{"vegetarian":false,"vegan":false,"glutenFree":false,"dairyFree":true,"veryHealthy":false,"cheap":false,"veryPopular":false,"sustainable":false,"weightWatcherSmartPoints":26,"gaps":"no","lowFodmap":false,"aggregateLikes":15,"spoonacularScore":69.0,"healthScore":19.0,"creditsText":"Foodista.com – The Cooking Encyclopedia Everyone Can Edit","license":"CC BY 3.0","sourceName":"Foodista","pricePerServing":196.44,"extendedIngredients":[{"id":5091,"aisle":"Meat","image":"chicken-thighs.png","consistency":"solid","name":"chicken thighs","nameClean":"boneless skin on chicken thighs","original":"4 chicken thighs","originalString":"4 chicken thighs","originalName":"chicken thighs","amount":4.0,"unit":"","meta":[],"metaInformation":[],"measures":{"us":{"amount":4.0,"unitShort":"","unitLong":""},"metric":{"amount":4.0,"unitShort":"","unitLong":""}}},{"id":1034053,"aisle":"Oil, Vinegar, Salad Dressing","image":"olive-oil.jpg","consistency":"liquid","name":"extra virgin olive oil","nameClean":"extra virgin olive oil","original":"2 Tbsp of extra virgin olive oil","originalString":"2 Tbsp of extra virgin olive oil","originalName":"extra virgin olive oil","amount":2.0,"unit":"Tbsp","meta":[],"metaInformation":[],"measures":{"us":{"amount":2.0,"unitShort":"Tbsps","unitLong":"Tbsps"},"metric":{"amount":2.0,"unitShort":"Tbsps","unitLong":"Tbsps"}}},{"id":2036,"aisle":"Spices and Seasonings","image":"rosemary.jpg","consistency":"solid","name":"rosemary","nameClean":"rosemary","original":"rosemary","originalString":"rosemary","originalName":"rosemary","amount":1.0,"unit":"serving","meta":[],"metaInformation":[],"measures":{"us":{"amount":1.0,"unitShort":"serving","unitLong":"serving"},"metric":{"amount":1.0,"unitShort":"serving","unitLong":"serving"}}},{"id":99226,"aisle":"Produce","image":"fresh-sage.png","consistency":"solid","name":"sage","nameClean":"sage","original":"sage","originalString":"sage","originalName":"sage","amount":1.0,"unit":"serving","meta":[],"metaInformation":[],"measures":{"us":{"amount":1.0,"unitShort":"serving","unitLong":"serving"},"metric":{"amount":1.0,"unitShort":"serving","unitLong":"serving"}}},{"id":2041,"aisle":"Produce","image":"tarragon.jpg","consistency":"solid","name":"tarragon","nameClean":"tarragon","original":"tarragon","originalString":"tarragon","originalName":"tarragon","amount":1.0,"unit":"serving","meta":[],"metaInformation":[],"measures":{"us":{"amount":1.0,"unitShort":"serving","unitLong":"serving"},"metric":{"amount":1.0,"unitShort":"serving","unitLong":"serving"}}},{"id":2047,"aisle":"Spices and Seasonings","image":"salt.jpg","consistency":"solid","name":"salt","nameClean":"salt","original":"salt","originalString":"salt","originalName":"salt","amount":1.0,"unit":"serving","meta":[],"metaInformation":[],"measures":{"us":{"amount":1.0,"unitShort":"serving","unitLong":"serving"},"metric":{"amount":1.0,"unitShort":"serving","unitLong":"serving"}}},{"id":10211821,"aisle":"Produce","image":"yellow-bell-pepper.jpg","consistency":"solid","name":"bell pepper","nameClean":"bell pepper","original":"pepper","originalString":"pepper","originalName":"pepper","amount":1.0,"unit":"serving","meta":[],"metaInformation":[],"measures":{"us":{"amount":1.0,"unitShort":"serving","unitLong":"serving"},"metric":{"amount":1.0,"unitShort":"serving","unitLong":"serving"}}},{"id":18079,"aisle":"Pasta and Rice","image":"breadcrumbs.jpg","consistency":"solid","name":"bread crumbs","nameClean":"breadcrumbs","original":"6 Tbsp of bread crumbs","originalString":"6 Tbsp of bread crumbs","originalName":"bread crumbs","amount":6.0,"unit":"Tbsp","meta":[],"metaInformation":[],"measures":{"us":{"amount":6.0,"unitShort":"Tbsps","unitLong":"Tbsps"},"metric":{"amount":6.0,"unitShort":"Tbsps","unitLong":"Tbsps"}}},{"id":19296,"aisle":"Nut butters, Jams, and Honey","image":"honey.png","consistency":"liquid","name":"honey","nameClean":"honey","original":"2 Tbsp of honey","originalString":"2 Tbsp of honey","originalName":"honey","amount":2.0,"unit":"Tbsp","meta":[],"metaInformation":[],"measures":{"us":{"amount":2.0,"unitShort":"Tbsps","unitLong":"Tbsps"},"metric":{"amount":2.0,"unitShort":"Tbsps","unitLong":"Tbsps"}}},{"id":2053,"aisle":"Oil, Vinegar, Salad Dressing","image":"vinegar-(white).jpg","consistency":"liquid","name":"vinegar","nameClean":"distilled white vinegar","original":"2 Tbsp of vinegar","originalString":"2 Tbsp of vinegar","originalName":"vinegar","amount":2.0,"unit":"Tbsp","meta":[],"metaInformation":[],"measures":{"us":{"amount":2.0,"unitShort":"Tbsps","unitLong":"Tbsps"},"metric":{"amount":2.0,"unitShort":"Tbsps","unitLong":"Tbsps"}}}],"id":647577,"title":"How To Make Fried Chicken Without Frying","readyInMinutes":45,"servings":2,"sourceUrl":"https://www.foodista.com/recipe/QPM63867/how-to-make-fried-chicken-without-frying","image":"https://spoonacular.com/recipeImages/647577-556x370.jpg","imageType":"jpg","summary":"If you want to add more <b>Southern</b> recipes to your repertoire, How To Make Fried Chicken Without Frying might be a recipe you should try. One portion of this dish contains around <b>41g of protein</b>, <b>53g of fat</b>, and a total of <b>817 calories</b>. For <b>$1.96 per serving</b>, you get a main course that serves 2. 15 people were glad they tried this recipe. This recipe from Foodista requires bell pepper, extra virgin olive oil, salt, and tarragon. It is a good option if you're following a <b>dairy free</b> diet. From preparation to the plate, this recipe takes approximately <b>approximately 45 minutes</b>. With a spoonacular <b>score of 68%</b>, this dish is solid. Try <a href=\"https://spoonacular.com/recipes/frying-peppers-cherry-tomatoes-chicken-sausage-saute-612410\">Frying Peppers, Cherry Tomatoes & Chicken Sausage Saute</a>, <a href=\"https://spoonacular.com/recipes/how-to-make-southern-fried-chicken-244541\">How to Make Southern Fried Chicken</a>, and <a href=\"https://spoonacular.com/recipes/how-to-make-buttermilk-fried-chicken-613074\">How to Make Buttermilk Fried Chicken</a> for similar recipes.","cuisines":["Southern"],"dishTypes":["lunch","main course","main dish","dinner"],"diets":["dairy free"],"occasions":[],"instructions":"Preheat the oven to 200C/400F.\nWash and dry the chicken thighs.\nMince the herbs.\nIn a bowl put the extra virgin olive oil, the minced herbs, salt and pepper.\nPut the chicken inside the bowl and gently massage the chicken with the oil and herbs mixture.\nPass each thigh on the breadcrumbs and put on an oven tray covered with parchment paper.\nCook until well done, from 50 minutes to one hour, depending on your oven and the weight of the chicken pieces.\nAt half cooking time, turn each piece to the other side.\nPrepare a sauce mixing the honey and vinegar.\nFive minutes before taking the chicken out of the oven, brush each piece with the sauce.","analyzedInstructions":[{"name":"","steps":[{"number":1,"step":"Preheat the oven to 200C/400F.","ingredients":[],"equipment":[{"id":404784,"name":"oven","localizedName":"oven","image":"oven.jpg","temperature":{"number":200.0,"unit":"Celsius"}}]},{"number":2,"step":"Wash and dry the chicken thighs.","ingredients":[{"id":5091,"name":"chicken thighs","localizedName":"chicken thighs","image":"chicken-thigh.jpg"}],"equipment":[]},{"number":3,"step":"Mince the herbs.","ingredients":[{"id":1002044,"name":"herbs","localizedName":"herbs","image":"mixed-fresh-herbs.jpg"},{"id":0,"name":"ground meat","localizedName":"ground meat","image":"fresh-ground-beef.jpg"}],"equipment":[]},{"number":4,"step":"In a bowl put the extra virgin olive oil, the minced herbs, salt and pepper.","ingredients":[{"id":1034053,"name":"extra virgin olive oil","localizedName":"extra virgin olive oil","image":"olive-oil.jpg"},{"id":1102047,"name":"salt and pepper","localizedName":"salt and pepper","image":"salt-and-pepper.jpg"},{"id":1002044,"name":"herbs","localizedName":"herbs","image":"mixed-fresh-herbs.jpg"}],"equipment":[{"id":404783,"name":"bowl","localizedName":"bowl","image":"bowl.jpg"}]},{"number":5,"step":"Put the chicken inside the bowl and gently massage the chicken with the oil and herbs mixture.","ingredients":[{"id":5006,"name":"whole chicken","localizedName":"whole chicken","image":"whole-chicken.jpg"},{"id":1002044,"name":"herbs","localizedName":"herbs","image":"mixed-fresh-herbs.jpg"},{"id":4582,"name":"cooking oil","localizedName":"cooking oil","image":"vegetable-oil.jpg"}],"equipment":[{"id":404783,"name":"bowl","localizedName":"bowl","image":"bowl.jpg"}]},{"number":6,"step":"Pass each thigh on the breadcrumbs and put on an oven tray covered with parchment paper.","ingredients":[{"id":18079,"name":"breadcrumbs","localizedName":"breadcrumbs","image":"breadcrumbs.jpg"}],"equipment":[{"id":404770,"name":"baking paper","localizedName":"baking paper","image":"baking-paper.jpg"},{"id":404784,"name":"oven","localizedName":"oven","image":"oven.jpg"}]},{"number":7,"step":"Cook until well done, from 50 minutes to one hour, depending on your oven and the weight of the chicken pieces.","ingredients":[{"id":1005006,"name":"chicken pieces","localizedName":"chicken pieces","image":"chicken-parts.jpg"}],"equipment":[{"id":404784,"name":"oven","localizedName":"oven","image":"oven.jpg"}],"length":{"number":110,"unit":"minutes"}},{"number":8,"step":"At half cooking time, turn each piece to the other side.","ingredients":[],"equipment":[]},{"number":9,"step":"Prepare a sauce mixing the honey and vinegar.","ingredients":[{"id":2053,"name":"vinegar","localizedName":"vinegar","image":"vinegar-(white).jpg"},{"id":19296,"name":"honey","localizedName":"honey","image":"honey.png"},{"id":0,"name":"sauce","localizedName":"sauce","image":""}],"equipment":[]},{"number":10,"step":"Five minutes before taking the chicken out of the oven, brush each piece with the sauce.","ingredients":[{"id":5006,"name":"whole chicken","localizedName":"whole chicken","image":"whole-chicken.jpg"},{"id":0,"name":"sauce","localizedName":"sauce","image":""}],"equipment":[{"id":404784,"name":"oven","localizedName":"oven","image":"oven.jpg"}],"length":{"number":5,"unit":"minutes"}}]}],"originalId":null,"spoonacularSourceUrl":"https://spoonacular.com/how-to-make-fried-chicken-without-frying-647577"}]}