{"recipes":[{"vegetarian":false,"vegan":false,"glutenFree":false,"dairyFree":true,"veryHealthy":false,"cheap":false,"veryPopular":false,"sustainable":false,"weightWatcherSmartPoints":6,"gaps":"no","lowFodmap":false,"aggregateLikes":8,"spoonacularScore":46.0,"healthScore":7.0,"creditsText":"Foodista.com – The Cooking Encyclopedia Everyone Can Edit","license":"CC BY 3.0","sourceName":"Foodista","pricePerServing":159.03,"extendedIngredients":[{"id":11124,"aisle":"Produce","image":"sliced-carrot.png","consistency":"solid","name":"carrots","nameClean":"carrot","original":"4 - 6 carrots","originalString":"4 - 6 carrots","originalName":"carrots","amount":4.0,"unit":"","meta":[],"metaInformation":[],"measures":{"us":{"amount":4.0,"unitShort":"","unitLong":""},"metric":{"amount":4.0,"unitShort":"","unitLong":""}}},{"id":2007,"aisle":"Spices and Seasonings","image":"celery-seed.jpg","consistency":"solid","name":"celery seed","nameClean":"celery seed","original":"dash of celery seed","originalString":"dash of celery seed","originalName":"celery seed","amount":1.0,"unit":"dash","meta":[],"metaInformation":[],"measures":{"us":{"amount":1.0,"unitShort":"dash","unitLong":"dash"},"metric":{"amount":1.0,"unitShort":"dash","unitLong":"dash"}}},{"id":1034053,"aisle":"Oil, Vinegar, Salad Dressing","image":"olive-oil.jpg","consistency":"liquid","name":"extra virgin olive oil","nameClean":"extra virgin olive oil","original":"1 tbsp. extra virgin olive oil","originalString":"1 tbsp. extra virgin olive oil","originalName":"extra virgin olive oil","amount":1.0,"unit":"tbsp","meta":[],"metaInformation":[],"measures":{"us":{"amount":1.0,"unitShort":"Tbsp","unitLong":"Tbsp"},"metric":{"amount":1.0,"unitShort":"Tbsp","unitLong":"Tbsp"}}},{"id":11215,"aisle":"Produce","image":"garlic.png","consistency":"solid","name":"garlic","nameClean":"garlic","original":"4 - 6 cloves of garlic","originalString":"4 - 6 cloves of garlic","originalName":"garlic","amount":4.0,"unit":"cloves","meta":[],"metaInformation":[],"measures":{"us":{"amount":4.0,"unitShort":"cloves","unitLong":"cloves"},"metric":{"amount":4.0,"unitShort":"cloves","unitLong":"cloves"}}},{"id":93620,"aisle":"Gluten Free;Health Foods;Baking","image":"gluten-free-flour.jpg","consistency":"solid","name":"gluten-free flour","nameClean":"gluten free all purpose flour","original":"1/4 c. gluten-free all-purpose flour","originalString":"1/4 c. gluten-free all-purpose flour","originalName":"gluten-free all-purpose flour","amount":0.25,"unit":"c","meta":["gluten-free","all-purpose"],"metaInformation":["gluten-free","all-purpose"],"measures":{"us":{"amount":0.25,"unitShort":"cups","unitLong":"cups"},"metric":{"amount":59.147,"unitShort":"ml","unitLong":"milliliters"}}},{"id":11445,"aisle":"Ethnic Foods","image":"kombu.jpg","consistency":"solid","name":"kombu","nameClean":"kelp","original":"1/2 piece of kombu","originalString":"1/2 piece of kombu","originalName":"kombu","amount":0.5,"unit":"piece","meta":[],"metaInformation":[],"measures":{"us":{"amount":0.5,"unitShort":"","unitLong":""},"metric":{"amount":0.5,"unitShort":"","unitLong":""}}},{"id":11282,"aisle":"Produce","image":"brown-onion.png","consistency":"solid","name":"onions","nameClean":"onion","original":"2 small onions","originalString":"2 small onions","originalName":"onions","amount":2.0,"unit":"small","meta":[],"metaInformation":[],"measures":{"us":{"amount":2.0,"unitShort":"small","unitLong":"smalls"},"metric":{"amount":2.0,"unitShort":"small","unitLong":"smalls"}}},{"id":2034,"aisle":"Spices and Seasonings","image":"seasoning.jpg","consistency":"solid","name":"poultry seasoning","nameClean":"poultry seasoning","original":"2 tsp. poultry seasoning","originalString":"2 tsp. poultry seasoning","originalName":"poultry seasoning","amount":2.0,"unit":"tsp","meta":[],"metaInformation":[],"measures":{"us":{"amount":2.0,"unitShort":"tsps","unitLong":"teaspoons"},"metric":{"amount":2.0,"unitShort":"tsps","unitLong":"teaspoons"}}},{"id":93761,"aisle":"Milk, Eggs, Other Dairy","image":"rice-milk.png","consistency":"liquid","name":"rice milk","nameClean":"rice milk","original":"1/2 c. rice milk","originalString":"1/2 c. rice milk","originalName":"rice milk","amount":0.5,"unit":"c","meta":[],"metaInformation":[],"measures":{"us":{"amount":0.5,"unitShort":"cups","unitLong":"cups"},"metric":{"amount":118.294,"unitShort":"ml","unitLong":"milliliters"}}},{"id":20133,"aisle":"Pasta and Rice;Gluten Free;Ethnic Foods","image":"dried-rice-noodles.jpg","consistency":"solid","name":"rice noodles","nameClean":"rice vermicelli","original":"4 ounces Asian rice noodles","originalString":"4 ounces Asian rice noodles","originalName":"Asian rice noodles","amount":4.0,"unit":"ounces","meta":[],"metaInformation":[],"measures":{"us":{"amount":4.0,"unitShort":"oz","unitLong":"ounces"},"metric":{"amount":113.398,"unitShort":"g","unitLong":"grams"}}},{"id":1012047,"aisle":"Spices and Seasonings","image":"salt.jpg","consistency":"solid","name":"sea-salt","nameClean":"coarse sea salt","original":"2 tsp. Real Salt sea salt","originalString":"2 tsp. Real Salt sea salt","originalName":"Real Salt sea salt","amount":2.0,"unit":"tsp","meta":[],"metaInformation":[],"measures":{"us":{"amount":2.0,"unitShort":"tsps","unitLong":"teaspoons"},"metric":{"amount":2.0,"unitShort":"tsps","unitLong":"teaspoons"}}},{"id":2043,"aisle":"Spices and Seasonings","image":"turmeric.jpg","consistency":"solid","name":"turmeric","nameClean":"turmeric","original":"2 tsp. turmeric","originalString":"2 tsp. turmeric","originalName":"turmeric","amount":2.0,"unit":"tsp","meta":[],"metaInformation":[],"measures":{"us":{"amount":2.0,"unitShort":"tsps","unitLong":"teaspoons"},"metric":{"amount":2.0,"unitShort":"tsps","unitLong":"teaspoons"}}},{"id":6615,"aisle":"Canned and Jarred","image":"chicken-broth.png","consistency":"liquid","name":"vegetable broth","nameClean":"vegetable stock","original":"4 c. organic, gluten-free chicken or vegetable broth","originalString":"4 c. organic, gluten-free chicken or vegetable broth","originalName":"organic, gluten-free chicken or vegetable broth","amount":4.0,"unit":"c","meta":["gluten-free","organic"],"metaInformation":["gluten-free","organic"],"measures":{"us":{"amount":4.0,"unitShort":"cups","unitLong":"cups"},"metric":{"amount":946.352,"unitShort":"ml","unitLong":"milliliters"}}},{"id":14412,"aisle":"Beverages","image":"water.png","consistency":"liquid","name":"water","nameClean":"water","original":"4 c. water","originalString":"4 c. water","originalName":"water","amount":4.0,"unit":"c","meta":[],"metaInformation":[],"measures":{"us":{"amount":4.0,"unitShort":"cups","unitLong":"cups"},"metric":{"amount":946.352,"unitShort":"ml","unitLong":"milliliters"}}}],"id":646974,"title":"Homemade Creamy Ramen Soup","readyInMinutes":45,"servings":4,"sourceUrl":"http://www.foodista.com/recipe/8ZNQGLHN/homemade-creamy-ramen-soup","image":"https://spoonacular.com/recipeImages/646974-556x370.jpg","imageType":"jpg","summary":"Homemade Creamy Ramen Soup might be just the soup you are searching for. This dairy free recipe serves 4 and costs <b>$1.63 per serving</b>. One serving contains <b>245 calories</b>, <b>3g of protein</b>, and <b>5g of fat</b>. 8 people have made this recipe and would make it again. A mixture of vegetable broth, asian rice noodles, extra virgin olive oil, and a handful of other ingredients are all it takes to make this recipe so yummy. It can be enjoyed any time, but it is especially good for <b>Autumn</b>. This recipe is typical of Japanese cuisine. From preparation to the plate, this recipe takes roughly <b>45 minutes</b>. All things considered, we decided this recipe <b>deserves a spoonacular score of 50%</b>. This score is pretty good. Try <a href=\"https://spoonacular.com/recipes/homemade-ramen-noodle-soup-512768\">Homemade Ramen Noodle Soup</a>, <a href=\"https://spoonacular.com/recipes/homemade-creamy-tomato-soup-646976\">Homemade Creamy Tomato Soup</a>, and <a href=\"https://spoonacular.com/recipes/semi-homemade-creamy-chicken-soup-709429\">Semi Homemade Creamy Chicken Soup</a> for similar recipes.","cuisines":["Japanese","Asian"],"dishTypes":["soup"],"diets":["dairy free"],"occasions":["fall","winter"],"instructions":"<ol><li>In a food processor combine onions, carrots, and garlic and mince well. The pieces should be very small. Heat oil in a soup pot. Add minced vegetables and saute, mixing occasionally, until just soft [7 - 10 minutes]. Add flour, poultry seasoning, turmeric, sea salt, and celery seed and stir constantly for about 30 seconds, coating the vegetables well.</li><li>Pour in the broth and water. Add kombu if you are using it. Bring to boil and then simmer, covered, for 30 minutes.</li><li>After 30 minutes, pour in non-dairy milk and noodles. Let simmer an additional 10 minutes or until noodles are soft.</li><li>Remove from heat and serve immediately.</li></ol>","analyzedInstructions":[{"name":"","steps":[{"number":1,"step":"In a food processor combine onions, carrots, and garlic and mince well. The pieces should be very small.","ingredients":[{"id":11124,"name":"carrot","localizedName":"carrot","image":"sliced-carrot.png"},{"id":11215,"name":"garlic","localizedName":"garlic","image":"garlic.png"},{"id":11282,"name":"onion","localizedName":"onion","image":"brown-onion.png"},{"id":0,"name":"ground meat","localizedName":"ground meat","image":"fresh-ground-beef.jpg"}],"equipment":[{"id":404771,"name":"food processor","localizedName":"food processor","image":"food-processor.png"}]},{"number":2,"step":"Heat oil in a soup pot.","ingredients":[{"id":0,"name":"soup","localizedName":"soup","image":""},{"id":4582,"name":"cooking oil","localizedName":"cooking oil","image":"vegetable-oil.jpg"}],"equipment":[{"id":404752,"name":"pot","localizedName":"pot","image":"stock-pot.jpg"}]},{"number":3,"step":"Add minced vegetables and saute, mixing occasionally, until just soft [7 - 10 minutes].","ingredients":[{"id":11583,"name":"vegetable","localizedName":"vegetable","image":"mixed-vegetables.png"}],"equipment":[],"length":{"number":10,"unit":"minutes"}},{"number":4,"step":"Add flour, poultry seasoning, turmeric, sea salt, and celery seed and stir constantly for about 30 seconds, coating the vegetables well.","ingredients":[{"id":2034,"name":"poultry seasoning","localizedName":"poultry seasoning","image":"seasoning.jpg"},{"id":2007,"name":"celery seed","localizedName":"celery seed","image":"celery-seed.jpg"},{"id":11583,"name":"vegetable","localizedName":"vegetable","image":"mixed-vegetables.png"},{"id":1012047,"name":"sea salt","localizedName":"sea salt","image":"salt.jpg"},{"id":2043,"name":"turmeric","localizedName":"turmeric","image":"turmeric.jpg"},{"id":20081,"name":"all purpose flour","localizedName":"all purpose flour","image":"flour.png"}],"equipment":[]},{"number":5,"step":"Pour in the broth and water.","ingredients":[{"id":1006615,"name":"broth","localizedName":"broth","image":"chicken-broth.png"},{"id":14412,"name":"water","localizedName":"water","image":"water.png"}],"equipment":[]},{"number":6,"step":"Add kombu if you are using it. Bring to boil and then simmer, covered, for 30 minutes.After 30 minutes, pour in non-dairy milk and noodles.","ingredients":[{"id":10016223,"name":"milk substitute","localizedName":"milk substitute","image":""},{"id":20420,"name":"pasta","localizedName":"pasta","image":"fusilli.jpg"},{"id":11445,"name":"kombu","localizedName":"kombu","image":"kombu.jpg"}],"equipment":[],"length":{"number":60,"unit":"minutes"}},{"number":7,"step":"Let simmer an additional 10 minutes or until noodles are soft.","ingredients":[{"id":20420,"name":"pasta","localizedName":"pasta","image":"fusilli.jpg"}],"equipment":[],"length":{"number":10,"unit":"minutes"}},{"number":8,"step":"Remove from heat and serve immediately.","ingredients":[],"equipment":[]}]}],"originalId":null,"spoonacularSourceUrl":"https://spoonacular.com/homemade-creamy-ramen-soup-646974"}]}