{"recipes":[{"vegetarian":true,"vegan":false,"glutenFree":false,"dairyFree":false,"veryHealthy":false,"cheap":false,"veryPopular":false,"sustainable":false,"weightWatcherSmartPoints":3,"gaps":"no","lowFodmap":false,"aggregateLikes":36,"spoonacularScore":48.0,"healthScore":5.0,"creditsText":"Foodista.com – The Cooking Encyclopedia Everyone Can Edit","license":"CC BY 3.0","sourceName":"Foodista","pricePerServing":22.21,"extendedIngredients":[{"id":20581,"aisle":"Baking","image":"flour.png","consistency":"solid","name":"unbleached all purpose flour","nameClean":"unbleached all purpose flour","original":"3/4 cup unbleached all purpose flour","originalString":"3/4 cup unbleached all purpose flour","originalName":"unbleached all purpose flour","amount":0.75,"unit":"cup","meta":[],"metaInformation":[],"measures":{"us":{"amount":0.75,"unitShort":"cups","unitLong":"cups"},"metric":{"amount":177.441,"unitShort":"ml","unitLong":"milliliters"}}},{"id":20080,"aisle":"Baking","image":"flour.png","consistency":"solid","name":"whole-wheat flour","nameClean":"whole wheat flour","original":"3/4 cup whole-wheat flour","originalString":"3/4 cup whole-wheat flour","originalName":"whole-wheat flour","amount":0.75,"unit":"cup","meta":["whole-wheat"],"metaInformation":["whole-wheat"],"measures":{"us":{"amount":0.75,"unitShort":"cups","unitLong":"cups"},"metric":{"amount":177.441,"unitShort":"ml","unitLong":"milliliters"}}},{"id":18371,"aisle":"Baking","image":"white-powder.jpg","consistency":"solid","name":"baking powder","nameClean":"low sodium baking powder","original":"1 tbsp baking powder","originalString":"1 tbsp baking powder","originalName":"baking powder","amount":1.0,"unit":"tbsp","meta":[],"metaInformation":[],"measures":{"us":{"amount":1.0,"unitShort":"Tbsp","unitLong":"Tbsp"},"metric":{"amount":1.0,"unitShort":"Tbsp","unitLong":"Tbsp"}}},{"id":2047,"aisle":"Spices and Seasonings","image":"salt.jpg","consistency":"solid","name":"salt","nameClean":"salt","original":"1/2 tsp. salt","originalString":"1/2 tsp. salt","originalName":"salt","amount":0.5,"unit":"tsp","meta":[],"metaInformation":[],"measures":{"us":{"amount":0.5,"unitShort":"tsps","unitLong":"teaspoons"},"metric":{"amount":0.5,"unitShort":"tsps","unitLong":"teaspoons"}}},{"id":1054053,"aisle":"Oil, Vinegar, Salad Dressing","image":"olive-oil.jpg","consistency":"liquid","name":"light olive oil","nameClean":"light olive oil","original":"1 tbsp light olive oil","originalString":"1 tbsp light olive oil","originalName":"light olive oil","amount":1.0,"unit":"tbsp","meta":["light"],"metaInformation":["light"],"measures":{"us":{"amount":1.0,"unitShort":"Tbsp","unitLong":"Tbsp"},"metric":{"amount":1.0,"unitShort":"Tbsp","unitLong":"Tbsp"}}},{"id":1123,"aisle":"Milk, Eggs, Other Dairy","image":"egg.png","consistency":"solid","name":"egg","nameClean":"egg","original":"1 egg, lightly beaten","originalString":"1 egg, lightly beaten","originalName":"egg, lightly beaten","amount":1.0,"unit":"","meta":["lightly beaten"],"metaInformation":["lightly beaten"],"measures":{"us":{"amount":1.0,"unitShort":"","unitLong":""},"metric":{"amount":1.0,"unitShort":"","unitLong":""}}},{"id":1085,"aisle":"Milk, Eggs, Other Dairy","image":"milk.jpg","consistency":"liquid","name":"non-fat milk","nameClean":"fat free milk","original":"3/4 cup non-fat milk","originalString":"3/4 cup non-fat milk","originalName":"non-fat milk","amount":0.75,"unit":"cup","meta":[],"metaInformation":[],"measures":{"us":{"amount":0.75,"unitShort":"cups","unitLong":"cups"},"metric":{"amount":177.441,"unitShort":"ml","unitLong":"milliliters"}}},{"id":1009,"aisle":"Cheese","image":"cheddar-cheese.png","consistency":"solid","name":"cheddar cheese","nameClean":"cheddar cheese","original":"1 cup light cheddar cheese (I used a light Mexican blend)","originalString":"1 cup light cheddar cheese (I used a light Mexican blend)","originalName":"light cheddar cheese (I used a light Mexican blend)","amount":1.0,"unit":"cup","meta":["light","(I used a Mexican blend)"],"metaInformation":["light","(I used a Mexican blend)"],"measures":{"us":{"amount":1.0,"unitShort":"cup","unitLong":"cup"},"metric":{"amount":236.588,"unitShort":"ml","unitLong":"milliliters"}}},{"id":11632,"aisle":"Canned and Jarred;Ethnic Foods","image":"pickled-jalapenos.png","consistency":"solid","name":"pickled jalapenos","nameClean":"pickled jalapenos","original":"1/4 cups pickled jalapenos, drained, diced","originalString":"1/4 cups pickled jalapenos, drained, diced","originalName":"pickled jalapenos, drained, diced","amount":0.25,"unit":"cups","meta":["diced","drained"],"metaInformation":["diced","drained"],"measures":{"us":{"amount":0.25,"unitShort":"cups","unitLong":"cups"},"metric":{"amount":59.147,"unitShort":"ml","unitLong":"milliliters"}}}],"id":648339,"title":"Jalapeno Cheese Quick Bread","readyInMinutes":45,"servings":12,"sourceUrl":"https://www.foodista.com/recipe/Q5S66TH2/jalapeno-cheese-quick-bread","image":"https://spoonacular.com/recipeImages/648339-556x370.jpg","imageType":"jpg","summary":"The recipe Jalapeno Cheese Quick Bread can be made <b>in around around 45 minutes</b>. This breakfast has <b>114 calories</b>, <b>5g of protein</b>, and <b>5g of fat</b> per serving. This recipe serves 12 and costs 22 cents per serving. 36 people were impressed by this recipe. This recipe from Foodista requires pickled jalapenos, egg, olive oil, and cheddar cheese. It is a good option if you're following a <b>lacto ovo vegetarian</b> diet. Overall, this recipe earns a <b>solid spoonacular score of 47%</b>. If you like this recipe, you might also like recipes such as <a href=\"https://spoonacular.com/recipes/jalapeo-corn-beer-quick-bread-142141\">Jalapeño-Corn-Beer Quick Bread</a>, <a href=\"https://spoonacular.com/recipes/jalapeo-summer-squash-quick-bread-for-breadbakers-669814\">Jalapeño Summer Squash Quick Bread for #BreadBakers</a>, and <a href=\"https://spoonacular.com/recipes/jalapeno-cheese-bread-for-bread-machine-144061\">Jalapeno Cheese Bread for Bread Machine</a>.","cuisines":[],"dishTypes":["morning meal","brunch","breakfast"],"diets":["lacto ovo vegetarian"],"occasions":[],"instructions":"Heat oven to 350\nLightly grease loaf pan, 9x5x3 or two mini muffin pans with cooking spray.\nStir together flour, cheese, baking powder, and salt in medium bowl. Add olive oil, egg and milk, stir till combined. Fold in jalapenos.\nPour into pan\nBake 30 to 45 minutes or until golden brown and toothpick inserted in center comes out clean. Cool 5 minutes; run knife around edges of pan to loosen. Remove from pan to wire rack. Cool 30 minutes before slicing, if you can wait that long, I didnt.","analyzedInstructions":[{"name":"","steps":[{"number":1,"step":"Heat oven to 350","ingredients":[],"equipment":[{"id":404784,"name":"oven","localizedName":"oven","image":"oven.jpg"}]},{"number":2,"step":"Lightly grease loaf pan, 9x5x3 or two mini muffin pans with cooking spray.","ingredients":[{"id":4679,"name":"cooking spray","localizedName":"cooking spray","image":"cooking-spray.png"}],"equipment":[{"id":404715,"name":"loaf pan","localizedName":"loaf pan","image":"loaf-pan.png"}]},{"number":3,"step":"Stir together flour, cheese, baking powder, and salt in medium bowl.","ingredients":[{"id":18369,"name":"baking powder","localizedName":"baking powder","image":"white-powder.jpg"},{"id":1041009,"name":"cheese","localizedName":"cheese","image":"cheddar-cheese.png"},{"id":20081,"name":"all purpose flour","localizedName":"all purpose flour","image":"flour.png"},{"id":2047,"name":"salt","localizedName":"salt","image":"salt.jpg"}],"equipment":[{"id":404783,"name":"bowl","localizedName":"bowl","image":"bowl.jpg"}]},{"number":4,"step":"Add olive oil, egg and milk, stir till combined. Fold in jalapenos.","ingredients":[{"id":11979,"name":"jalapeno pepper","localizedName":"jalapeno pepper","image":"jalapeno-pepper.png"},{"id":4053,"name":"olive oil","localizedName":"olive oil","image":"olive-oil.jpg"},{"id":1077,"name":"milk","localizedName":"milk","image":"milk.png"},{"id":1123,"name":"egg","localizedName":"egg","image":"egg.png"}],"equipment":[]},{"number":5,"step":"Pour into pan","ingredients":[],"equipment":[{"id":404645,"name":"frying pan","localizedName":"frying pan","image":"pan.png"}]},{"number":6,"step":"Bake 30 to 45 minutes or until golden brown and toothpick inserted in center comes out clean. Cool 5 minutes; run knife around edges of pan to loosen.","ingredients":[],"equipment":[{"id":404644,"name":"toothpicks","localizedName":"toothpicks","image":"toothpicks.jpg"},{"id":404784,"name":"oven","localizedName":"oven","image":"oven.jpg"},{"id":404745,"name":"knife","localizedName":"knife","image":"chefs-knife.jpg"},{"id":404645,"name":"frying pan","localizedName":"frying pan","image":"pan.png"}],"length":{"number":35,"unit":"minutes"}},{"number":7,"step":"Remove from pan to wire rack. Cool 30 minutes before slicing, if you can wait that long, I didnt.","ingredients":[],"equipment":[{"id":405900,"name":"wire rack","localizedName":"wire rack","image":"wire-rack.jpg"},{"id":404645,"name":"frying pan","localizedName":"frying pan","image":"pan.png"}],"length":{"number":30,"unit":"minutes"}}]}],"originalId":null,"spoonacularSourceUrl":"https://spoonacular.com/jalapeno-cheese-quick-bread-648339"}]}