{"recipes":[{"vegetarian":true,"vegan":true,"glutenFree":true,"dairyFree":true,"veryHealthy":false,"cheap":false,"veryPopular":false,"sustainable":false,"weightWatcherSmartPoints":4,"gaps":"no","lowFodmap":false,"aggregateLikes":6,"spoonacularScore":55.0,"healthScore":13.0,"creditsText":"Foodista.com – The Cooking Encyclopedia Everyone Can Edit","license":"CC BY 3.0","sourceName":"Foodista","pricePerServing":292.22,"extendedIngredients":[{"id":9326,"aisle":"Produce","image":"watermelon.png","consistency":"solid","name":"watermelon cubes","nameClean":"watermelon","original":"1 blenderful of chilled watermelon cubes","originalString":"1 blenderful of chilled watermelon cubes","originalName":"blenderful of chilled watermelon cubes","amount":1.0,"unit":"","meta":["chilled"],"metaInformation":["chilled"],"measures":{"us":{"amount":1.0,"unitShort":"","unitLong":""},"metric":{"amount":1.0,"unitShort":"","unitLong":""}}},{"id":9159,"aisle":"Produce","image":"lime.jpg","consistency":"solid","name":"limes","nameClean":"lime","original":"2 limes, wedged","originalString":"2 limes, wedged","originalName":"limes, wedged","amount":2.0,"unit":"","meta":[],"metaInformation":[],"measures":{"us":{"amount":2.0,"unitShort":"","unitLong":""},"metric":{"amount":2.0,"unitShort":"","unitLong":""}}},{"id":1002044,"aisle":"Produce;Spices and Seasonings","image":"mixed-fresh-herbs.jpg","consistency":"solid","name":"herbs","nameClean":"lemon basil","original":"1 bunch of leafy herbs (think: mint, basil, cilantro)","originalString":"1 bunch of leafy herbs (think: mint, basil, cilantro)","originalName":"leafy herbs (think: mint, basil, cilantro)","amount":1.0,"unit":"bunch","meta":["(think: mint, basil, cilantro)"],"metaInformation":["(think: mint, basil, cilantro)"],"measures":{"us":{"amount":1.0,"unitShort":"bunch","unitLong":"bunch"},"metric":{"amount":1.0,"unitShort":"bunch","unitLong":"bunch"}}},{"id":11979,"aisle":"Canned and Jarred;Produce;Ethnic Foods","image":"jalapeno-pepper.png","consistency":"solid","name":"jalapeno peppers","nameClean":"jalapeno pepper","original":"2 jalapeño peppers, deseeded","originalString":"2 jalapeño peppers, deseeded","originalName":"jalapeño peppers, deseeded","amount":2.0,"unit":"","meta":["deseeded"],"metaInformation":["deseeded"],"measures":{"us":{"amount":2.0,"unitShort":"","unitLong":""},"metric":{"amount":2.0,"unitShort":"","unitLong":""}}},{"id":14121,"aisle":"Beverages","image":"sparkling-water.png","consistency":"liquid","name":"club soda","nameClean":"sparkling water","original":"2 cups of club soda","originalString":"2 cups of club soda","originalName":"club soda","amount":2.0,"unit":"cups","meta":[],"metaInformation":[],"measures":{"us":{"amount":2.0,"unitShort":"cups","unitLong":"cups"},"metric":{"amount":473.176,"unitShort":"ml","unitLong":"milliliters"}}},{"id":14037,"aisle":"Alcoholic Beverages","image":"rum-dark.jpg","consistency":"solid","name":"liquor","nameClean":"alcohol","original":"12 ounces Liquor, approximately (think: gin, tequila, rum, simple syrup to taste ice cubes","originalString":"12 ounces Liquor, approximately (think: gin, tequila, rum, simple syrup to taste ice cubes","originalName":"Liquor, approximately (think: gin, tequila, rum, simple syrup to taste ice cubes","amount":12.0,"unit":"ounces","meta":["to taste"],"metaInformation":["to taste"],"measures":{"us":{"amount":12.0,"unitShort":"oz","unitLong":"ounces"},"metric":{"amount":340.194,"unitShort":"g","unitLong":"grams"}}},{"id":90480,"aisle":"Alcoholic Beverages","image":"simple-syrup.jpg","consistency":"liquid","name":"simple syrup","nameClean":"simple syrup","original":"simple syrup to taste","originalString":"simple syrup to taste","originalName":"simple syrup to taste","amount":1.0,"unit":"serving","meta":["to taste"],"metaInformation":["to taste"],"measures":{"us":{"amount":1.0,"unitShort":"serving","unitLong":"serving"},"metric":{"amount":1.0,"unitShort":"serving","unitLong":"serving"}}},{"id":10014412,"aisle":"Frozen","image":"ice-cubes.png","consistency":"solid","name":"ice cubes","nameClean":"ice","original":"ice cubes","originalString":"ice cubes","originalName":"ice cubes","amount":1.0,"unit":"serving","meta":[],"metaInformation":[],"measures":{"us":{"amount":1.0,"unitShort":"serving","unitLong":"serving"},"metric":{"amount":1.0,"unitShort":"serving","unitLong":"serving"}}},{"id":9326,"aisle":"Produce","image":"watermelon.png","consistency":"solid","name":"watermelon","nameClean":"watermelon","original":"1Whiz the chilled watermelon in a blender and strain for a smoother cocktail to serve on ice. For a frozen variation, freeze some watermelon cubes and blend it in with the chilled watermelon.","originalString":"1Whiz the chilled watermelon in a blender and strain for a smoother cocktail to serve on ice. For a frozen variation, freeze some watermelon cubes and blend it in with the chilled watermelon.","originalName":"1Whiz the chilled watermelon in a blender and strain for a smoother cocktail to serve on ice. For a frozen variation, freeze some watermelon cubes and blend it in with the chilled watermelon","amount":1.0,"unit":"serving","meta":["frozen","with the chilled watermelon.","chilled","for a smoother cocktail to serve on ice. for a  variation, freeze some watermelon cubes and blend it in "],"metaInformation":["frozen","with the chilled watermelon.","chilled","for a smoother cocktail to serve on ice. for a  variation, freeze some watermelon cubes and blend it in "],"measures":{"us":{"amount":1.0,"unitShort":"serving","unitLong":"serving"},"metric":{"amount":1.0,"unitShort":"serving","unitLong":"serving"}}},{"id":99105,"aisle":"Produce","image":"bottle-gourd.jpg","consistency":"solid","name":"bottle gourd","nameClean":"bottle gourd","original":"2In a large pitcher, muddle 1 lime, herb leaves, and 1-2 jalapeños. Use a rolling pin or the bottom of a glass bottle if you don't have a muddler.","originalString":"2In a large pitcher, muddle 1 lime, herb leaves, and 1-2 jalapeños. Use a rolling pin or the bottom of a glass bottle if you don't have a muddler.","originalName":"2In a pitcher, muddle 1 lime, herb leaves, and 1-2 jalapeños. Use a rolling pin or the bottom of a glass bottle if you don't have a muddler","amount":1.0,"unit":"large","meta":[],"metaInformation":[],"measures":{"us":{"amount":1.0,"unitShort":"large","unitLong":"large"},"metric":{"amount":1.0,"unitShort":"large","unitLong":"large"}}},{"id":9326,"aisle":"Produce","image":"watermelon.png","consistency":"solid","name":"watermelon","nameClean":"watermelon","original":"3Stir in the blended watermelon, liquor, 1 tablespoon soda, and sweeten to taste.","originalString":"3Stir in the blended watermelon, liquor, 1 tablespoon soda, and sweeten to taste.","originalName":"3Stir in the blended watermelon, liquor, soda, and sweeten to taste","amount":1.0,"unit":"tablespoon","meta":["to taste"],"metaInformation":["to taste"],"measures":{"us":{"amount":1.0,"unitShort":"Tbsp","unitLong":"Tbsp"},"metric":{"amount":1.0,"unitShort":"Tbsp","unitLong":"Tbsp"}}},{"id":10014412,"aisle":"Frozen","image":"ice-cubes.png","consistency":"solid","name":"ice","nameClean":"ice","original":"4Serve in ice-filled glasses and garnish with lime wedges, herbs, and jalapeño slices.","originalString":"4Serve in ice-filled glasses and garnish with lime wedges, herbs, and jalapeño slices.","originalName":"4Serve in ice-filled and garnish with lime wedges, herbs, and jalapeño slices","amount":1.0,"unit":"glasses","meta":["with lime wedges, herbs, and jalapeño slices."],"metaInformation":["with lime wedges, herbs, and jalapeño slices."],"measures":{"us":{"amount":1.0,"unitShort":"glasses","unitLong":"glasses"},"metric":{"amount":1.0,"unitShort":"glasses","unitLong":"glasses"}}}],"id":665016,"title":"Watermelon Jalapeño Cocktail Cooler","readyInMinutes":45,"servings":6,"sourceUrl":"https://www.foodista.com/recipe/5JF2LB3S/watermelon-jalapeno-cocktail-cooler","image":"https://spoonacular.com/recipeImages/665016-556x370.jpg","imageType":"jpg","summary":"Watermelon Jalapeño Cocktail Cooler might be a good recipe to expand your beverage repertoire. This recipe serves 6. For <b>$2.92 per serving</b>, this recipe <b>covers 17%</b> of your daily requirements of vitamins and minerals. Watching your figure? This gluten free, dairy free, lacto ovo vegetarian, and vegan recipe has <b>380 calories</b>, <b>5g of protein</b>, and <b>1g of fat</b> per serving. 6 people were glad they tried this recipe. It will be a hit at your <b>Summer</b> event. A mixture of whiz the watermelon in a blender and strain, jalapeño peppers, ice cubes, and a handful of other ingredients are all it takes to make this recipe so yummy. From preparation to the plate, this recipe takes approximately <b>approximately 45 minutes</b>. It is brought to you by Foodista. Taking all factors into account, this recipe <b>earns a spoonacular score of 53%</b>, which is solid. <a href=\"https://spoonacular.com/recipes/watermelon-cooler-516082\">Watermelon Cooler</a>, <a href=\"https://spoonacular.com/recipes/watermelon-cooler-225155\">Watermelon Cooler</a>, and <a href=\"https://spoonacular.com/recipes/watermelon-cooler-27668\">Watermelon Cooler</a> are very similar to this recipe.","cuisines":[],"dishTypes":["beverage","drink"],"diets":["gluten free","dairy free","lacto ovo vegetarian","vegan"],"occasions":["summer"],"instructions":"Whiz the chilled watermelon in a blender and strain for a smoother cocktail to serve on ice. For a frozen variation, freeze some watermelon cubes and blend it in with the chilled watermelon.\nIn a large pitcher, muddle 1 lime, herb leaves, and 1-2 jalapeos. Use a rolling pin or the bottom of a glass bottle if you dont have a muddler.\nStir in the blended watermelon, liquor, a splash of soda, and sweeten to taste.\nServe in ice-filled glasses and garnish with lime wedges, herbs, and jalapeo slices.","analyzedInstructions":[{"name":"","steps":[{"number":1,"step":"Whiz the chilled watermelon in a blender and strain for a smoother cocktail to serve on ice. For a frozen variation, freeze some watermelon cubes and blend it in with the chilled watermelon.","ingredients":[{"id":9326,"name":"watermelon","localizedName":"watermelon","image":"watermelon.png"},{"id":0,"name":"cocktail","localizedName":"cocktail","image":"rum-dark.jpg"},{"id":10014412,"name":"ice","localizedName":"ice","image":"ice-cubes.png"}],"equipment":[{"id":404726,"name":"blender","localizedName":"blender","image":"blender.png"}]},{"number":2,"step":"In a large pitcher, muddle 1 lime, herb leaves, and 1-2 jalapeos. Use a rolling pin or the bottom of a glass bottle if you dont have a muddler.","ingredients":[{"id":9159,"name":"lime","localizedName":"lime","image":"lime.jpg"}],"equipment":[{"id":404746,"name":"rolling pin","localizedName":"rolling pin","image":"rolling-pin.jpg"}]},{"number":3,"step":"Stir in the blended watermelon, liquor, a splash of soda, and sweeten to taste.","ingredients":[{"id":9326,"name":"watermelon","localizedName":"watermelon","image":"watermelon.png"},{"id":14037,"name":"liquor","localizedName":"liquor","image":"rum-dark.jpg"},{"id":0,"name":"pop","localizedName":"soft drink","image":""}],"equipment":[]},{"number":4,"step":"Serve in ice-filled glasses and garnish with lime wedges, herbs, and jalapeo slices.","ingredients":[{"id":1029159,"name":"lime wedge","localizedName":"lime wedge","image":"lime-wedge.jpg"},{"id":1002044,"name":"herbs","localizedName":"herbs","image":"mixed-fresh-herbs.jpg"},{"id":10014412,"name":"ice","localizedName":"ice","image":"ice-cubes.png"}],"equipment":[]}]}],"originalId":null,"spoonacularSourceUrl":"https://spoonacular.com/watermelon-jalapeo-cocktail-cooler-665016"},{"vegetarian":false,"vegan":false,"glutenFree":true,"dairyFree":true,"veryHealthy":true,"cheap":false,"veryPopular":false,"sustainable":false,"weightWatcherSmartPoints":6,"gaps":"no","lowFodmap":false,"aggregateLikes":33,"spoonacularScore":90.0,"healthScore":100.0,"creditsText":"Afrolems","license":"CC BY 4.0","sourceName":"Afrolems","pricePerServing":4317.54,"extendedIngredients":[{"id":93653,"aisle":"Alcoholic Beverages","image":"dark-sauce.jpg","consistency":"solid","name":"angostura bitters","nameClean":"bitters","original":"2 teaspoons Angostura bitters (or alomo bitters)","originalString":"2 teaspoons Angostura bitters (or alomo bitters)","originalName":"Angostura bitters (or alomo bitters)","amount":2.0,"unit":"teaspoons","meta":["(or alomo bitters)"],"metaInformation":["(or alomo bitters)"],"measures":{"us":{"amount":2.0,"unitShort":"tsps","unitLong":"teaspoons"},"metric":{"amount":2.0,"unitShort":"tsps","unitLong":"teaspoons"}}},{"id":10042040,"aisle":"Alcoholic Beverages","image":"grenadine.jpg","consistency":"liquid","name":"grenadine","nameClean":"grenadine","original":"2 teaspoons of grenadine (black currant)","originalString":"2 teaspoons of grenadine (black currant)","originalName":"grenadine (black currant)","amount":2.0,"unit":"teaspoons","meta":["black","( currant)"],"metaInformation":["black","( currant)"],"measures":{"us":{"amount":2.0,"unitShort":"tsps","unitLong":"teaspoons"},"metric":{"amount":2.0,"unitShort":"tsps","unitLong":"teaspoons"}}},{"id":10014412,"aisle":"Frozen","image":"ice-cubes.png","consistency":"solid","name":"ice cubes","nameClean":"ice","original":"Ice cubes","originalString":"Ice cubes","originalName":"Ice","amount":1.0,"unit":"cubes","meta":[],"metaInformation":[],"measures":{"us":{"amount":1.0,"unitShort":"cubes","unitLong":"cube"},"metric":{"amount":1.0,"unitShort":"cubes","unitLong":"cube"}}},{"id":9150,"aisle":"Produce","image":"lemon.png","consistency":"solid","name":"lemon","nameClean":"lemon","original":"2 lemon slices","originalString":"2 lemon slices","originalName":"lemon slices","amount":2.0,"unit":"slices","meta":[],"metaInformation":[],"measures":{"us":{"amount":2.0,"unitShort":"slice","unitLong":"slices"},"metric":{"amount":2.0,"unitShort":"slice","unitLong":"slices"}}},{"id":93645,"aisle":"Baking","image":"colorful-sprinkles.jpg","consistency":"solid","name":"sprinkles","nameClean":"sprinkles","original":"Sprinkles or sugar for garnishing the glass","originalString":"Sprinkles or sugar for garnishing the glass","originalName":"Sprinkles or sugar for garnishing the glass","amount":1.0,"unit":"serving","meta":["for garnishing the glass"],"metaInformation":["for garnishing the glass"],"measures":{"us":{"amount":1.0,"unitShort":"serving","unitLong":"serving"},"metric":{"amount":1.0,"unitShort":"serving","unitLong":"serving"}}},{"id":19335,"aisle":"Baking","image":"sugar-in-bowl.png","consistency":"solid","name":"sugar","nameClean":"sugar","original":"1/2 teaspoon of sugar for syrup","originalString":"1/2 teaspoon of sugar for syrup","originalName":"sugar for syrup","amount":0.5,"unit":"teaspoon","meta":["for syrup"],"metaInformation":["for syrup"],"measures":{"us":{"amount":0.5,"unitShort":"tsps","unitLong":"teaspoons"},"metric":{"amount":0.5,"unitShort":"tsps","unitLong":"teaspoons"}}},{"id":14412,"aisle":"Beverages","image":"water.png","consistency":"liquid","name":"water","nameClean":"water","original":"120 ml of water (1/2 cup)","originalString":"120 ml of water (1/2 cup)","originalName":"120 ml of water","amount":0.5,"unit":"cup","meta":[],"metaInformation":[],"measures":{"us":{"amount":0.5,"unitShort":"cups","unitLong":"cups"},"metric":{"amount":118.294,"unitShort":"ml","unitLong":"milliliters"}}},{"id":9326,"aisle":"Produce","image":"watermelon.png","consistency":"solid","name":"watermelon chunks","nameClean":"watermelon","original":"6 Medium chunks of watermelon","originalString":"6 Medium chunks of watermelon","originalName":"Medium chunks of watermelon","amount":6.0,"unit":"","meta":[],"metaInformation":[],"measures":{"us":{"amount":6.0,"unitShort":"","unitLong":""},"metric":{"amount":6.0,"unitShort":"","unitLong":""}}}],"id":716380,"title":"Watermelon Mocktail Drink","readyInMinutes":45,"servings":1,"sourceUrl":"http://www.afrolems.com/2014/05/14/watermelon-mocktail-drink-recipe/","image":"https://spoonacular.com/recipeImages/716380-556x370.jpg","imageType":"jpg","summary":"Watermelon Mocktail Drink might be just the beverage you are searching for. This recipe makes 1 servings with <b>136 calories</b>, <b>0g of protein</b>, and <b>1g of fat</b> each. For <b>$1.24 per serving</b>, this recipe <b>covers 1%</b> of your daily requirements of vitamins and minerals. This recipe from Afrolems has 33 fans. It is a good option if you're following a <b>gluten free and dairy free</b> diet. From preparation to the plate, this recipe takes around <b>45 minutes</b>. It will be a hit at your <b>Summer</b> event. A mixture of lemon, sprinkles, sugar, and a handful of other ingredients are all it takes to make this recipe so tasty. All things considered, we decided this recipe <b>deserves a spoonacular score of 9%</b>. This score is improvable. Try <a href=\"https://spoonacular.com/recipes/milky-watermelon-drink-716252\">Milky Watermelon Drink</a>, <a href=\"https://spoonacular.com/recipes/quick-watermelon-summer-drink-582115\">Quick Watermelon Summer Drink</a>, and <a href=\"https://spoonacular.com/recipes/watermelon-iced-tea-drink-recipe-27499\">Watermelon Iced Tea Drink Recipe</a> for similar recipes.","cuisines":[],"dishTypes":["beverage","drink"],"diets":["gluten free","dairy free"],"occasions":["summer"],"instructions":"With 1/4 cup (60 ml) of water, blend the watermelon chunks and sieve for the juice. You can also use a juicer and avoid using extra water.In a separate cup, mix the rest of the water and the 1/2 teaspoon of sugar to form a syrup. You could use warm water so the sugar dissolves better.Pour the sugar mix into the watermelon juice, add the angostura bitters and grenadine.Use one of the lemon slices to rub around the tip of the glass and rub the glass in the sprinkles or sugar for garnishing.Pour some ice cubes in your glass and pour in the watermelon juice and serve cold. Garnish with more lemon slices or any other fruit of your choice.        ","analyzedInstructions":[{"name":"","steps":[{"number":1,"step":"With 1/4 cup (60 ml) of water, blend the watermelon chunks and sieve for the juice. You can also use a juicer and avoid using extra water.In a separate cup, mix the rest of the water and the 1/2 teaspoon of sugar to form a syrup. You could use warm water so the sugar dissolves better.","ingredients":[{"id":9326,"name":"watermelon","localizedName":"watermelon","image":"watermelon.png"},{"id":1019016,"name":"juice","localizedName":"juice","image":"apple-juice.jpg"},{"id":19335,"name":"sugar","localizedName":"sugar","image":"sugar-in-bowl.png"},{"id":0,"name":"syrup","localizedName":"syrup","image":""},{"id":14412,"name":"water","localizedName":"water","image":"water.png"}],"equipment":[{"id":404683,"name":"juicer","localizedName":"juicer","image":"juicer.jpg"},{"id":405600,"name":"sieve","localizedName":"sieve","image":"strainer.png"}]},{"number":2,"step":"Pour the sugar mix into the watermelon juice, add the angostura bitters and grenadine.Use one of the lemon slices to rub around the tip of the glass and rub the glass in the sprinkles or sugar for garnishing.","ingredients":[{"id":93653,"name":"angostura bitters","localizedName":"angostura bitters","image":"dark-sauce.jpg"},{"id":9326,"name":"watermelon","localizedName":"watermelon","image":"watermelon.png"},{"id":10042040,"name":"grenadine","localizedName":"grenadine","image":"grenadine.jpg"},{"id":93645,"name":"sprinkles","localizedName":"sprinkles","image":"colorful-sprinkles.jpg"},{"id":1019016,"name":"juice","localizedName":"juice","image":"apple-juice.jpg"},{"id":9150,"name":"lemon","localizedName":"lemon","image":"lemon.png"},{"id":19335,"name":"sugar","localizedName":"sugar","image":"sugar-in-bowl.png"},{"id":1012034,"name":"dry seasoning rub","localizedName":"dry seasoning rub","image":"seasoning.png"}],"equipment":[]},{"number":3,"step":"Pour some ice cubes in your glass and pour in the watermelon juice and serve cold.","ingredients":[{"id":9326,"name":"watermelon","localizedName":"watermelon","image":"watermelon.png"},{"id":10014412,"name":"ice cubes","localizedName":"ice cubes","image":"ice-cubes.png"},{"id":1019016,"name":"juice","localizedName":"juice","image":"apple-juice.jpg"}],"equipment":[]},{"number":4,"step":"Garnish with more lemon slices or any other fruit of your choice.        ","ingredients":[{"id":9431,"name":"fruit","localizedName":"fruit","image":"mixed-fresh-fruit.jpg"},{"id":9150,"name":"lemon","localizedName":"lemon","image":"lemon.png"}],"equipment":[]}]}],"originalId":null,"spoonacularSourceUrl":"https://spoonacular.com/watermelon-mocktail-drink-716380"}]}