{"recipes":[{"vegetarian":false,"vegan":false,"glutenFree":true,"dairyFree":true,"veryHealthy":false,"cheap":false,"veryPopular":false,"sustainable":false,"weightWatcherSmartPoints":12,"gaps":"no","lowFodmap":false,"aggregateLikes":10,"spoonacularScore":42.0,"healthScore":6.0,"creditsText":"Foodista.com – The Cooking Encyclopedia Everyone Can Edit","license":"CC BY 3.0","sourceName":"Foodista","pricePerServing":161.83,"extendedIngredients":[{"id":10211962,"aisle":"Produce;Ethnic Foods;Spices and Seasonings","image":"dried-arbol-chiles.jpg","consistency":"solid","name":"ancho chili pepper","nameClean":"ancho chili pepper","original":"1 ancho chili pepper","originalString":"1 ancho chili pepper","originalName":"ancho chili pepper","amount":1.0,"unit":"","meta":[],"metaInformation":[],"measures":{"us":{"amount":1.0,"unitShort":"","unitLong":""},"metric":{"amount":1.0,"unitShort":"","unitLong":""}}},{"id":9291,"aisle":"Dried Fruits;Produce","image":"prunes.jpg","consistency":"solid","name":"prunes","nameClean":"prunes","original":"2 large pitted prunes","originalString":"2 large pitted prunes","originalName":"pitted prunes","amount":2.0,"unit":"large","meta":["pitted"],"metaInformation":["pitted"],"measures":{"us":{"amount":2.0,"unitShort":"large","unitLong":"larges"},"metric":{"amount":2.0,"unitShort":"large","unitLong":"larges"}}},{"id":10093741,"aisle":"Canned and Jarred","image":"beef-broth.png","consistency":"liquid","name":"low sodium beef broth","nameClean":"low sodium beef broth","original":"1 cup low-sodium chicken or beef broth","originalString":"1 cup low-sodium chicken or beef broth","originalName":"low-sodium chicken or beef broth","amount":1.0,"unit":"cup","meta":["low-sodium"],"metaInformation":["low-sodium"],"measures":{"us":{"amount":1.0,"unitShort":"cup","unitLong":"cup"},"metric":{"amount":236.588,"unitShort":"ml","unitLong":"milliliters"}}},{"id":98849,"aisle":"Canned and Jarred","image":"tomatoes-canned.png","consistency":"solid","name":"fire-roasted tomatoes","nameClean":"fire roasted tomatoes","original":"1 cup fire-roasted tomatoes","originalString":"1 cup fire-roasted tomatoes","originalName":"fire-roasted tomatoes","amount":1.0,"unit":"cup","meta":[],"metaInformation":[],"measures":{"us":{"amount":1.0,"unitShort":"cup","unitLong":"cup"},"metric":{"amount":236.588,"unitShort":"ml","unitLong":"milliliters"}}},{"id":11887,"aisle":"Pasta and Rice","image":"tomato-paste.jpg","consistency":"solid","name":"tomato paste","nameClean":"tomato paste","original":"¼ cup tomato paste","originalString":"¼ cup tomato paste","originalName":"tomato paste","amount":0.25,"unit":"cup","meta":[],"metaInformation":[],"measures":{"us":{"amount":0.25,"unitShort":"cups","unitLong":"cups"},"metric":{"amount":59.147,"unitShort":"ml","unitLong":"milliliters"}}},{"id":11282,"aisle":"Produce","image":"brown-onion.png","consistency":"solid","name":"onion","nameClean":"onion","original":"1 small onion, peeled cut into quarters","originalString":"1 small onion, peeled cut into quarters","originalName":"onion, peeled cut into quarters","amount":1.0,"unit":"small","meta":["peeled","cut into quarters"],"metaInformation":["peeled","cut into quarters"],"measures":{"us":{"amount":1.0,"unitShort":"small","unitLong":"small"},"metric":{"amount":1.0,"unitShort":"small","unitLong":"small"}}},{"id":19304,"aisle":"Baking","image":"molasses.jpg","consistency":"solid","name":"molasses","nameClean":"molasses","original":"1 teaspoon molasses","originalString":"1 teaspoon molasses","originalName":"molasses","amount":1.0,"unit":"teaspoon","meta":[],"metaInformation":[],"measures":{"us":{"amount":1.0,"unitShort":"tsp","unitLong":"teaspoon"},"metric":{"amount":1.0,"unitShort":"tsp","unitLong":"teaspoon"}}},{"id":11215,"aisle":"Produce","image":"garlic.png","consistency":"solid","name":"garlic","nameClean":"garlic","original":"2 cloves garlic, peeled","originalString":"2 cloves garlic, peeled","originalName":"garlic, peeled","amount":2.0,"unit":"cloves","meta":["peeled"],"metaInformation":["peeled"],"measures":{"us":{"amount":2.0,"unitShort":"cloves","unitLong":"cloves"},"metric":{"amount":2.0,"unitShort":"cloves","unitLong":"cloves"}}},{"id":12016,"aisle":"Savory Snacks","image":"pumpkin-seeds.jpg","consistency":"solid","name":"unsalted pumpkin seeds","nameClean":"roasted unsalted pumpkin seeds","original":"¼ cup raw, unsalted pumpkin seeds","originalString":"¼ cup raw, unsalted pumpkin seeds","originalName":"raw, unsalted pumpkin seeds","amount":0.25,"unit":"cup","meta":["raw","unsalted"],"metaInformation":["raw","unsalted"],"measures":{"us":{"amount":0.25,"unitShort":"cups","unitLong":"cups"},"metric":{"amount":59.147,"unitShort":"ml","unitLong":"milliliters"}}},{"id":1002014,"aisle":"Spices and Seasonings","image":"ground-cumin.jpg","consistency":"solid","name":"ground cumin","nameClean":"cumin","original":"1 teaspoon ground cumin","originalString":"1 teaspoon ground cumin","originalName":"ground cumin","amount":1.0,"unit":"teaspoon","meta":[],"metaInformation":[],"measures":{"us":{"amount":1.0,"unitShort":"tsp","unitLong":"teaspoon"},"metric":{"amount":1.0,"unitShort":"tsp","unitLong":"teaspoon"}}},{"id":2027,"aisle":"Produce;Spices and Seasonings","image":"oregano.jpg","consistency":"solid","name":"oregano","nameClean":"oregano","original":"1 teaspoon fresh oregano","originalString":"1 teaspoon fresh oregano","originalName":"fresh oregano","amount":1.0,"unit":"teaspoon","meta":["fresh"],"metaInformation":["fresh"],"measures":{"us":{"amount":1.0,"unitShort":"tsp","unitLong":"teaspoon"},"metric":{"amount":1.0,"unitShort":"tsp","unitLong":"teaspoon"}}},{"id":20317,"aisle":"Ethnic Foods;Baking","image":"corn-flour.jpg","consistency":"solid","name":"masa harina","nameClean":"masa harina","original":"½ cup masa harina, Masabrosa preferred (see Kitchen Tip #1)","originalString":"½ cup masa harina, Masabrosa preferred (see Kitchen Tip #1)","originalName":"masa harina, Masabrosa preferred (see Kitchen Tip #1)","amount":0.5,"unit":"cup","meta":["(see Kitchen Tip #1)"],"metaInformation":["(see Kitchen Tip #1)"],"measures":{"us":{"amount":0.5,"unitShort":"cups","unitLong":"cups"},"metric":{"amount":118.294,"unitShort":"ml","unitLong":"milliliters"}}},{"id":35137,"aisle":"Ethnic Foods;Baking","image":"cornmeal.png","consistency":"solid","name":"ground cornmeal","nameClean":"cornmeal","original":"¼ cup stone-ground cornmeal","originalString":"¼ cup stone-ground cornmeal","originalName":"stone-ground cornmeal","amount":0.25,"unit":"cup","meta":[],"metaInformation":[],"measures":{"us":{"amount":0.25,"unitShort":"cups","unitLong":"cups"},"metric":{"amount":59.147,"unitShort":"ml","unitLong":"milliliters"}}},{"id":20061,"aisle":"Gluten Free;Health Foods;Baking","image":"white-powder.jpg","consistency":"solid","name":"rice flour","nameClean":"rice flour","original":"1 cup rice flour, divided","originalString":"1 cup rice flour, divided","originalName":"rice flour, divided","amount":1.0,"unit":"cup","meta":["divided"],"metaInformation":["divided"],"measures":{"us":{"amount":1.0,"unitShort":"cup","unitLong":"cup"},"metric":{"amount":236.588,"unitShort":"ml","unitLong":"milliliters"}}},{"id":18371,"aisle":"Baking","image":"white-powder.jpg","consistency":"solid","name":"baking powder","nameClean":"low sodium baking powder","original":"1 teaspoon baking powder","originalString":"1 teaspoon baking powder","originalName":"baking powder","amount":1.0,"unit":"teaspoon","meta":[],"metaInformation":[],"measures":{"us":{"amount":1.0,"unitShort":"tsp","unitLong":"teaspoon"},"metric":{"amount":1.0,"unitShort":"tsp","unitLong":"teaspoon"}}},{"id":19334,"aisle":"Baking","image":"light-brown-sugar.jpg","consistency":"solid","name":"brown sugar","nameClean":"golden brown sugar","original":"2 tablespoons brown sugar","originalString":"2 tablespoons brown sugar","originalName":"brown sugar","amount":2.0,"unit":"tablespoons","meta":[],"metaInformation":[],"measures":{"us":{"amount":2.0,"unitShort":"Tbsps","unitLong":"Tbsps"},"metric":{"amount":2.0,"unitShort":"Tbsps","unitLong":"Tbsps"}}},{"id":1082047,"aisle":"Spices and Seasonings","image":"salt.jpg","consistency":"solid","name":"kosher salt","nameClean":"kosher salt","original":"½ teaspoon kosher salt","originalString":"½ teaspoon kosher salt","originalName":"kosher salt","amount":0.5,"unit":"teaspoon","meta":[],"metaInformation":[],"measures":{"us":{"amount":0.5,"unitShort":"tsps","unitLong":"teaspoons"},"metric":{"amount":0.5,"unitShort":"tsps","unitLong":"teaspoons"}}},{"id":1123,"aisle":"Milk, Eggs, Other Dairy","image":"egg.png","consistency":"solid","name":"eggs","nameClean":"egg","original":"2 large eggs","originalString":"2 large eggs","originalName":"eggs","amount":2.0,"unit":"large","meta":[],"metaInformation":[],"measures":{"us":{"amount":2.0,"unitShort":"large","unitLong":"larges"},"metric":{"amount":2.0,"unitShort":"large","unitLong":"larges"}}},{"id":9160,"aisle":"Produce","image":"lime-juice.png","consistency":"liquid","name":"juice of lime","nameClean":"lime juice","original":"Juice of 1 lime","originalString":"Juice of 1 lime","originalName":"Juice of lime","amount":1.0,"unit":"","meta":[],"metaInformation":[],"measures":{"us":{"amount":1.0,"unitShort":"","unitLong":""},"metric":{"amount":1.0,"unitShort":"","unitLong":""}}},{"id":93761,"aisle":"Milk, Eggs, Other Dairy","image":"rice-milk.png","consistency":"liquid","name":"rice milk","nameClean":"rice milk","original":"½ cup plus 2 tablespoons rice milk","originalString":"½ cup plus 2 tablespoons rice milk","originalName":"rice milk","amount":0.5,"unit":"cup","meta":[],"metaInformation":[],"measures":{"us":{"amount":0.5,"unitShort":"cups","unitLong":"cups"},"metric":{"amount":118.294,"unitShort":"ml","unitLong":"milliliters"}}},{"id":4582,"aisle":"Oil, Vinegar, Salad Dressing","image":"vegetable-oil.jpg","consistency":"liquid","name":"canola oil","nameClean":"cooking oil","original":"5 cups peanut or canola oil","originalString":"5 cups peanut or canola oil","originalName":"peanut or canola oil","amount":5.0,"unit":"cups","meta":[],"metaInformation":[],"measures":{"us":{"amount":5.0,"unitShort":"cups","unitLong":"cups"},"metric":{"amount":1.183,"unitShort":"l","unitLong":"liters"}}},{"id":93668,"aisle":"Meat","image":"chicken-or-turkey-sausage.jpg","consistency":"solid","name":"chicken sausage links","nameClean":"chicken sausage","original":"4 spicy cooked chicken sausage links","originalString":"4 spicy cooked chicken sausage links","originalName":"spicy cooked chicken sausage links","amount":4.0,"unit":"","meta":["cooked"],"metaInformation":["cooked"],"measures":{"us":{"amount":4.0,"unitShort":"","unitLong":""},"metric":{"amount":4.0,"unitShort":"","unitLong":""}}}],"id":661048,"title":"Spicy Chicken Corn Dogs with Homemade Chili Sauce","readyInMinutes":45,"servings":8,"sourceUrl":"https://www.foodista.com/recipe/VVLHPBNS/spicy-chicken-corn-dogs-with-homemade-chili-sauce","summary":"Spicy Chicken Corn Dogs with Homemade Chili Sauce takes approximately <b>about 45 minutes</b> from beginning to end. This hor d'oeuvre has <b>434 calories</b>, <b>14g of protein</b>, and <b>25g of fat</b> per serving. This recipe serves 8 and costs $1.62 per serving. A mixture of rice flour, fire-roasted tomatoes, , and a handful of other ingredients are all it takes to make this recipe so delicious. It is brought to you by Foodista. 10 people have made this recipe and would make it again. It can be enjoyed any time, but it is especially good for <b>The Super Bowl</b>. It is a <b>rather inexpensive</b> recipe for fans of American food. It is a good option if you're following a <b>gluten free and dairy free</b> diet. Taking all factors into account, this recipe <b>earns a spoonacular score of 40%</b>, which is not so spectacular. If you like this recipe, take a look at these similar recipes: <a href=\"https://spoonacular.com/recipes/hot-dogs-three-ways-pepper-jam-chili-sauce-bourbon-caramelized-onions-and-spicy-tomato-relish-522850\">Hot Dogs Three Ways – Pepper Jam/Chili Sauce, Bourbon Caramelized Onions and Spicy Tomato Relish</a>, <a href=\"https://spoonacular.com/recipes/homemade-corn-dogs-667225\">Homemade Corn Dogs</a>, and <a href=\"https://spoonacular.com/recipes/grilled-corn-with-spicy-chili-mayo-coconut-and-fish-sauce-149253\">Grilled Corn with Spicy Chili Mayo, Coconut, and Fish Sauce</a>.","cuisines":["American"],"dishTypes":["fingerfood","antipasti","lunch","main course","starter","snack","appetizer","main dish","antipasto","hor d'oeuvre","dinner"],"diets":["gluten free","dairy free"],"occasions":["super bowl"],"instructions":"To prepare the skewers:\nSoak 8 bamboo skewers in water for at least 30 minutes. Set aside.\nTo make the sauce:\nCut the top of the dried chili and shake out the seeds. Transfer them into a saucepan along with the prunes, broth, tomatoes, tomato paste, onion, molasses, garlic, pumpkin seeds, cumin, and oregano. Bring the mixture to a boil over high heat and cook for 2 minutes; then lower the heat to a simmer and cook for 20 minutes more.\nUsing an immersion blender, puree the mixture until completely smooth. Return to the heat and simmer, uncovered, for another 15 to 20 minutes. (If you dont have an immersion blender, carefully ladle the sauce into a food processor, and process until smooth, working in batches; then return to the pot.) Set the sauce aside until ready to serve with the corndogs, or if you are making this ahead of time, once the sauce has cooled, transfer it to a container and refrigerate.\nTo prepare the corn dogs:\nIn a mixing bowl, combine the masa harina, cornmeal,  cup of the rice flour, baking powder, brown sugar, and salt and mix to combine. Add the eggs, one at a time, mixing well to combine. Add the rice milk and lime juice and mix to combine. The mixture should resemble a thick pancake batter; if more milk is needed, add by the tablespoonful. Cover and refrigerate the mixture if you are not going to be frying right away.\nWhen you are ready to cook, heat the oil in a saucepan until it registers 350F on a deep-frying thermometer. While the oil is heating, place the remaining rice flour on a paper plate and set aside. Cut each chicken sausage in half crosswise, to make eight pieces.\nRoll each piece of sausage in the rice flour to lightly coat. Thread the moistened bamboo skewers through the sausage pieces, so that the tips of the skewers are not quite poking out the top. Holding it by its skewer, dip a floured sausage piece into the batter, until it is completely coated. Carefully lift the stick and hold it over the bowl for a few seconds, allowing any excess batter to drip off. Repeat with another skewer. Carefully place two corn dogs into the hot oil and cook until they are crusty on the outside, and dark golden brown, 3 to 4 minutes. Drain on paper towels and keep warm. Repeat with each skewered sausage, allowing the oil to return to 350F in between. Serve immediately with the chili.","analyzedInstructions":[{"name":"To prepare the skewers","steps":[{"number":1,"step":"Soak 8 bamboo skewers in water for at least 30 minutes. Set aside.","ingredients":[{"id":14412,"name":"water","localizedName":"water","image":"water.png"}],"equipment":[{"id":3065,"name":"skewers","localizedName":"skewers","image":"wooden-skewers.jpg"}],"length":{"number":30,"unit":"minutes"}}]},{"name":"To make the sauce","steps":[{"number":1,"step":"Cut the top of the dried chili and shake out the seeds.","ingredients":[{"id":10111962,"name":"dried chili pepper","localizedName":"dried chili pepper","image":"dried-arbol-chiles.jpg"},{"id":93818,"name":"seeds","localizedName":"seeds","image":"sunflower-seeds.jpg"},{"id":0,"name":"shake","localizedName":"shake","image":""}],"equipment":[]},{"number":2,"step":"Transfer them into a saucepan along with the prunes, broth, tomatoes, tomato paste, onion, molasses, garlic, pumpkin seeds, cumin, and oregano. Bring the mixture to a boil over high heat and cook for 2 minutes; then lower the heat to a simmer and cook for 20 minutes more.","ingredients":[{"id":12014,"name":"pumpkin seeds","localizedName":"pumpkin seeds","image":"pumpkin-seeds.jpg"},{"id":11887,"name":"tomato paste","localizedName":"tomato paste","image":"tomato-paste.jpg"},{"id":19304,"name":"molasses","localizedName":"molasses","image":"molasses.jpg"},{"id":11529,"name":"tomato","localizedName":"tomato","image":"tomato.png"},{"id":2027,"name":"oregano","localizedName":"oregano","image":"oregano.jpg"},{"id":11215,"name":"garlic","localizedName":"garlic","image":"garlic.png"},{"id":9291,"name":"prunes","localizedName":"prunes","image":"prunes.jpg"},{"id":1006615,"name":"broth","localizedName":"broth","image":"chicken-broth.png"},{"id":1002014,"name":"cumin","localizedName":"cumin","image":"ground-cumin.jpg"},{"id":11282,"name":"onion","localizedName":"onion","image":"brown-onion.png"}],"equipment":[{"id":404669,"name":"sauce pan","localizedName":"sauce pan","image":"sauce-pan.jpg"}],"length":{"number":22,"unit":"minutes"}},{"number":3,"step":"Using an immersion blender, puree the mixture until completely smooth. Return to the heat and simmer, uncovered, for another 15 to 20 minutes. (If you dont have an immersion blender, carefully ladle the sauce into a food processor, and process until smooth, working in batches; then return to the pot.) Set the sauce aside until ready to serve with the corndogs, or if you are making this ahead of time, once the sauce has cooled, transfer it to a container and refrigerate.","ingredients":[{"id":0,"name":"sauce","localizedName":"sauce","image":""}],"equipment":[{"id":404776,"name":"immersion blender","localizedName":"immersion blender","image":"immersion-blender.png"},{"id":404771,"name":"food processor","localizedName":"food processor","image":"food-processor.png"},{"id":404630,"name":"ladle","localizedName":"ladle","image":"ladle.jpg"},{"id":404752,"name":"pot","localizedName":"pot","image":"stock-pot.jpg"}],"length":{"number":15,"unit":"minutes"}}]},{"name":"To prepare the corn dogs","steps":[{"number":1,"step":"In a mixing bowl, combine the masa harina, cornmeal,  cup of the rice flour, baking powder, brown sugar, and salt and mix to combine.","ingredients":[{"id":18369,"name":"baking powder","localizedName":"baking powder","image":"white-powder.jpg"},{"id":19334,"name":"brown sugar","localizedName":"brown sugar","image":"dark-brown-sugar.png"},{"id":20317,"name":"masa harina","localizedName":"masa harina","image":"corn-flour.jpg"},{"id":20061,"name":"rice flour","localizedName":"rice flour","image":"white-powder.jpg"},{"id":35137,"name":"cornmeal","localizedName":"cornmeal","image":"cornmeal.png"},{"id":2047,"name":"salt","localizedName":"salt","image":"salt.jpg"}],"equipment":[{"id":405907,"name":"mixing bowl","localizedName":"mixing bowl","image":"mixing-bowl.jpg"}]},{"number":2,"step":"Add the eggs, one at a time, mixing well to combine.","ingredients":[{"id":1123,"name":"egg","localizedName":"egg","image":"egg.png"}],"equipment":[]},{"number":3,"step":"Add the rice milk and lime juice and mix to combine. The mixture should resemble a thick pancake batter; if more milk is needed, add by the tablespoonful. Cover and refrigerate the mixture if you are not going to be frying right away.","ingredients":[{"id":9160,"name":"lime juice","localizedName":"lime juice","image":"lime-juice.png"},{"id":93761,"name":"rice milk","localizedName":"rice milk","image":"rice-milk.png"},{"id":1077,"name":"milk","localizedName":"milk","image":"milk.png"}],"equipment":[]},{"number":4,"step":"When you are ready to cook, heat the oil in a saucepan until it registers 350F on a deep-frying thermometer. While the oil is heating, place the remaining rice flour on a paper plate and set aside.","ingredients":[{"id":20061,"name":"rice flour","localizedName":"rice flour","image":"white-powder.jpg"},{"id":4582,"name":"cooking oil","localizedName":"cooking oil","image":"vegetable-oil.jpg"}],"equipment":[{"id":404789,"name":"kitchen thermometer","localizedName":"kitchen thermometer","image":"food-thermometer.jpg"},{"id":404669,"name":"sauce pan","localizedName":"sauce pan","image":"sauce-pan.jpg"}]},{"number":5,"step":"Cut each chicken sausage in half crosswise, to make eight pieces.","ingredients":[{"id":93668,"name":"chicken sausage","localizedName":"chicken sausage","image":"chicken-or-turkey-sausage.jpg"}],"equipment":[]},{"number":6,"step":"Roll each piece of sausage in the rice flour to lightly coat. Thread the moistened bamboo skewers through the sausage pieces, so that the tips of the skewers are not quite poking out the top. Holding it by its skewer, dip a floured sausage piece into the batter, until it is completely coated. Carefully lift the stick and hold it over the bowl for a few seconds, allowing any excess batter to drip off. Repeat with another skewer. Carefully place two corn dogs into the hot oil and cook until they are crusty on the outside, and dark golden brown, 3 to 4 minutes.","ingredients":[{"id":20061,"name":"rice flour","localizedName":"rice flour","image":"white-powder.jpg"},{"id":1017063,"name":"sausage","localizedName":"sausage","image":"raw-pork-sausage.png"},{"id":11168,"name":"corn","localizedName":"corn","image":"corn.png"},{"id":21118,"name":"hot dogs","localizedName":"hot dogs","image":"hotdogs.png"},{"id":0,"name":"roll","localizedName":"roll","image":"dinner-yeast-rolls.jpg"},{"id":0,"name":"dip","localizedName":"dip","image":""},{"id":4582,"name":"cooking oil","localizedName":"cooking oil","image":"vegetable-oil.jpg"}],"equipment":[{"id":3065,"name":"skewers","localizedName":"skewers","image":"wooden-skewers.jpg"},{"id":404783,"name":"bowl","localizedName":"bowl","image":"bowl.jpg"}],"length":{"number":3,"unit":"minutes"}},{"number":7,"step":"Drain on paper towels and keep warm. Repeat with each skewered sausage, allowing the oil to return to 350F in between.","ingredients":[{"id":1017063,"name":"sausage","localizedName":"sausage","image":"raw-pork-sausage.png"},{"id":4582,"name":"cooking oil","localizedName":"cooking oil","image":"vegetable-oil.jpg"}],"equipment":[{"id":405895,"name":"paper towels","localizedName":"paper towels","image":"paper-towels.jpg"}]},{"number":8,"step":"Serve immediately with the chili.","ingredients":[{"id":11819,"name":"chili pepper","localizedName":"chili pepper","image":"red-chili.jpg"}],"equipment":[]}]}],"originalId":null,"spoonacularSourceUrl":"https://spoonacular.com/spicy-chicken-corn-dogs-with-homemade-chili-sauce-661048"},{"vegetarian":true,"vegan":true,"glutenFree":true,"dairyFree":true,"veryHealthy":false,"cheap":false,"veryPopular":false,"sustainable":false,"weightWatcherSmartPoints":3,"gaps":"no","lowFodmap":false,"aggregateLikes":7,"spoonacularScore":28.0,"healthScore":2.0,"creditsText":"Foodista.com – The Cooking Encyclopedia Everyone Can Edit","license":"CC BY 3.0","sourceName":"Foodista","pricePerServing":36.99,"extendedIngredients":[{"id":2009,"aisle":"Spices and Seasonings","image":"chili-powder.jpg","consistency":"solid","name":"chili powder","nameClean":"chili powder","original":"1/4 teaspoon hot or mild chili powder","originalString":"1/4 teaspoon hot or mild chili powder","originalName":"hot or mild chili powder","amount":0.25,"unit":"teaspoon","meta":["hot"],"metaInformation":["hot"],"measures":{"us":{"amount":0.25,"unitShort":"tsps","unitLong":"teaspoons"},"metric":{"amount":0.25,"unitShort":"tsps","unitLong":"teaspoons"}}},{"id":11165,"aisle":"Produce;Spices and Seasonings","image":"cilantro.png","consistency":"solid","name":"fresh cilantro","nameClean":"cilantro","original":"2 cups fresh cilantro, chopped","originalString":"2 cups fresh cilantro, chopped","originalName":"fresh cilantro, chopped","amount":2.0,"unit":"cups","meta":["fresh","chopped"],"metaInformation":["fresh","chopped"],"measures":{"us":{"amount":2.0,"unitShort":"cups","unitLong":"cups"},"metric":{"amount":473.176,"unitShort":"ml","unitLong":"milliliters"}}},{"id":11215,"aisle":"Produce","image":"garlic.png","consistency":"solid","name":"garlic","nameClean":"garlic","original":"3 cloves garlic, thinly sliced","originalString":"3 cloves garlic, thinly sliced","originalName":"garlic, thinly sliced","amount":3.0,"unit":"cloves","meta":["thinly sliced"],"metaInformation":["thinly sliced"],"measures":{"us":{"amount":3.0,"unitShort":"cloves","unitLong":"cloves"},"metric":{"amount":3.0,"unitShort":"cloves","unitLong":"cloves"}}},{"id":4053,"aisle":"Oil, Vinegar, Salad Dressing","image":"olive-oil.jpg","consistency":"liquid","name":"olive oil","nameClean":"olive oil","original":"1/4 cup olive oil","originalString":"1/4 cup olive oil","originalName":"olive oil","amount":0.25,"unit":"cup","meta":[],"metaInformation":[],"measures":{"us":{"amount":0.25,"unitShort":"cups","unitLong":"cups"},"metric":{"amount":59.147,"unitShort":"ml","unitLong":"milliliters"}}},{"id":12014,"aisle":"Savory Snacks","image":"pumpkin-seeds.jpg","consistency":"solid","name":"pepitas","nameClean":"pumpkin seeds","original":"1/4 cup pepitas (pumpkin seeds)","originalString":"1/4 cup pepitas (pumpkin seeds)","originalName":"pepitas (pumpkin seeds)","amount":0.25,"unit":"cup","meta":["(pumpkin seeds)"],"metaInformation":["(pumpkin seeds)"],"measures":{"us":{"amount":0.25,"unitShort":"cups","unitLong":"cups"},"metric":{"amount":59.147,"unitShort":"ml","unitLong":"milliliters"}}},{"id":1012047,"aisle":"Spices and Seasonings","image":"salt.jpg","consistency":"solid","name":"sea salt","nameClean":"coarse sea salt","original":"1/2 teaspoon sea salt","originalString":"1/2 teaspoon sea salt","originalName":"sea salt","amount":0.5,"unit":"teaspoon","meta":[],"metaInformation":[],"measures":{"us":{"amount":0.5,"unitShort":"tsps","unitLong":"teaspoons"},"metric":{"amount":0.5,"unitShort":"tsps","unitLong":"teaspoons"}}}],"id":661066,"title":"Spicy Cilantro Pesto","readyInMinutes":45,"servings":6,"sourceUrl":"http://www.foodista.com/recipe/SY3DS4WZ/spicy-cilantro-pesto","image":"https://spoonacular.com/recipeImages/661066-556x370.jpg","imageType":"jpg","summary":"Spicy Cilantro Pesto might be just the condiment you are searching for. This recipe makes 6 servings with <b>98 calories</b>, <b>1g of protein</b>, and <b>10g of fat</b> each. For <b>39 cents per serving</b>, this recipe <b>covers 3%</b> of your daily requirements of vitamins and minerals. This recipe from Foodista has 7 fans. If you have sea salt, cilantro, garlic, and a few other ingredients on hand, you can make it. It is a good option if you're following a <b>caveman, gluten free, primal, and whole 30</b> diet. From preparation to the plate, this recipe takes roughly <b>45 minutes</b>. All things considered, we decided this recipe <b>deserves a spoonacular score of 30%</b>. This score is rather bad. Similar recipes include <a href=\"https://spoonacular.com/recipes/spicy-cilantromarcona-almond-pesto-145171\">Spicy Cilantro&ndash;Marconan Almond Pesto</a>, <a href=\"https://spoonacular.com/recipes/cilantro-pesto-cilantro-yogurt-sauce-532912\">Cilantro Pesto & Cilantro Yogurt Sauce</a>, and <a href=\"https://spoonacular.com/recipes/tilapia-with-cilantro-pesto-tilapia-a-la-plancha-con-pesto-de-cilantro-226365\">TILAPIA WITH CILANTRO PESTO (TILAPIAn A LA PLANCHA CON PESTO DE CILANTRO)</a>.","cuisines":[],"dishTypes":["side dish"],"diets":["gluten free","dairy free","paleolithic","lacto ovo vegetarian","primal","vegan"],"occasions":[],"instructions":"<ol><li>Place cilantro in food processor. Pulse until well chopped. Add garlic, sea salt, pepitas, and chili powder. Chop well.</li><li>Using an attachment for adding liquids, add olive oil drop by drop to the running food processor to form a thick paste. Scoop paste into pint jars and store in fridge or freezer.</li></ol>","analyzedInstructions":[{"name":"","steps":[{"number":1,"step":"Place cilantro in food processor. Pulse until well chopped.","ingredients":[{"id":11165,"name":"cilantro","localizedName":"cilantro","image":"cilantro.png"}],"equipment":[{"id":404771,"name":"food processor","localizedName":"food processor","image":"food-processor.png"}]},{"number":2,"step":"Add garlic, sea salt, pepitas, and chili powder. Chop well.Using an attachment for adding liquids, add olive oil drop by drop to the running food processor to form a thick paste. Scoop paste into pint jars and store in fridge or freezer.","ingredients":[{"id":2009,"name":"chili powder","localizedName":"chili powder","image":"chili-powder.jpg"},{"id":4053,"name":"olive oil","localizedName":"olive oil","image":"olive-oil.jpg"},{"id":1012047,"name":"sea salt","localizedName":"sea salt","image":"salt.jpg"},{"id":12014,"name":"pumpkin seeds","localizedName":"pumpkin seeds","image":"pumpkin-seeds.jpg"},{"id":11215,"name":"garlic","localizedName":"garlic","image":"garlic.png"}],"equipment":[{"id":404771,"name":"food processor","localizedName":"food processor","image":"food-processor.png"}]}]}],"originalId":null,"spoonacularSourceUrl":"https://spoonacular.com/spicy-cilantro-pesto-661066"},{"vegetarian":true,"vegan":false,"glutenFree":true,"dairyFree":false,"veryHealthy":false,"cheap":false,"veryPopular":false,"sustainable":false,"weightWatcherSmartPoints":3,"gaps":"no","lowFodmap":false,"aggregateLikes":8,"spoonacularScore":72.0,"healthScore":21.0,"creditsText":"Foodista.com – The Cooking Encyclopedia Everyone Can Edit","license":"CC BY 3.0","sourceName":"Foodista","pricePerServing":210.78,"extendedIngredients":[{"id":11080,"aisle":"Produce","image":"beets.jpg","consistency":"solid","name":"beets","nameClean":"red beet","original":"5 medium beets, stems removed","originalString":"5 medium beets, stems removed","originalName":"beets, stems removed","amount":5.0,"unit":"medium","meta":[],"metaInformation":[],"measures":{"us":{"amount":5.0,"unitShort":"medium","unitLong":"mediums"},"metric":{"amount":5.0,"unitShort":"medium","unitLong":"mediums"}}},{"id":4053,"aisle":"Oil, Vinegar, Salad Dressing","image":"olive-oil.jpg","consistency":"liquid","name":"olive oil","nameClean":"olive oil","original":"1 Tbsp. olive oil","originalString":"1 Tbsp. olive oil","originalName":"olive oil","amount":1.0,"unit":"Tbsp","meta":[],"metaInformation":[],"measures":{"us":{"amount":1.0,"unitShort":"Tbsp","unitLong":"Tbsp"},"metric":{"amount":1.0,"unitShort":"Tbsp","unitLong":"Tbsp"}}},{"id":2069,"aisle":"Oil, Vinegar, Salad Dressing","image":"balsamic-vinegar.jpg","consistency":"liquid","name":"balsamic vinegar","nameClean":"balsamic vinegar","original":"1 Tsp. balsamic vinegar","originalString":"1 Tsp. balsamic vinegar","originalName":"balsamic vinegar","amount":1.0,"unit":"Tsp","meta":[],"metaInformation":[],"measures":{"us":{"amount":1.0,"unitShort":"tsp","unitLong":"teaspoon"},"metric":{"amount":1.0,"unitShort":"tsp","unitLong":"teaspoon"}}},{"id":9112,"aisle":"Produce","image":"grapefruit.png","consistency":"solid","name":"grapefruit","nameClean":"grapefruit","original":"1 grapefruit, peeled","originalString":"1 grapefruit, peeled","originalName":"grapefruit, peeled","amount":1.0,"unit":"","meta":["peeled"],"metaInformation":["peeled"],"measures":{"us":{"amount":1.0,"unitShort":"","unitLong":""},"metric":{"amount":1.0,"unitShort":"","unitLong":""}}},{"id":11001,"aisle":"Produce","image":"alfalfa-sprouts.png","consistency":"solid","name":"sprouts","nameClean":"sprouts","original":"1 cup sprouts","originalString":"1 cup sprouts","originalName":"sprouts","amount":1.0,"unit":"cup","meta":[],"metaInformation":[],"measures":{"us":{"amount":1.0,"unitShort":"cup","unitLong":"cup"},"metric":{"amount":236.588,"unitShort":"ml","unitLong":"milliliters"}}},{"id":12014,"aisle":"Savory Snacks","image":"pumpkin-seeds.jpg","consistency":"solid","name":"pumpkin seeds","nameClean":"pumpkin seeds","original":"¼ cup pumpkin seeds","originalString":"¼ cup pumpkin seeds","originalName":"pumpkin seeds","amount":0.25,"unit":"cup","meta":[],"metaInformation":[],"measures":{"us":{"amount":0.25,"unitShort":"cups","unitLong":"cups"},"metric":{"amount":59.147,"unitShort":"ml","unitLong":"milliliters"}}},{"id":1159,"aisle":"Cheese","image":"goat-cheese.jpg","consistency":"solid","name":"goat cheese","nameClean":"goat cheese","original":"¼ cup goat cheese, crumbled","originalString":"¼ cup goat cheese, crumbled","originalName":"goat cheese, crumbled","amount":0.25,"unit":"cup","meta":["crumbled"],"metaInformation":["crumbled"],"measures":{"us":{"amount":0.25,"unitShort":"cups","unitLong":"cups"},"metric":{"amount":59.147,"unitShort":"ml","unitLong":"milliliters"}}}],"id":639515,"title":"Citrus Beet Salad","readyInMinutes":45,"servings":4,"sourceUrl":"https://www.foodista.com/recipe/7FFR5LJH/citrus-beet-salad","image":"https://spoonacular.com/recipeImages/639515-556x370.jpg","imageType":"jpg","summary":"Citrus Beet Salad could be just the <b>gluten free and lacto ovo vegetarian</b> recipe you've been looking for. For <b>$2.11 per serving</b>, this recipe <b>covers 15%</b> of your daily requirements of vitamins and minerals. One portion of this dish contains approximately <b>8g of protein</b>, <b>9g of fat</b>, and a total of <b>211 calories</b>. This recipe serves 4. It works best as a side dish, and is done in approximately <b>about 45 minutes</b>. A mixture of grapefruit, olive oil, sprouts, and a handful of other ingredients are all it takes to make this recipe so scrumptious. 8 people have tried and liked this recipe. It is brought to you by Foodista. With a spoonacular <b>score of 71%</b>, this dish is pretty good. If you like this recipe, you might also like recipes such as <a href=\"https://spoonacular.com/recipes/citrus-beet-salad-91388\">Citrus Beet Salad</a>, <a href=\"https://spoonacular.com/recipes/beet-and-citrus-salad-338230\">Beet-and-Citrus Salad</a>, and <a href=\"https://spoonacular.com/recipes/citrus-beet-spinach-salad-19825\">Citrus & Beet Spinach Salad</a>.","cuisines":[],"dishTypes":["side dish"],"diets":["gluten free","lacto ovo vegetarian"],"occasions":[],"instructions":"Wash beets and pat dry. Place beets on a sheet of aluminum foil and drizzle with olive oil. Fold foil around the beets to create a sealed pouch. Place the pouch on a cookie sheet and bake until beets are tender. Cooking time varies on the size of the beets. After 30 minutes, pierce the beets with a fork. If they are still hard, return to the oven and test them every 15 minutes until they are tender.\nRemove from oven and stand until they are cool enough to handle. Use your hands to peel away the skin. Slice into bite size wedges and drizzle with balsamic vinegar.\nLine the bottom of a large bowl with sprouts and top with beets and grapefruit. Sprinkle with pumpkin seeds and goat cheese.\nServe immediately.","analyzedInstructions":[{"name":"","steps":[{"number":1,"step":"Wash beets and pat dry.","ingredients":[{"id":11080,"name":"beet","localizedName":"beet","image":"beets.jpg"}],"equipment":[]},{"number":2,"step":"Place beets on a sheet of aluminum foil and drizzle with olive oil. Fold foil around the beets to create a sealed pouch.","ingredients":[{"id":4053,"name":"olive oil","localizedName":"olive oil","image":"olive-oil.jpg"},{"id":11080,"name":"beet","localizedName":"beet","image":"beets.jpg"}],"equipment":[{"id":404765,"name":"aluminum foil","localizedName":"aluminum foil","image":"aluminum-foil.png"}]},{"number":3,"step":"Place the pouch on a cookie sheet and bake until beets are tender. Cooking time varies on the size of the beets. After 30 minutes, pierce the beets with a fork. If they are still hard, return to the oven and test them every 15 minutes until they are tender.","ingredients":[{"id":10118192,"name":"cookies","localizedName":"cookies","image":"shortbread-cookies.jpg"},{"id":11080,"name":"beet","localizedName":"beet","image":"beets.jpg"}],"equipment":[{"id":404727,"name":"baking sheet","localizedName":"baking sheet","image":"baking-sheet.jpg"},{"id":404784,"name":"oven","localizedName":"oven","image":"oven.jpg"}],"length":{"number":45,"unit":"minutes"}},{"number":4,"step":"Remove from oven and stand until they are cool enough to handle. Use your hands to peel away the skin. Slice into bite size wedges and drizzle with balsamic vinegar.","ingredients":[{"id":2069,"name":"balsamic vinegar","localizedName":"balsamic vinegar","image":"balsamic-vinegar.jpg"}],"equipment":[{"id":404784,"name":"oven","localizedName":"oven","image":"oven.jpg"}]},{"number":5,"step":"Line the bottom of a large bowl with sprouts and top with beets and grapefruit.","ingredients":[{"id":9112,"name":"grapefruit","localizedName":"grapefruit","image":"grapefruit.png"},{"id":11001,"name":"sprouts","localizedName":"sprouts","image":"alfalfa-sprouts.png"},{"id":11080,"name":"beet","localizedName":"beet","image":"beets.jpg"}],"equipment":[{"id":404783,"name":"bowl","localizedName":"bowl","image":"bowl.jpg"}]},{"number":6,"step":"Sprinkle with pumpkin seeds and goat cheese.","ingredients":[{"id":12014,"name":"pumpkin seeds","localizedName":"pumpkin seeds","image":"pumpkin-seeds.jpg"},{"id":1159,"name":"goat cheese","localizedName":"goat cheese","image":"goat-cheese.jpg"}],"equipment":[]},{"number":7,"step":"Serve immediately.","ingredients":[],"equipment":[]}]}],"originalId":null,"spoonacularSourceUrl":"https://spoonacular.com/citrus-beet-salad-639515"},{"vegetarian":true,"vegan":true,"glutenFree":true,"dairyFree":true,"veryHealthy":true,"cheap":false,"veryPopular":false,"sustainable":false,"weightWatcherSmartPoints":14,"gaps":"no","lowFodmap":false,"aggregateLikes":88,"spoonacularScore":98.0,"healthScore":66.0,"creditsText":"Lisa's Vegetarian Kitchen","license":"CC BY 2.5 CA","sourceName":"Food and Spice","pricePerServing":159.03,"extendedIngredients":[{"id":11098,"aisle":"Produce","image":"brussels-sprouts.jpg","consistency":"solid","name":"brussels sprouts","nameClean":"brussels sprouts","original":"1 1/2 cups Brussels sprouts, halved","originalString":"1 1/2 cups Brussels sprouts, halved","originalName":"Brussels sprouts, halved","amount":1.5,"unit":"cups","meta":["halved"],"metaInformation":["halved"],"measures":{"us":{"amount":1.5,"unitShort":"cups","unitLong":"cups"},"metric":{"amount":354.882,"unitShort":"ml","unitLong":"milliliters"}}},{"id":11124,"aisle":"Produce","image":"sliced-carrot.png","consistency":"solid","name":"carrots","nameClean":"carrot","original":"2 medium carrots, chopped","originalString":"2 medium carrots, chopped","originalName":"carrots, chopped","amount":2.0,"unit":"medium","meta":["chopped"],"metaInformation":["chopped"],"measures":{"us":{"amount":2.0,"unitShort":"medium","unitLong":"mediums"},"metric":{"amount":2.0,"unitShort":"medium","unitLong":"mediums"}}},{"id":10311529,"aisle":"Produce","image":"cherry-tomatoes.png","consistency":"solid","name":"cherry tomatoes","nameClean":"cherry tomato","original":"1/2 cup cherry tomatoes, halved","originalString":"1/2 cup cherry tomatoes, halved","originalName":"cherry tomatoes, halved","amount":0.5,"unit":"cup","meta":["halved"],"metaInformation":["halved"],"measures":{"us":{"amount":0.5,"unitShort":"cups","unitLong":"cups"},"metric":{"amount":118.294,"unitShort":"ml","unitLong":"milliliters"}}},{"id":1002046,"aisle":"Condiments","image":"dijon-mustard.jpg","consistency":"liquid","name":"dijon mustard","nameClean":"creole mustard","original":"1 teaspoon Dijon mustard","originalString":"1 teaspoon Dijon mustard","originalName":"Dijon mustard","amount":1.0,"unit":"teaspoon","meta":[],"metaInformation":[],"measures":{"us":{"amount":1.0,"unitShort":"tsp","unitLong":"teaspoon"},"metric":{"amount":1.0,"unitShort":"tsp","unitLong":"teaspoon"}}},{"id":11215,"aisle":"Produce","image":"garlic.png","consistency":"solid","name":"garlic","nameClean":"garlic","original":"1 clove garlic, minced or crushed","originalString":"1 clove garlic, minced or crushed","originalName":"garlic, minced or crushed","amount":1.0,"unit":"clove","meta":["minced","crushed"],"metaInformation":["minced","crushed"],"measures":{"us":{"amount":1.0,"unitShort":"clove","unitLong":"clove"},"metric":{"amount":1.0,"unitShort":"clove","unitLong":"clove"}}},{"id":9152,"aisle":"Produce","image":"lemon-juice.jpg","consistency":"liquid","name":"juice of lemon","nameClean":"lemon juice","original":"juice from 1 lemon (3 tablespoons)","originalString":"juice from 1 lemon (3 tablespoons)","originalName":"juice from 1 lemon","amount":3.0,"unit":"","meta":[],"metaInformation":[],"measures":{"us":{"amount":3.0,"unitShort":"","unitLong":""},"metric":{"amount":3.0,"unitShort":"","unitLong":""}}},{"id":11233,"aisle":"Produce","image":"kale.jpg","consistency":"solid","name":"kale","nameClean":"kale","original":"5 stalks of green kale, trimmed and chopped","originalString":"5 stalks of green kale, trimmed and chopped","originalName":"green kale, trimmed and chopped","amount":5.0,"unit":"stalks","meta":["green","trimmed","chopped"],"metaInformation":["green","trimmed","chopped"],"measures":{"us":{"amount":5.0,"unitShort":"stalks","unitLong":"stalks"},"metric":{"amount":5.0,"unitShort":"stalks","unitLong":"stalks"}}},{"id":4053,"aisle":"Oil, Vinegar, Salad Dressing","image":"olive-oil.jpg","consistency":"liquid","name":"olive oil","nameClean":"olive oil","original":"1/2 cup olive oil","originalString":"1/2 cup olive oil","originalName":"olive oil","amount":0.5,"unit":"cup","meta":[],"metaInformation":[],"measures":{"us":{"amount":0.5,"unitShort":"cups","unitLong":"cups"},"metric":{"amount":118.294,"unitShort":"ml","unitLong":"milliliters"}}},{"id":11298,"aisle":"Produce","image":"parsnip.jpg","consistency":"solid","name":"parsnip","nameClean":"parsnip","original":"1 medium parsnip, chopped","originalString":"1 medium parsnip, chopped","originalName":"parsnip, chopped","amount":1.0,"unit":"medium","meta":["chopped"],"metaInformation":["chopped"],"measures":{"us":{"amount":1.0,"unitShort":"medium","unitLong":"medium"},"metric":{"amount":1.0,"unitShort":"medium","unitLong":"medium"}}},{"id":12014,"aisle":"Savory Snacks","image":"pumpkin-seeds.jpg","consistency":"solid","name":"pumpkin seeds","nameClean":"pumpkin seeds","original":"1/4 cup pumpkin seeds","originalString":"1/4 cup pumpkin seeds","originalName":"pumpkin seeds","amount":0.25,"unit":"cup","meta":[],"metaInformation":[],"measures":{"us":{"amount":0.25,"unitShort":"cups","unitLong":"cups"},"metric":{"amount":59.147,"unitShort":"ml","unitLong":"milliliters"}}},{"id":20035,"aisle":"Pasta and Rice;Health Foods","image":"uncooked-quinoa.png","consistency":"solid","name":"quinoa","nameClean":"quinoa","original":"2 1/4 cups cooked quinoa (3/4 cup dried)","originalString":"2 1/4 cups cooked quinoa (3/4 cup dried)","originalName":"1/4 cups cooked quinoa dried)","amount":0.75,"unit":"cup","meta":["dried","cooked"],"metaInformation":["dried","cooked"],"measures":{"us":{"amount":0.75,"unitShort":"cups","unitLong":"cups"},"metric":{"amount":177.441,"unitShort":"ml","unitLong":"milliliters"}}},{"id":12087,"aisle":"Nuts;Savory Snacks","image":"cashews.jpg","consistency":"solid","name":"raw cashews","nameClean":"cashews","original":"1/3 cup raw cashews","originalString":"1/3 cup raw cashews","originalName":"raw cashews","amount":0.3333333333333333,"unit":"cup","meta":["raw"],"metaInformation":["raw"],"measures":{"us":{"amount":0.333,"unitShort":"cups","unitLong":"cups"},"metric":{"amount":78.863,"unitShort":"ml","unitLong":"milliliters"}}},{"id":4058,"aisle":"Ethnic Foods","image":"sesame-oil.png","consistency":"liquid","name":"sesame oil","nameClean":"sesame oil","original":"4 tablespoons sesame oil","originalString":"4 tablespoons sesame oil","originalName":"sesame oil","amount":4.0,"unit":"tablespoons","meta":[],"metaInformation":[],"measures":{"us":{"amount":4.0,"unitShort":"Tbsps","unitLong":"Tbsps"},"metric":{"amount":4.0,"unitShort":"Tbsps","unitLong":"Tbsps"}}},{"id":12023,"aisle":"Ethnic Foods;Spices and Seasonings","image":"sesame-seeds.png","consistency":"solid","name":"sesame seeds","nameClean":"sesame seeds","original":"1/4 cup sesame seeds","originalString":"1/4 cup sesame seeds","originalName":"sesame seeds","amount":0.25,"unit":"cup","meta":[],"metaInformation":[],"measures":{"us":{"amount":0.25,"unitShort":"cups","unitLong":"cups"},"metric":{"amount":59.147,"unitShort":"ml","unitLong":"milliliters"}}},{"id":12036,"aisle":"Savory Snacks","image":"sunflower-seeds.jpg","consistency":"solid","name":"sunflower seeds","nameClean":"sunflower kernels","original":"1/4 cup sunflower seeds","originalString":"1/4 cup sunflower seeds","originalName":"sunflower seeds","amount":0.25,"unit":"cup","meta":[],"metaInformation":[],"measures":{"us":{"amount":0.25,"unitShort":"cups","unitLong":"cups"},"metric":{"amount":59.147,"unitShort":"ml","unitLong":"milliliters"}}}],"id":782600,"title":"Quinoa Salad with Vegetables and Cashews","readyInMinutes":45,"servings":6,"sourceUrl":"http://foodandspice.blogspot.com/2016/02/quinoa-salad-with-vegetables-and-cashews.html","image":"https://spoonacular.com/recipeImages/782600-556x370.jpg","imageType":"jpg","summary":"You can never have too many side dish recipes, so give Quinoa Salad with Vegetables and Cashews a try. This recipe makes 6 servings with <b>487 calories</b>, <b>9g of protein</b>, and <b>39g of fat</b> each. For <b>$1.58 per serving</b>, this recipe <b>covers 24%</b> of your daily requirements of vitamins and minerals. This recipe from foodandspice.blogspot.com has 88 fans. If you have quinoa, sunflower seeds, sesame oil, and a few other ingredients on hand, you can make it. From preparation to the plate, this recipe takes approximately <b>45 minutes</b>. It is a good option if you're following a <b>gluten free and vegan</b> diet. All things considered, we decided this recipe <b>deserves a spoonacular score of 98%</b>. This score is tremendous. Try <a href=\"https://spoonacular.com/recipes/cashews-and-vegetables-114102\">Cashews and Vegetables</a>, <a href=\"https://spoonacular.com/recipes/lemony-quinoa-salad-with-shaved-vegetables-27876\">Lemony Quinoa Salad with Shaved Vegetables</a>, and <a href=\"https://spoonacular.com/recipes/grill-roasted-vegetables-and-quinoa-salad-757439\">Grill-Roasted Vegetables and Quinoa Salad</a> for similar recipes.","cuisines":[],"dishTypes":["salad"],"diets":["gluten free","dairy free","lacto ovo vegetarian","vegan"],"occasions":[],"instructions":"Line a baking sheet with parchment paper and preheat an oven to 350. Toss the parsnip, carrots and Brussels sprouts with 1 tablespoon of the olive oil and spread evenly on the pan. Roast for 30 minutes or until tender, stirring the vegetables half way through the cooking time.Meanwhile, toast the cashews, sunflower seeds, pumpkin seeds and sesame seeds in a dry unoiled skillet over medium-low heat for 10 to 15 minutes, tossing frequently, until the cashews and sesame seeds are lighly browned.Toss the kale with the remaining 3 tablespoons of olive oil in a large salad bowl. Fluff the quinoa and add to the bowl along with the roasted vegetables and cherry tomatoes.Whisk together the dressing ingredients. Pour the dressing over the salad and toss.Serve at room temperature or chilled. Sprinkle each serving with a scattering of toasted cashews and seeds.","analyzedInstructions":[{"name":"","steps":[{"number":1,"step":"Line a baking sheet with parchment paper and preheat an oven to 35","ingredients":[],"equipment":[{"id":404770,"name":"baking paper","localizedName":"baking paper","image":"baking-paper.jpg"},{"id":404727,"name":"baking sheet","localizedName":"baking sheet","image":"baking-sheet.jpg"},{"id":404784,"name":"oven","localizedName":"oven","image":"oven.jpg"}]},{"number":2,"step":"Toss the parsnip, carrots and Brussels sprouts with 1 tablespoon of the olive oil and spread evenly on the pan. Roast for 30 minutes or until tender, stirring the vegetables half way through the cooking time.Meanwhile, toast the cashews, sunflower seeds, pumpkin seeds and sesame seeds in a dry unoiled skillet over medium-low heat for 10 to 15 minutes, tossing frequently, until the cashews and sesame seeds are lighly browned.Toss the kale with the remaining 3 tablespoons of olive oil in a large salad bowl. Fluff the quinoa and add to the bowl along with the roasted vegetables and cherry tomatoes.","ingredients":[{"id":11098,"name":"brussels sprouts","localizedName":"brussels sprouts","image":"brussels-sprouts.jpg"},{"id":10311529,"name":"cherry tomato","localizedName":"cherry tomato","image":"cherry-tomatoes.png"},{"id":12036,"name":"sunflower seeds","localizedName":"sunflower seeds","image":"sunflower-seeds.jpg"},{"id":12014,"name":"pumpkin seeds","localizedName":"pumpkin seeds","image":"pumpkin-seeds.jpg"},{"id":12023,"name":"sesame seeds","localizedName":"sesame seeds","image":"sesame-seeds.png"},{"id":11583,"name":"vegetable","localizedName":"vegetable","image":"mixed-vegetables.png"},{"id":4053,"name":"olive oil","localizedName":"olive oil","image":"olive-oil.jpg"},{"id":11124,"name":"carrot","localizedName":"carrot","image":"sliced-carrot.png"},{"id":12087,"name":"cashews","localizedName":"cashews","image":"cashews.jpg"},{"id":11298,"name":"parsnip","localizedName":"parsnip","image":"parsnip.jpg"},{"id":20035,"name":"quinoa","localizedName":"quinoa","image":"uncooked-quinoa.png"},{"id":0,"name":"spread","localizedName":"spread","image":""},{"id":18070,"name":"toast","localizedName":"toast","image":"toast"},{"id":11233,"name":"kale","localizedName":"kale","image":"kale.jpg"}],"equipment":[{"id":404645,"name":"frying pan","localizedName":"frying pan","image":"pan.png"},{"id":404783,"name":"bowl","localizedName":"bowl","image":"bowl.jpg"}],"length":{"number":40,"unit":"minutes"}},{"number":3,"step":"Whisk together the dressing ingredients.","ingredients":[],"equipment":[{"id":404661,"name":"whisk","localizedName":"whisk","image":"whisk.png"}]},{"number":4,"step":"Pour the dressing over the salad and toss.","ingredients":[],"equipment":[]},{"number":5,"step":"Serve at room temperature or chilled.","ingredients":[],"equipment":[]},{"number":6,"step":"Sprinkle each serving with a scattering of toasted cashews and seeds.","ingredients":[{"id":12087,"name":"cashews","localizedName":"cashews","image":"cashews.jpg"},{"id":93818,"name":"seeds","localizedName":"seeds","image":"sunflower-seeds.jpg"}],"equipment":[]}]}],"originalId":null,"spoonacularSourceUrl":"https://spoonacular.com/quinoa-salad-with-vegetables-and-cashews-782600"}]}