{"recipes":[{"vegetarian":false,"vegan":false,"glutenFree":false,"dairyFree":false,"veryHealthy":false,"cheap":false,"veryPopular":false,"sustainable":false,"weightWatcherSmartPoints":31,"gaps":"no","lowFodmap":false,"preparationMinutes":10,"cookingMinutes":14,"aggregateLikes":291,"spoonacularScore":44.0,"healthScore":4.0,"creditsText":"Jen West","sourceName":"Pink When","pricePerServing":125.64,"extendedIngredients":[{"id":20081,"aisle":"Baking","image":"flour.png","consistency":"solid","name":"all purpose flour","nameClean":"wheat flour","original":"⅔ cup all purpose flour","originalString":"⅔ cup all purpose flour","originalName":"all purpose flour","amount":0.6666666666666666,"unit":"cup","meta":[],"metaInformation":[],"measures":{"us":{"amount":0.667,"unitShort":"cups","unitLong":"cups"},"metric":{"amount":157.725,"unitShort":"ml","unitLong":"milliliters"}}},{"id":1012050,"aisle":"Baking","image":"vanilla-extract.jpg","consistency":"liquid","name":"artificial vanilla flavoring","nameClean":"artificial vanilla","original":"1 tsp vanilla flavoring","originalString":"1 tsp vanilla flavoring","originalName":"vanilla flavoring","amount":1.0,"unit":"tsp","meta":[],"metaInformation":[],"measures":{"us":{"amount":1.0,"unitShort":"tsp","unitLong":"teaspoon"},"metric":{"amount":1.0,"unitShort":"tsp","unitLong":"teaspoon"}}},{"id":18371,"aisle":"Baking","image":"white-powder.jpg","consistency":"solid","name":"baking powder","nameClean":"low sodium baking powder","original":"½ tsp baking powder","originalString":"½ tsp baking powder","originalName":"baking powder","amount":0.5,"unit":"tsp","meta":[],"metaInformation":[],"measures":{"us":{"amount":0.5,"unitShort":"tsps","unitLong":"teaspoons"},"metric":{"amount":0.5,"unitShort":"tsps","unitLong":"teaspoons"}}},{"id":19334,"aisle":"Baking","image":"light-brown-sugar.jpg","consistency":"solid","name":"brown sugar","nameClean":"golden brown sugar","original":"¼ cup packed brown sugar","originalString":"¼ cup packed brown sugar","originalName":"packed brown sugar","amount":0.25,"unit":"cup","meta":["packed"],"metaInformation":["packed"],"measures":{"us":{"amount":0.25,"unitShort":"cups","unitLong":"cups"},"metric":{"amount":59.147,"unitShort":"ml","unitLong":"milliliters"}}},{"id":10019146,"aisle":"Baking","image":"chocolate-chips.jpg","consistency":"solid","name":"chocolate chips","nameClean":"mini chocolate chips","original":"1 cup chocolate chips","originalString":"1 cup chocolate chips","originalName":"chocolate chips","amount":1.0,"unit":"cup","meta":[],"metaInformation":[],"measures":{"us":{"amount":1.0,"unitShort":"cup","unitLong":"cup"},"metric":{"amount":236.588,"unitShort":"ml","unitLong":"milliliters"}}},{"id":10419903,"aisle":"Baking","image":"chocolate-chips.jpg","consistency":"solid","name":"chocolate chunks","nameClean":"chocolate chunks","original":"8oz of chopped chocolate chunks","originalString":"8oz of chopped chocolate chunks","originalName":"chopped chocolate chunks","amount":8.0,"unit":"oz","meta":["chopped"],"metaInformation":["chopped"],"measures":{"us":{"amount":8.0,"unitShort":"oz","unitLong":"ounces"},"metric":{"amount":226.796,"unitShort":"g","unitLong":"grams"}}},{"id":1123,"aisle":"Milk, Eggs, Other Dairy","image":"egg.png","consistency":"solid","name":"eggs","nameClean":"egg","original":"2 large eggs","originalString":"2 large eggs","originalName":"eggs","amount":2.0,"unit":"large","meta":[],"metaInformation":[],"measures":{"us":{"amount":2.0,"unitShort":"large","unitLong":"larges"},"metric":{"amount":2.0,"unitShort":"large","unitLong":"larges"}}},{"id":12142,"aisle":"Nuts;Baking","image":"pecans.jpg","consistency":"solid","name":"pecans","nameClean":"pecans","original":"½ cup chopped pecans","originalString":"½ cup chopped pecans","originalName":"chopped pecans","amount":0.5,"unit":"cup","meta":["chopped"],"metaInformation":["chopped"],"measures":{"us":{"amount":0.5,"unitShort":"cups","unitLong":"cups"},"metric":{"amount":118.294,"unitShort":"ml","unitLong":"milliliters"}}},{"id":2047,"aisle":"Spices and Seasonings","image":"salt.jpg","consistency":"solid","name":"salt","nameClean":"salt","original":"½ tsp salt","originalString":"½ tsp salt","originalName":"salt","amount":0.5,"unit":"tsp","meta":[],"metaInformation":[],"measures":{"us":{"amount":0.5,"unitShort":"tsps","unitLong":"teaspoons"},"metric":{"amount":0.5,"unitShort":"tsps","unitLong":"teaspoons"}}},{"id":1145,"aisle":"Milk, Eggs, Other Dairy","image":"butter-sliced.jpg","consistency":"solid","name":"unsalted butter","nameClean":"unsalted butter","original":"1 stick of unsalted butter, melted","originalString":"1 stick of unsalted butter, melted","originalName":"unsalted butter, melted","amount":1.0,"unit":"stick","meta":["unsalted","melted"],"metaInformation":["unsalted","melted"],"measures":{"us":{"amount":1.0,"unitShort":"stick","unitLong":"stick"},"metric":{"amount":1.0,"unitShort":"stick","unitLong":"stick"}}}],"id":715483,"title":"Ultimate Chocolate Chunk Cookies","readyInMinutes":24,"servings":6,"sourceUrl":"http://www.pinkwhen.com/ultimate-chocolate-chunk-cookies/","image":"https://spoonacular.com/recipeImages/715483-556x370.jpg","imageType":"jpg","summary":"Ultimate Chocolate Chunk Cookies might be just the dessert you are searching for. For <b>$1.23 per serving</b>, this recipe <b>covers 12%</b> of your daily requirements of vitamins and minerals. This recipe makes 6 servings with <b>670 calories</b>, <b>8g of protein</b>, and <b>44g of fat</b> each. 291 person were impressed by this recipe. From preparation to the plate, this recipe takes roughly <b>24 minutes</b>. A mixture of chocolate chips, vanilla flavoring, baking powder, and a handful of other ingredients are all it takes to make this recipe so delicious. All things considered, we decided this recipe <b>deserves a spoonacular score of 46%</b>. This score is good. Try <a href=\"https://spoonacular.com/recipes/ultimate-chocolate-chunk-cookies-496912\">{Ultimate} Chocolate Chunk Cookies</a>, <a href=\"https://spoonacular.com/recipes/dark-chocolate-chunk-and-peanut-butter-chip-chocolate-cookies-520616\">Dark Chocolate Chunk and Peanut Butter Chip Chocolate Cookies</a>, and <a href=\"https://spoonacular.com/recipes/paleo-chocolate-chunk-shortbread-cookies-with-homemade-honey-sweetened-chocolate-chunks-551601\">Paleo Chocolate Chunk Shortbread Cookies [with homemade honey sweetened chocolate chunks]</a> for similar recipes.","cuisines":[],"dishTypes":["side dish"],"diets":[],"occasions":[],"instructions":"Preheat oven to 350.Mix together in a medium bowl the flour, baking soda, and salt.Carefully soften chocolate chips, butter, and vanilla flavoring in the microwave in 15 second increments, stirring in between, for one full minute.Beat eggs and sugar together until light an fluffy.Reduce blender speed and combine the melted chocolate chips, butter, vanilla, and slowly mix in the flour.Add in the chocolate chunks and pecans until mixed.Drop 1 tablespoon of dough onto cookie sheet, 2 - 3 inches apart and bake for 12-14 minutes, keeping your center soft and chewy. Allow to cool for 10 minutes before moving to a cooling rack to cool completely.","analyzedInstructions":[{"name":"","steps":[{"number":1,"step":"Preheat oven to 35","ingredients":[],"equipment":[{"id":404784,"name":"oven","localizedName":"oven","image":"oven.jpg"}]},{"number":2,"step":"Mix together in a medium bowl the flour, baking soda, and salt.Carefully soften chocolate chips, butter, and vanilla flavoring in the microwave in 15 second increments, stirring in between, for one full minute.Beat eggs and sugar together until light an fluffy.Reduce blender speed and combine the melted chocolate chips, butter, vanilla, and slowly mix in the flour.","ingredients":[{"id":99278,"name":"chocolate chips","localizedName":"chocolate chips","image":"chocolate-chips.jpg"},{"id":18372,"name":"baking soda","localizedName":"baking soda","image":"white-powder.jpg"},{"id":1052050,"name":"vanilla","localizedName":"vanilla","image":"vanilla.jpg"},{"id":1001,"name":"butter","localizedName":"butter","image":"butter-sliced.jpg"},{"id":20081,"name":"all purpose flour","localizedName":"all purpose flour","image":"flour.png"},{"id":19335,"name":"sugar","localizedName":"sugar","image":"sugar-in-bowl.png"},{"id":1123,"name":"egg","localizedName":"egg","image":"egg.png"},{"id":2047,"name":"salt","localizedName":"salt","image":"salt.jpg"}],"equipment":[{"id":404762,"name":"microwave","localizedName":"microwave","image":"microwave.jpg"},{"id":404726,"name":"blender","localizedName":"blender","image":"blender.png"},{"id":404783,"name":"bowl","localizedName":"bowl","image":"bowl.jpg"}]},{"number":3,"step":"Add in the chocolate chunks and pecans until mixed.Drop 1 tablespoon of dough onto cookie sheet, 2 - 3 inches apart and bake for 12-14 minutes, keeping your center soft and chewy. Allow to cool for 10 minutes before moving to a cooling rack to cool completely.","ingredients":[{"id":10419903,"name":"chocolate chunks","localizedName":"chocolate chunks","image":"chocolate-chips"},{"id":10118192,"name":"cookies","localizedName":"cookies","image":"shortbread-cookies.jpg"},{"id":12142,"name":"pecans","localizedName":"pecans","image":"pecans.jpg"},{"id":0,"name":"dough","localizedName":"dough","image":"pizza-dough"}],"equipment":[{"id":404727,"name":"baking sheet","localizedName":"baking sheet","image":"baking-sheet.jpg"},{"id":405900,"name":"wire rack","localizedName":"wire rack","image":"wire-rack.jpg"},{"id":404784,"name":"oven","localizedName":"oven","image":"oven.jpg"}],"length":{"number":24,"unit":"minutes"}}]}],"originalId":null,"spoonacularSourceUrl":"https://spoonacular.com/ultimate-chocolate-chunk-cookies-715483"},{"vegetarian":true,"vegan":false,"glutenFree":false,"dairyFree":false,"veryHealthy":false,"cheap":false,"veryPopular":false,"sustainable":false,"weightWatcherSmartPoints":3,"gaps":"no","lowFodmap":false,"aggregateLikes":12,"spoonacularScore":7.0,"healthScore":0.0,"creditsText":"Foodista.com – The Cooking Encyclopedia Everyone Can Edit","license":"CC BY 3.0","sourceName":"Foodista","pricePerServing":13.63,"extendedIngredients":[{"id":18371,"aisle":"Baking","image":"white-powder.jpg","consistency":"solid","name":"baking powder","nameClean":"low sodium baking powder","original":"1/2 teaspoon baking powder","originalString":"1/2 teaspoon baking powder","originalName":"baking powder","amount":0.5,"unit":"teaspoon","meta":[],"metaInformation":[],"measures":{"us":{"amount":0.5,"unitShort":"tsps","unitLong":"teaspoons"},"metric":{"amount":0.5,"unitShort":"tsps","unitLong":"teaspoons"}}},{"id":19336,"aisle":"Baking","image":"powdered-sugar.jpg","consistency":"solid","name":"confectioners' sugar","nameClean":"powdered sugar","original":"1/2 cup Confectioners' sugar","originalString":"1/2 cup Confectioners' sugar","originalName":"Confectioners' sugar","amount":0.5,"unit":"cup","meta":[],"metaInformation":[],"measures":{"us":{"amount":0.5,"unitShort":"cups","unitLong":"cups"},"metric":{"amount":118.294,"unitShort":"ml","unitLong":"milliliters"}}},{"id":1123,"aisle":"Milk, Eggs, Other Dairy","image":"egg.png","consistency":"solid","name":"eggs","nameClean":"egg","original":"2 eggs","originalString":"2 eggs","originalName":"eggs","amount":2.0,"unit":"","meta":[],"metaInformation":[],"measures":{"us":{"amount":2.0,"unitShort":"","unitLong":""},"metric":{"amount":2.0,"unitShort":"","unitLong":""}}},{"id":20081,"aisle":"Baking","image":"flour.png","consistency":"solid","name":"flour","nameClean":"wheat flour","original":"1/4 cup All-purpose flour","originalString":"1/4 cup All-purpose flour","originalName":"All-purpose flour","amount":0.25,"unit":"cup","meta":["all-purpose"],"metaInformation":["all-purpose"],"measures":{"us":{"amount":0.25,"unitShort":"cups","unitLong":"cups"},"metric":{"amount":59.147,"unitShort":"ml","unitLong":"milliliters"}}},{"id":9152,"aisle":"Produce","image":"lemon-juice.jpg","consistency":"liquid","name":"lemon juice","nameClean":"lemon juice","original":"¾ cup lemon juice","originalString":"¾ cup lemon juice","originalName":"lemon juice","amount":0.75,"unit":"cup","meta":[],"metaInformation":[],"measures":{"us":{"amount":0.75,"unitShort":"cups","unitLong":"cups"},"metric":{"amount":177.441,"unitShort":"ml","unitLong":"milliliters"}}},{"id":9156,"aisle":"Produce","image":"zest-lemon.jpg","consistency":"solid","name":"lemon rind","nameClean":"lemon peel","original":"1 teaspoon Grated lemon rind","originalString":"1 teaspoon Grated lemon rind","originalName":"Grated lemon rind","amount":1.0,"unit":"teaspoon","meta":["grated"],"metaInformation":["grated"],"measures":{"us":{"amount":1.0,"unitShort":"tsp","unitLong":"teaspoon"},"metric":{"amount":1.0,"unitShort":"tsp","unitLong":"teaspoon"}}},{"id":19335,"aisle":"Baking","image":"sugar-in-bowl.png","consistency":"solid","name":"sugar","nameClean":"sugar","original":"1/2 cup Sugar","originalString":"1/2 cup Sugar","originalName":"Sugar","amount":0.5,"unit":"cup","meta":[],"metaInformation":[],"measures":{"us":{"amount":0.5,"unitShort":"cups","unitLong":"cups"},"metric":{"amount":118.294,"unitShort":"ml","unitLong":"milliliters"}}},{"id":1145,"aisle":"Milk, Eggs, Other Dairy","image":"butter-sliced.jpg","consistency":"solid","name":"unsalted butter","nameClean":"unsalted butter","original":"1/2 cup Unsalted butter, cut into small pieces 125 mL","originalString":"1/2 cup Unsalted butter, cut into small pieces 125 mL","originalName":"Unsalted butter, cut into small pieces 125 mL","amount":0.5,"unit":"cup","meta":["unsalted","cut into small pieces 125 ml"],"metaInformation":["unsalted","cut into small pieces 125 ml"],"measures":{"us":{"amount":0.5,"unitShort":"cups","unitLong":"cups"},"metric":{"amount":118.294,"unitShort":"ml","unitLong":"milliliters"}}},{"id":1012050,"aisle":"Baking","image":"vanilla-extract.jpg","consistency":"liquid","name":"vanilla essence","nameClean":"artificial vanilla","original":"½ tsp vanilla essence","originalString":"½ tsp vanilla essence","originalName":"vanilla essence","amount":0.5,"unit":"tsp","meta":[],"metaInformation":[],"measures":{"us":{"amount":0.5,"unitShort":"tsps","unitLong":"teaspoons"},"metric":{"amount":0.5,"unitShort":"tsps","unitLong":"teaspoons"}}}],"id":649794,"title":"Lemon square bars","readyInMinutes":45,"servings":24,"sourceUrl":"http://www.foodista.com/recipe/43B2Y4CT/lemon-square-bars","image":"https://spoonacular.com/recipeImages/649794-556x370.jpg","imageType":"jpg","summary":"Lemon square bars might be just the hor d'oeuvre you are searching for. For <b>14 cents per serving</b>, this recipe <b>covers 1%</b> of your daily requirements of vitamins and minerals. Watching your figure? This vegetarian recipe has <b>72 calories</b>, <b>1g of protein</b>, and <b>4g of fat</b> per serving. This recipe is liked by 12 foodies and cooks. A mixture of baking powder, butter, sugar, and a handful of other ingredients are all it takes to make this recipe so tasty. From preparation to the plate, this recipe takes approximately <b>45 minutes</b>. All things considered, we decided this recipe <b>deserves a spoonacular score of 8%</b>. This score is very bad (but still fixable). Similar recipes include <a href=\"https://spoonacular.com/recipes/pineapple-square-bars-sundaysupper-511201\">Pineapple Square Bars #SundaySupper</a>, <a href=\"https://spoonacular.com/recipes/italian-square-meatballs-181073\">Italian Square Meatballs</a>, and <a href=\"https://spoonacular.com/recipes/liberty-square-cookies-489168\">Liberty Square Cookies</a>.","cuisines":[],"dishTypes":["antipasti","starter","snack","appetizer","antipasto","hor d'oeuvre"],"diets":["lacto ovo vegetarian"],"occasions":[],"instructions":"<ol><li>In a medium bowl, stir together 2 cups flour and confectioners' sugar. Blend in the melted butter and vanilla essence.</li><li>Press the soft dough with the palm of your hand into the bottom of the greased 9x13 inch pan.</li><li>Bake the dough in the preheated oven at 170C for 15 minutes, or until golden.</li><li>Meanwhile, in a large bowl, beat eggs until light.</li><li>Combine the sugar, baking powder and  cup of flour so there will be no flour lumps.</li><li>Stir the sugar mixture into the eggs.</li><li>Stir in the lemon juice and lemon rind. Pour over the prepared crust and return to the oven.</li><li>Bake for an additional 30 minutes or until bars are set.</li><li>Allow to cool completely before cutting into bars.</li></ol>","analyzedInstructions":[{"name":"","steps":[{"number":1,"step":"In a medium bowl, stir together 2 cups flour and confectioners' sugar. Blend in the melted butter and vanilla essence.Press the soft dough with the palm of your hand into the bottom of the greased 9x13 inch pan.","ingredients":[{"id":19336,"name":"powdered sugar","localizedName":"powdered sugar","image":"powdered-sugar.jpg"},{"id":1012050,"name":"artificial vanilla","localizedName":"artificial vanilla","image":"vanilla-extract.jpg"},{"id":1001,"name":"butter","localizedName":"butter","image":"butter-sliced.jpg"},{"id":0,"name":"dough","localizedName":"dough","image":"pizza-dough"},{"id":20081,"name":"all purpose flour","localizedName":"all purpose flour","image":"flour.png"}],"equipment":[{"id":404783,"name":"bowl","localizedName":"bowl","image":"bowl.jpg"},{"id":404645,"name":"frying pan","localizedName":"frying pan","image":"pan.png"}]},{"number":2,"step":"Bake the dough in the preheated oven at 170C for 15 minutes, or until golden.Meanwhile, in a large bowl, beat eggs until light.","ingredients":[{"id":0,"name":"dough","localizedName":"dough","image":"pizza-dough"},{"id":1123,"name":"egg","localizedName":"egg","image":"egg.png"}],"equipment":[{"id":404784,"name":"oven","localizedName":"oven","image":"oven.jpg","temperature":{"number":170.0,"unit":"Celsius"}},{"id":404783,"name":"bowl","localizedName":"bowl","image":"bowl.jpg"}],"length":{"number":15,"unit":"minutes"}},{"number":3,"step":"Combine the sugar, baking powder and  cup of flour so there will be no flour lumps.Stir the sugar mixture into the eggs.Stir in the lemon juice and lemon rind.","ingredients":[{"id":18369,"name":"baking powder","localizedName":"baking powder","image":"white-powder.jpg"},{"id":9152,"name":"lemon juice","localizedName":"lemon juice","image":"lemon-juice.jpg"},{"id":9156,"name":"lemon peel","localizedName":"lemon peel","image":"zest-lemon.jpg"},{"id":20081,"name":"all purpose flour","localizedName":"all purpose flour","image":"flour.png"},{"id":19335,"name":"sugar","localizedName":"sugar","image":"sugar-in-bowl.png"},{"id":1123,"name":"egg","localizedName":"egg","image":"egg.png"}],"equipment":[]},{"number":4,"step":"Pour over the prepared crust and return to the oven.","ingredients":[{"id":0,"name":"crust","localizedName":"crust","image":""}],"equipment":[{"id":404784,"name":"oven","localizedName":"oven","image":"oven.jpg"}]},{"number":5,"step":"Bake for an additional 30 minutes or until bars are set.Allow to cool completely before cutting into bars.","ingredients":[],"equipment":[{"id":404784,"name":"oven","localizedName":"oven","image":"oven.jpg"}],"length":{"number":30,"unit":"minutes"}}]}],"originalId":null,"spoonacularSourceUrl":"https://spoonacular.com/lemon-square-bars-649794"},{"vegetarian":false,"vegan":false,"glutenFree":false,"dairyFree":false,"veryHealthy":false,"cheap":false,"veryPopular":false,"sustainable":false,"weightWatcherSmartPoints":39,"gaps":"no","lowFodmap":false,"aggregateLikes":69,"spoonacularScore":53.0,"healthScore":7.0,"creditsText":"Foodista.com – The Cooking Encyclopedia Everyone Can Edit","license":"CC BY 3.0","sourceName":"Foodista","pricePerServing":214.61,"extendedIngredients":[{"id":9040,"aisle":"Produce","image":"bananas.jpg","consistency":"solid","name":"bananas","nameClean":"ripe banana","original":"2 large ripe bananas, or 3 medium ones","originalString":"2 large ripe bananas, or 3 medium ones","originalName":"ripe bananas, or 3 medium ones","amount":2.0,"unit":"large","meta":["ripe"],"metaInformation":["ripe"],"measures":{"us":{"amount":2.0,"unitShort":"large","unitLong":"larges"},"metric":{"amount":2.0,"unitShort":"large","unitLong":"larges"}}},{"id":1001,"aisle":"Milk, Eggs, Other Dairy","image":"butter-sliced.jpg","consistency":"solid","name":"butter","nameClean":"butter","original":"• 100g butter","originalString":"• 100g butter","originalName":"butter","amount":100.0,"unit":"g","meta":[],"metaInformation":[],"measures":{"us":{"amount":3.527,"unitShort":"oz","unitLong":"ounces"},"metric":{"amount":100.0,"unitShort":"g","unitLong":"grams"}}},{"id":18157,"aisle":"Sweet Snacks","image":"chocolate-wafer-cookies.jpg","consistency":"solid","name":"chocolate cookies","nameClean":"chocolate cookies","original":"• 270g chocolate digestives/plain chocolate cookies","originalString":"• 270g chocolate digestives/plain chocolate cookies","originalName":"chocolate digestives/plain chocolate cookies","amount":270.0,"unit":"g","meta":[],"metaInformation":[],"measures":{"us":{"amount":9.524,"unitShort":"oz","unitLong":"ounces"},"metric":{"amount":270.0,"unitShort":"g","unitLong":"grams"}}},{"id":18621,"aisle":"Savory Snacks","image":"crackers.jpg","consistency":"solid","name":"crackers","nameClean":"crackers","original":"• 40g salted crackers","originalString":"• 40g salted crackers","originalName":"salted crackers","amount":40.0,"unit":"g","meta":["salted"],"metaInformation":["salted"],"measures":{"us":{"amount":1.411,"unitShort":"oz","unitLong":"ounces"},"metric":{"amount":40.0,"unitShort":"g","unitLong":"grams"}}},{"id":1053,"aisle":"Milk, Eggs, Other Dairy","image":"fluid-cream.jpg","consistency":"liquid","name":"cream","nameClean":"cream","original":"• 300ml thickened cream","originalString":"• 300ml thickened cream","originalName":"thickened cream","amount":300.0,"unit":"ml","meta":[],"metaInformation":[],"measures":{"us":{"amount":1.268,"unitShort":"cups","unitLong":"cups"},"metric":{"amount":300.0,"unitShort":"ml","unitLong":"milliliters"}}},{"id":10019334,"aisle":"Baking","image":"dark-brown-sugar.png","consistency":"solid","name":"dark brown sugar","nameClean":"dark brown sugar","original":"• 100g dark brown sugar (richer)","originalString":"• 100g dark brown sugar (richer)","originalName":"dark brown sugar (richer)","amount":100.0,"unit":"g","meta":["dark","(richer)"],"metaInformation":["dark","(richer)"],"measures":{"us":{"amount":3.527,"unitShort":"oz","unitLong":"ounces"},"metric":{"amount":100.0,"unitShort":"g","unitLong":"grams"}}},{"id":19904,"aisle":"Sweet Snacks","image":"dark-chocolate-pieces.jpg","consistency":"solid","name":"dark chocolate","nameClean":"dark chocolate","original":"• 300g Dark Chocolate","originalString":"• 300g Dark Chocolate","originalName":"Dark Chocolate","amount":300.0,"unit":"g","meta":["dark"],"metaInformation":["dark"],"measures":{"us":{"amount":10.582,"unitShort":"oz","unitLong":"ounces"},"metric":{"amount":300.0,"unitShort":"g","unitLong":"grams"}}},{"id":19336,"aisle":"Baking","image":"powdered-sugar.jpg","consistency":"solid","name":"icing sugar","nameClean":"powdered sugar","original":"• 2 Tbs icing mixture/sugar","originalString":"• 2 Tbs icing mixture/sugar","originalName":"icing mixture/sugar","amount":2.0,"unit":"Tbs","meta":[],"metaInformation":[],"measures":{"us":{"amount":2.0,"unitShort":"Tbs","unitLong":"Tbs"},"metric":{"amount":2.0,"unitShort":"Tbs","unitLong":"Tbs"}}},{"id":1095,"aisle":"Baking","image":"evaporated-milk.png","consistency":"solid","name":"sweetened condensed milk","nameClean":"sweetened condensed milk","original":"• 400g sweetened condensed milk","originalString":"• 400g sweetened condensed milk","originalName":"sweetened condensed milk","amount":400.0,"unit":"g","meta":["sweetened"],"metaInformation":["sweetened"],"measures":{"us":{"amount":14.11,"unitShort":"oz","unitLong":"ounces"},"metric":{"amount":400.0,"unitShort":"g","unitLong":"grams"}}},{"id":1012050,"aisle":"Baking","image":"vanilla-extract.jpg","consistency":"liquid","name":"vanilla essence","nameClean":"artificial vanilla","original":"• 1 tsp vanilla essence","originalString":"• 1 tsp vanilla essence","originalName":"vanilla essence","amount":1.0,"unit":"tsp","meta":[],"metaInformation":[],"measures":{"us":{"amount":1.0,"unitShort":"tsp","unitLong":"teaspoon"},"metric":{"amount":1.0,"unitShort":"tsp","unitLong":"teaspoon"}}}],"id":638832,"title":"Chocolate Banoffee Pie","readyInMinutes":240,"servings":8,"sourceUrl":"http://www.foodista.com/recipe/CLQWBZND/chocolate-banoffee-pie","image":"https://spoonacular.com/recipeImages/638832-556x370.jpg","imageType":"jpg","summary":"Chocolate Banoffee Pie might be just the dessert you are searching for. For <b>$2.14 per serving</b>, this recipe <b>covers 18%</b> of your daily requirements of vitamins and minerals. This recipe makes 8 servings with <b>858 calories</b>, <b>11g of protein</b>, and <b>50g of fat</b> each. A mixture of crackers, butter, thickened cream, and a handful of other ingredients are all it takes to make this recipe so delicious. 69 people have made this recipe and would make it again. From preparation to the plate, this recipe takes roughly <b>4 hours</b>. All things considered, we decided this recipe <b>deserves a spoonacular score of 56%</b>. This score is good. Try <a href=\"https://spoonacular.com/recipes/chocolate-banoffee-puddings-555713\">Chocolate Banoffee Puddings</a>, <a href=\"https://spoonacular.com/recipes/chocolate-banoffee-puddings-555991\">Chocolate Banoffee Puddings</a>, and <a href=\"https://spoonacular.com/recipes/chocolate-banoffee-puddings-555911\">Chocolate Banoffee Puddings</a> for similar recipes.","cuisines":[],"dishTypes":["side dish"],"diets":[],"occasions":[],"instructions":"<ol><li>Preheat oven to 180 degrees C</li><li>Process chocolate digestives and salted crackers in a food processor till crumbs</li><li>Mix the cookie/cracker crumbs with the browned butter and stir till combined and sticky (this is SO delicious, try not to eat it all!)</li><li>Get a 20cm diameter tart tin with a loose base and press the crumbly cookie mixture into it, filling out the shape. Make sure to press down the back of a spoon, and use damp hands to aid the process of putting it up the sides.</li><li>Chill for 20 minutes and then put to bake for 8-10 minutes. (Place it on top of a tray with baking paper since butter will leak a little)</li><li>Remove from the oven and let sit to room temperature.</li><li>Start making the toffee by placing melting the butter and brown sugar over medium-low heat till smooth.</li><li>Add in the sweetened condensed milk and bring to boiling point, before removing from heat. Make sure the mixture is thick and golden.</li><li>Add in the vanilla essence.</li><li>Let cool for 1/2 hour to 45 minutes, or till not hot to touch.</li><li>Lightly coat the bottom of the tart shell with a few spoonfuls of the toffee sauce,</li><li>Place a layer of bananas on top, making sure there are not banana pieces one on top of the other.</li><li>Pour a generous helping of the sauce on top, making sure to cover the bananas.</li><li>Depending on your tart shell's depth, add another layer of bananas on top, then another layer of sauce.</li><li>Place into the fridge to chill for 2-3 hours.</li><li>Meanwhile make the whipped cream by whipping the thickened cream with the vanilla essence and icing mixture till it holds its peak.</li><li>Meanwhile make the dark chocolate shards: Melt the chocolate in 20 second bursts in the microwave and pour onto a piece of baking paper. Spread using a flat spatula, leaving a thin coating of chocolate. Place in the fridge (if it is wonky, no worries) and remove from the fridge after an hour. Break into pieces to use.</li><li>Assemble the tart: Pipe little cornets all over the tart. Arrange pieces of chocolate shard on top artfully.</li></ol>","analyzedInstructions":[{"name":"","steps":[{"number":1,"step":"Preheat oven to 180 degrees CProcess chocolate digestives and salted crackers in a food processor till crumbs","ingredients":[{"id":19081,"name":"chocolate","localizedName":"chocolate","image":"milk-chocolate.jpg"},{"id":18621,"name":"crackers","localizedName":"crackers","image":"crackers.jpg"}],"equipment":[{"id":404771,"name":"food processor","localizedName":"food processor","image":"food-processor.png"},{"id":404784,"name":"oven","localizedName":"oven","image":"oven.jpg"}]},{"number":2,"step":"Mix the cookie/cracker crumbs with the browned butter and stir till combined and sticky (this is SO delicious, try not to eat it all!)Get a 20cm diameter tart tin with a loose base and press the crumbly cookie mixture into it, filling out the shape. Make sure to press down the back of a spoon, and use damp hands to aid the process of putting it up the sides.Chill for 20 minutes and then put to bake for 8-10 minutes. (","ingredients":[{"id":10018621,"name":"cracker crumbs","localizedName":"cracker crumbs","image":"crackers.jpg"},{"id":1001,"name":"butter","localizedName":"butter","image":"butter-sliced.jpg"},{"id":10118192,"name":"cookies","localizedName":"cookies","image":"shortbread-cookies.jpg"},{"id":0,"name":"base","localizedName":"base","image":""}],"equipment":[{"id":404784,"name":"oven","localizedName":"oven","image":"oven.jpg"}],"length":{"number":30,"unit":"minutes"}},{"number":3,"step":"Place it on top of a tray with baking paper since butter will leak a little)","ingredients":[{"id":1001,"name":"butter","localizedName":"butter","image":"butter-sliced.jpg"}],"equipment":[{"id":404770,"name":"baking paper","localizedName":"baking paper","image":"baking-paper.jpg"}]},{"number":4,"step":"Remove from the oven and let sit to room temperature.Start making the toffee by placing melting the butter and brown sugar over medium-low heat till smooth.","ingredients":[{"id":19334,"name":"brown sugar","localizedName":"brown sugar","image":"dark-brown-sugar.png"},{"id":1001,"name":"butter","localizedName":"butter","image":"butter-sliced.jpg"},{"id":10019383,"name":"toffee","localizedName":"toffee","image":"toffee-pieces.jpg"}],"equipment":[{"id":404784,"name":"oven","localizedName":"oven","image":"oven.jpg"}]},{"number":5,"step":"Add in the sweetened condensed milk and bring to boiling point, before removing from heat. Make sure the mixture is thick and golden.","ingredients":[{"id":1095,"name":"sweetened condensed milk","localizedName":"sweetened condensed milk","image":"evaporated-milk.png"}],"equipment":[]},{"number":6,"step":"Add in the vanilla essence.","ingredients":[{"id":1012050,"name":"artificial vanilla","localizedName":"artificial vanilla","image":"vanilla-extract.jpg"}],"equipment":[]},{"number":7,"step":"Let cool for 1/2 hour to 45 minutes, or till not hot to touch.Lightly coat the bottom of the tart shell with a few spoonfuls of the toffee sauce,","ingredients":[{"id":10019383,"name":"toffee","localizedName":"toffee","image":"toffee-pieces.jpg"},{"id":0,"name":"sauce","localizedName":"sauce","image":""}],"equipment":[],"length":{"number":165,"unit":"minutes"}},{"number":8,"step":"Place a layer of bananas on top, making sure there are not banana pieces one on top of the other.","ingredients":[{"id":9040,"name":"banana","localizedName":"banana","image":"bananas.jpg"}],"equipment":[]},{"number":9,"step":"Pour a generous helping of the sauce on top, making sure to cover the bananas.Depending on your tart shell's depth, add another layer of bananas on top, then another layer of sauce.","ingredients":[{"id":9040,"name":"banana","localizedName":"banana","image":"bananas.jpg"},{"id":0,"name":"sauce","localizedName":"sauce","image":""}],"equipment":[]},{"number":10,"step":"Place into the fridge to chill for 2-3 hours.Meanwhile make the whipped cream by whipping the thickened cream with the vanilla essence and icing mixture till it holds its peak.Meanwhile make the dark chocolate shards: Melt the chocolate in 20 second bursts in the microwave and pour onto a piece of baking paper.","ingredients":[{"id":1012050,"name":"artificial vanilla","localizedName":"artificial vanilla","image":"vanilla-extract.jpg"},{"id":19904,"name":"dark chocolate","localizedName":"dark chocolate","image":"dark-chocolate-pieces.jpg"},{"id":1054,"name":"whipped cream","localizedName":"whipped cream","image":"whipped-cream.jpg"},{"id":19081,"name":"chocolate","localizedName":"chocolate","image":"milk-chocolate.jpg"},{"id":1053,"name":"cream","localizedName":"cream","image":"fluid-cream.jpg"},{"id":10019230,"name":"icing","localizedName":"icing","image":"frosting-or-icing.png"}],"equipment":[{"id":404770,"name":"baking paper","localizedName":"baking paper","image":"baking-paper.jpg"},{"id":404762,"name":"microwave","localizedName":"microwave","image":"microwave.jpg"}],"length":{"number":180,"unit":"minutes"}},{"number":11,"step":"Spread using a flat spatula, leaving a thin coating of chocolate.","ingredients":[{"id":19081,"name":"chocolate","localizedName":"chocolate","image":"milk-chocolate.jpg"},{"id":0,"name":"spread","localizedName":"spread","image":""}],"equipment":[{"id":404642,"name":"spatula","localizedName":"spatula","image":"spatula-or-turner.jpg"}]},{"number":12,"step":"Place in the fridge (if it is wonky, no worries) and remove from the fridge after an hour. Break into pieces to use.Assemble the tart: Pipe little cornets all over the tart. Arrange pieces of chocolate shard on top artfully.","ingredients":[{"id":19081,"name":"chocolate","localizedName":"chocolate","image":"milk-chocolate.jpg"}],"equipment":[]}]}],"originalId":null,"spoonacularSourceUrl":"https://spoonacular.com/chocolate-banoffee-pie-638832"},{"vegetarian":true,"vegan":false,"glutenFree":false,"dairyFree":false,"veryHealthy":false,"cheap":false,"veryPopular":false,"sustainable":false,"weightWatcherSmartPoints":21,"gaps":"no","lowFodmap":false,"aggregateLikes":15,"spoonacularScore":32.0,"healthScore":3.0,"creditsText":"Foodista.com – The Cooking Encyclopedia Everyone Can Edit","license":"CC BY 3.0","sourceName":"Foodista","pricePerServing":59.75,"extendedIngredients":[{"id":1001,"aisle":"Milk, Eggs, Other Dairy","image":"butter-sliced.jpg","consistency":"solid","name":"butter","nameClean":"butter","original":"110 grams Of Butter, soften","originalString":"110 grams Of Butter, soften","originalName":"Of Butter, soften","amount":110.0,"unit":"grams","meta":[],"metaInformation":[],"measures":{"us":{"amount":3.88,"unitShort":"oz","unitLong":"ounces"},"metric":{"amount":110.0,"unitShort":"g","unitLong":"grams"}}},{"id":19335,"aisle":"Baking","image":"sugar-in-bowl.png","consistency":"solid","name":"sugar","nameClean":"sugar","original":"100 grams (½ Cup) Sugar","originalString":"100 grams (½ Cup) Sugar","originalName":"100 grams Sugar","amount":0.5,"unit":"Cup","meta":[],"metaInformation":[],"measures":{"us":{"amount":0.5,"unitShort":"cups","unitLong":"cups"},"metric":{"amount":0.5,"unitShort":"cups","unitLong":"cups"}}},{"id":20081,"aisle":"Baking","image":"flour.png","consistency":"solid","name":"flour","nameClean":"wheat flour","original":"110 grams (1 cup) Flour","originalString":"110 grams (1 cup) Flour","originalName":"110 grams Flour","amount":1.0,"unit":"cup","meta":[],"metaInformation":[],"measures":{"us":{"amount":1.0,"unitShort":"cup","unitLong":"cup"},"metric":{"amount":236.588,"unitShort":"ml","unitLong":"milliliters"}}},{"id":18371,"aisle":"Baking","image":"white-powder.jpg","consistency":"solid","name":"baking powder","nameClean":"low sodium baking powder","original":"1/2 teaspoon Baking Powder","originalString":"1/2 teaspoon Baking Powder","originalName":"Baking Powder","amount":0.5,"unit":"teaspoon","meta":[],"metaInformation":[],"measures":{"us":{"amount":0.5,"unitShort":"tsps","unitLong":"teaspoons"},"metric":{"amount":0.5,"unitShort":"tsps","unitLong":"teaspoons"}}},{"id":18372,"aisle":"Baking","image":"white-powder.jpg","consistency":"solid","name":"baking soda","nameClean":"baking soda","original":"1/2 teaspoon Baking Soda","originalString":"1/2 teaspoon Baking Soda","originalName":"Baking Soda","amount":0.5,"unit":"teaspoon","meta":[],"metaInformation":[],"measures":{"us":{"amount":0.5,"unitShort":"tsps","unitLong":"teaspoons"},"metric":{"amount":0.5,"unitShort":"tsps","unitLong":"teaspoons"}}},{"id":1123,"aisle":"Milk, Eggs, Other Dairy","image":"egg.png","consistency":"solid","name":"egg","nameClean":"egg","original":"2 Egg","originalString":"2 Egg","originalName":"Egg","amount":2.0,"unit":"","meta":[],"metaInformation":[],"measures":{"us":{"amount":2.0,"unitShort":"","unitLong":""},"metric":{"amount":2.0,"unitShort":"","unitLong":""}}},{"id":1095,"aisle":"Baking","image":"evaporated-milk.png","consistency":"solid","name":"condensed milk","nameClean":"sweetened condensed milk","original":"2 tablespoons Condensed Milk","originalString":"2 tablespoons Condensed Milk","originalName":"Condensed Milk","amount":2.0,"unit":"tablespoons","meta":[],"metaInformation":[],"measures":{"us":{"amount":2.0,"unitShort":"Tbsps","unitLong":"Tbsps"},"metric":{"amount":2.0,"unitShort":"Tbsps","unitLong":"Tbsps"}}},{"id":9040,"aisle":"Produce","image":"bananas.jpg","consistency":"solid","name":"banana","nameClean":"ripe banana","original":"2 Medium Banana, mashed with fork","originalString":"2 Medium Banana, mashed with fork","originalName":"Medium Banana, mashed with fork","amount":2.0,"unit":"","meta":["with fork","mashed"],"metaInformation":["with fork","mashed"],"measures":{"us":{"amount":2.0,"unitShort":"","unitLong":""},"metric":{"amount":2.0,"unitShort":"","unitLong":""}}},{"id":10018166,"aisle":"Sweet Snacks","image":"oreos.png","consistency":"solid","name":"oreo cookies","nameClean":"oreo cookies","original":"8 pieces of Oreo Cookies","originalString":"8 pieces of Oreo Cookies","originalName":"Oreo Cookies","amount":8.0,"unit":"pieces","meta":[],"metaInformation":[],"measures":{"us":{"amount":8.0,"unitShort":"","unitLong":""},"metric":{"amount":8.0,"unitShort":"","unitLong":""}}},{"id":1012050,"aisle":"Baking","image":"vanilla-extract.jpg","consistency":"liquid","name":"vanilla essence","nameClean":"artificial vanilla","original":"1/2 teaspoon Vanilla Essence","originalString":"1/2 teaspoon Vanilla Essence","originalName":"Vanilla Essence","amount":0.5,"unit":"teaspoon","meta":[],"metaInformation":[],"measures":{"us":{"amount":0.5,"unitShort":"tsps","unitLong":"teaspoons"},"metric":{"amount":0.5,"unitShort":"tsps","unitLong":"teaspoons"}}},{"id":9040,"aisle":"Produce","image":"bananas.jpg","consistency":"solid","name":"banana","nameClean":"ripe banana","original":"1/4 teaspoon Banana Essence, optional","originalString":"1/4 teaspoon Banana Essence, optional","originalName":"Banana Essence, optional","amount":0.25,"unit":"teaspoon","meta":[],"metaInformation":[],"measures":{"us":{"amount":0.25,"unitShort":"tsps","unitLong":"teaspoons"},"metric":{"amount":0.25,"unitShort":"tsps","unitLong":"teaspoons"}}}],"id":633970,"title":"Banana & Oreo Muffin","readyInMinutes":45,"servings":4,"sourceUrl":"https://www.foodista.com/recipe/NQN8VNQT/banana-oreo-muffin","image":"https://spoonacular.com/recipeImages/633970-556x370.jpg","imageType":"jpg","summary":"Banana & Oreo Muffin is a <b>lacto ovo vegetarian</b> breakfast. This recipe makes 4 servings with <b>535 calories</b>, <b>8g of protein</b>, and <b>26g of fat</b> each. For <b>60 cents per serving</b>, this recipe <b>covers 11%</b> of your daily requirements of vitamins and minerals. A mixture of condensed milk, sugar, egg, and a handful of other ingredients are all it takes to make this recipe so yummy. 15 people have tried and liked this recipe. A couple people really liked this Southern dish. It is brought to you by Foodista. From preparation to the plate, this recipe takes approximately <b>approximately 45 minutes</b>. All things considered, we decided this recipe <b>deserves a spoonacular score of 29%</b>. This score is not so outstanding. <a href=\"https://spoonacular.com/recipes/the-best-ever-banana-muffin-65697\">The Best Ever Banana Muffin</a>, <a href=\"https://spoonacular.com/recipes/banana-muffin-763481\">Banana Muffin</a>, and <a href=\"https://spoonacular.com/recipes/banana-muffin-pudding-407377\">Banana Muffin Pudding</a> are very similar to this recipe.","cuisines":["Southern"],"dishTypes":["morning meal","brunch","breakfast"],"diets":["lacto ovo vegetarian"],"occasions":[],"instructions":"Sift the flour, baking power and baking soda together and set aside.\nRemove the cream from the cookies, place the cookies in a ziplock bag, use a rolling pin, crush the cookie into fine crumbs.\nCream butter and sugar with electric beater till light and fluffy(about 3 minutes on medium speed).\nAdd in egg one at a time and beat till the mixture is well combine without any egg trace.\nAdd mashed banana, vanilla essence and condensed milk into the butter mixture and give it a quick whisk.\nLower the mixer speed, add flour mixture and blend the mixture till smooth.\nStir in the oreo cookies crumbs till combined, scoop the mixture into prepared muffin cups to 3/4 full.\nTop the muffin batter with some extra banana slices and oreo cookies, bake them in preheated 180 degree oven for about 20 - 25 minutes or till a toothpick inserted in the center and comes out clean.","analyzedInstructions":[{"name":"","steps":[{"number":1,"step":"Sift the flour, baking power and baking soda together and set aside.","ingredients":[{"id":18372,"name":"baking soda","localizedName":"baking soda","image":"white-powder.jpg"},{"id":20081,"name":"all purpose flour","localizedName":"all purpose flour","image":"flour.png"}],"equipment":[]},{"number":2,"step":"Remove the cream from the cookies, place the cookies in a ziplock bag, use a rolling pin, crush the cookie into fine crumbs.","ingredients":[{"id":10118192,"name":"cookies","localizedName":"cookies","image":"shortbread-cookies.jpg"},{"id":1053,"name":"cream","localizedName":"cream","image":"fluid-cream.jpg"}],"equipment":[{"id":404746,"name":"rolling pin","localizedName":"rolling pin","image":"rolling-pin.jpg"}]},{"number":3,"step":"Cream butter and sugar with electric beater till light and fluffy(about 3 minutes on medium speed).","ingredients":[{"id":1001,"name":"butter","localizedName":"butter","image":"butter-sliced.jpg"},{"id":1053,"name":"cream","localizedName":"cream","image":"fluid-cream.jpg"},{"id":19335,"name":"sugar","localizedName":"sugar","image":"sugar-in-bowl.png"}],"equipment":[],"length":{"number":3,"unit":"minutes"}},{"number":4,"step":"Add in egg one at a time and beat till the mixture is well combine without any egg trace.","ingredients":[{"id":1123,"name":"egg","localizedName":"egg","image":"egg.png"}],"equipment":[]},{"number":5,"step":"Add mashed banana, vanilla essence and condensed milk into the butter mixture and give it a quick whisk.","ingredients":[{"id":1012050,"name":"artificial vanilla","localizedName":"artificial vanilla","image":"vanilla-extract.jpg"},{"id":1095,"name":"sweetened condensed milk","localizedName":"sweetened condensed milk","image":"evaporated-milk.png"},{"id":1009040,"name":"mashed banana","localizedName":"mashed banana","image":"bananas.jpg"},{"id":1001,"name":"butter","localizedName":"butter","image":"butter-sliced.jpg"}],"equipment":[{"id":404661,"name":"whisk","localizedName":"whisk","image":"whisk.png"}]},{"number":6,"step":"Lower the mixer speed, add flour mixture and blend the mixture till smooth.","ingredients":[{"id":20081,"name":"all purpose flour","localizedName":"all purpose flour","image":"flour.png"}],"equipment":[{"id":404726,"name":"blender","localizedName":"blender","image":"blender.png"}]},{"number":7,"step":"Stir in the oreo cookies crumbs till combined, scoop the mixture into prepared muffin cups to 3/4 full.","ingredients":[{"id":10018166,"name":"oreo cookies","localizedName":"oreo cookies","image":"oreos.png"}],"equipment":[{"id":404676,"name":"muffin liners","localizedName":"muffin liners","image":"muffin-or-cupcake-forms.png"}]},{"number":8,"step":"Top the muffin batter with some extra banana slices and oreo cookies, bake them in preheated 180 degree oven for about 20 - 25 minutes or till a toothpick inserted in the center and comes out clean.","ingredients":[{"id":10018166,"name":"oreo cookies","localizedName":"oreo cookies","image":"oreos.png"},{"id":9040,"name":"banana","localizedName":"banana","image":"bananas.jpg"}],"equipment":[{"id":404644,"name":"toothpicks","localizedName":"toothpicks","image":"toothpicks.jpg"},{"id":404784,"name":"oven","localizedName":"oven","image":"oven.jpg"}],"length":{"number":25,"unit":"minutes"}}]}],"originalId":null,"spoonacularSourceUrl":"https://spoonacular.com/banana-oreo-muffin-633970"},{"vegetarian":true,"vegan":false,"glutenFree":true,"dairyFree":false,"veryHealthy":false,"cheap":false,"veryPopular":false,"sustainable":false,"weightWatcherSmartPoints":14,"gaps":"no","lowFodmap":false,"aggregateLikes":11,"spoonacularScore":57.0,"healthScore":13.0,"creditsText":"Foodista.com – The Cooking Encyclopedia Everyone Can Edit","license":"CC BY 3.0","sourceName":"Foodista","pricePerServing":474.72,"extendedIngredients":[{"id":10220444,"aisle":"Pasta and Rice","image":"uncooked-white-rice.png","consistency":"solid","name":"long grain rice","nameClean":"long grain rice","original":"1 cup rice (I used long grain rice)","originalString":"1 cup rice (I used long grain rice)","originalName":"rice (I used long grain rice)","amount":1.0,"unit":"cup","meta":["long grain","(I used rice)"],"metaInformation":["long grain","(I used rice)"],"measures":{"us":{"amount":1.0,"unitShort":"cup","unitLong":"cup"},"metric":{"amount":236.588,"unitShort":"ml","unitLong":"milliliters"}}},{"id":1077,"aisle":"Milk, Eggs, Other Dairy","image":"milk.png","consistency":"liquid","name":"whole milk","nameClean":"milk","original":"4 cups whole milk","originalString":"4 cups whole milk","originalName":"whole milk","amount":4.0,"unit":"cups","meta":["whole"],"metaInformation":["whole"],"measures":{"us":{"amount":4.0,"unitShort":"cups","unitLong":"cups"},"metric":{"amount":946.352,"unitShort":"ml","unitLong":"milliliters"}}},{"id":14355,"aisle":"Tea and Coffee","image":"tea-bags.jpg","consistency":"solid","name":"tea","nameClean":"tea","original":"1 cup freshly brewed tea (I used Twinings English Breakfast and left the tea left to brew for five minutes)","originalString":"1 cup freshly brewed tea (I used Twinings English Breakfast and left the tea left to brew for five minutes)","originalName":"freshly brewed tea (I used Twinings English Breakfast and left the tea left to brew for five minutes)","amount":1.0,"unit":"cup","meta":["english","for five minutes)","brewed"],"metaInformation":["english","for five minutes)","brewed"],"measures":{"us":{"amount":1.0,"unitShort":"cup","unitLong":"cup"},"metric":{"amount":236.588,"unitShort":"ml","unitLong":"milliliters"}}},{"id":1012010,"aisle":"Spices and Seasonings","image":"cinnamon.jpg","consistency":"solid","name":"cinnamon powder","nameClean":"ground cinnamon","original":"1 teaspoon cinnamon powder","originalString":"1 teaspoon cinnamon powder","originalName":"cinnamon powder","amount":1.0,"unit":"teaspoon","meta":[],"metaInformation":[],"measures":{"us":{"amount":1.0,"unitShort":"tsp","unitLong":"teaspoon"},"metric":{"amount":1.0,"unitShort":"tsp","unitLong":"teaspoon"}}},{"id":2021,"aisle":"Spices and Seasonings","image":"ginger.png","consistency":"solid","name":"ginger powder","nameClean":"ginger powder","original":"1 teaspoon ginger powder","originalString":"1 teaspoon ginger powder","originalName":"ginger powder","amount":1.0,"unit":"teaspoon","meta":[],"metaInformation":[],"measures":{"us":{"amount":1.0,"unitShort":"tsp","unitLong":"teaspoon"},"metric":{"amount":1.0,"unitShort":"tsp","unitLong":"teaspoon"}}},{"id":11300,"aisle":"Produce","image":"snow-peas.jpg","consistency":"solid","name":"pea pods","nameClean":"snow peas","original":"3 whole cardomon pods","originalString":"3 whole cardomon pods","originalName":"whole cardomon pods","amount":3.0,"unit":"","meta":["whole"],"metaInformation":["whole"],"measures":{"us":{"amount":3.0,"unitShort":"","unitLong":""},"metric":{"amount":3.0,"unitShort":"","unitLong":""}}},{"id":1012002,"aisle":"Spices and Seasonings","image":"star-anise.jpg","consistency":"solid","name":"whole star anise","nameClean":"star anise","original":"1 whole star anise","originalString":"1 whole star anise","originalName":"whole star anise","amount":1.0,"unit":"","meta":["whole"],"metaInformation":["whole"],"measures":{"us":{"amount":1.0,"unitShort":"","unitLong":""},"metric":{"amount":1.0,"unitShort":"","unitLong":""}}},{"id":1002011,"aisle":"Spices and Seasonings","image":"cloves.jpg","consistency":"solid","name":"cloves","nameClean":"clove","original":"6 large cloves","originalString":"6 large cloves","originalName":"","amount":6.0,"unit":"","meta":[],"metaInformation":[],"measures":{"us":{"amount":6.0,"unitShort":"","unitLong":""},"metric":{"amount":6.0,"unitShort":"","unitLong":""}}},{"id":1012050,"aisle":"Baking","image":"vanilla-extract.jpg","consistency":"liquid","name":"vanilla essence","nameClean":"artificial vanilla","original":"1 teaspoon vanilla essence (or 1 vanilla bean)","originalString":"1 teaspoon vanilla essence (or 1 vanilla bean)","originalName":"vanilla essence (or 1 vanilla bean)","amount":1.0,"unit":"teaspoon","meta":["(or 1 vanilla bean)"],"metaInformation":["(or 1 vanilla bean)"],"measures":{"us":{"amount":1.0,"unitShort":"tsp","unitLong":"teaspoon"},"metric":{"amount":1.0,"unitShort":"tsp","unitLong":"teaspoon"}}},{"id":19334,"aisle":"Baking","image":"light-brown-sugar.jpg","consistency":"solid","name":"brown sugar","nameClean":"golden brown sugar","original":"1/4 cup brown sugar","originalString":"1/4 cup brown sugar","originalName":"brown sugar","amount":0.25,"unit":"cup","meta":[],"metaInformation":[],"measures":{"us":{"amount":0.25,"unitShort":"cups","unitLong":"cups"},"metric":{"amount":59.147,"unitShort":"ml","unitLong":"milliliters"}}}],"id":641644,"title":"Dreamy Chai Rice Pudding","readyInMinutes":45,"servings":4,"sourceUrl":"https://www.foodista.com/recipe/CHRFL534/dreamy-chai-rice-pudding","image":"https://spoonacular.com/recipeImages/641644-556x370.jpg","imageType":"jpg","summary":"Dreamy Chai Rice Pudding is a <b>gluten free and lacto ovo vegetarian</b> recipe with 4 servings. One portion of this dish contains about <b>11g of protein</b>, <b>8g of fat</b>, and a total of <b>378 calories</b>. For <b>$4.75 per serving</b>, this recipe <b>covers 13%</b> of your daily requirements of vitamins and minerals. This recipe from Foodista requires large cloves, brown sugar, star anise, and cinnamon powder. A few people made this recipe, and 11 would say it hit the spot. From preparation to the plate, this recipe takes around <b>around 45 minutes</b>. Taking all factors into account, this recipe <b>earns a spoonacular score of 55%</b>, which is good. Similar recipes include <a href=\"https://spoonacular.com/recipes/chai-rice-pudding-760284\">Chai Rice Pudding</a>, <a href=\"https://spoonacular.com/recipes/chai-rice-pudding-250814\">Chai Rice Pudding</a>, and <a href=\"https://spoonacular.com/recipes/coconut-chai-rice-pudding-53968\">Coconut Chai Rice Pudding</a>.","cuisines":[],"dishTypes":[],"diets":["gluten free","lacto ovo vegetarian"],"occasions":[],"instructions":"METHOD\nPut milk, tea, rice and all spices in a small saucepan and bring to boil. The turn down and simmer for around 20 minutes, stirring occasionally.\nAdd sugar and turn heat back up to high. Cook for three to four minutes, stirring all the time as the pudding thickens.\nServe in individual bowls. If you wish, you can pick out the spices before serving (use a spoon as the pudding will be very hot) but I figure most people can cope with minor details like that.","analyzedInstructions":[{"name":"","steps":[{"number":1,"step":"Put milk, tea, rice and all spices in a small saucepan and bring to boil. The turn down and simmer for around 20 minutes, stirring occasionally.","ingredients":[{"id":2035,"name":"spices","localizedName":"spices","image":"spices.png"},{"id":1077,"name":"milk","localizedName":"milk","image":"milk.png"},{"id":20444,"name":"rice","localizedName":"rice","image":"uncooked-white-rice.png"},{"id":14355,"name":"tea","localizedName":"tea","image":"tea-bags.jpg"}],"equipment":[{"id":404669,"name":"sauce pan","localizedName":"sauce pan","image":"sauce-pan.jpg"}],"length":{"number":20,"unit":"minutes"}},{"number":2,"step":"Add sugar and turn heat back up to high. Cook for three to four minutes, stirring all the time as the pudding thickens.","ingredients":[{"id":19335,"name":"sugar","localizedName":"sugar","image":"sugar-in-bowl.png"}],"equipment":[],"length":{"number":3,"unit":"minutes"}},{"number":3,"step":"Serve in individual bowls. If you wish, you can pick out the spices before serving (use a spoon as the pudding will be very hot) but I figure most people can cope with minor details like that.","ingredients":[{"id":2035,"name":"spices","localizedName":"spices","image":"spices.png"}],"equipment":[{"id":404783,"name":"bowl","localizedName":"bowl","image":"bowl.jpg"}]}]}],"originalId":null,"spoonacularSourceUrl":"https://spoonacular.com/dreamy-chai-rice-pudding-641644"},{"vegetarian":true,"vegan":false,"glutenFree":false,"dairyFree":false,"veryHealthy":false,"cheap":false,"veryPopular":false,"sustainable":false,"weightWatcherSmartPoints":17,"gaps":"no","lowFodmap":false,"aggregateLikes":6,"spoonacularScore":19.0,"healthScore":1.0,"creditsText":"Foodista.com – The Cooking Encyclopedia Everyone Can Edit","license":"CC BY 3.0","sourceName":"Foodista","pricePerServing":57.9,"extendedIngredients":[{"id":20081,"aisle":"Baking","image":"flour.png","consistency":"solid","name":"all purpose flour","nameClean":"wheat flour","original":"1 cup of All purpose Flour","originalString":"1 cup of All purpose Flour","originalName":"All purpose Flour","amount":1.0,"unit":"cup","meta":[],"metaInformation":[],"measures":{"us":{"amount":1.0,"unitShort":"cup","unitLong":"cup"},"metric":{"amount":236.588,"unitShort":"ml","unitLong":"milliliters"}}},{"id":20081,"aisle":"Baking","image":"flour.png","consistency":"solid","name":"flour","nameClean":"wheat flour","original":"1/2 cup of wholewheat flour","originalString":"1/2 cup of wholewheat flour","originalName":"wholewheat flour","amount":0.5,"unit":"cup","meta":[],"metaInformation":[],"measures":{"us":{"amount":0.5,"unitShort":"cups","unitLong":"cups"},"metric":{"amount":118.294,"unitShort":"ml","unitLong":"milliliters"}}},{"id":19336,"aisle":"Baking","image":"powdered-sugar.jpg","consistency":"solid","name":"powdered sugar","nameClean":"powdered sugar","original":"1 cup of powdered sugar","originalString":"1 cup of powdered sugar","originalName":"powdered sugar","amount":1.0,"unit":"cup","meta":[],"metaInformation":[],"measures":{"us":{"amount":1.0,"unitShort":"cup","unitLong":"cup"},"metric":{"amount":236.588,"unitShort":"ml","unitLong":"milliliters"}}},{"id":4513,"aisle":null,"image":null,"consistency":null,"name":"vegetable oil","nameClean":null,"original":"6 tablespoons of vegetable oil","originalString":"6 tablespoons of vegetable oil","originalName":"vegetable oil","amount":6.0,"unit":"tablespoons","meta":[],"metaInformation":[],"measures":{"us":{"amount":6.0,"unitShort":"Tbsps","unitLong":"Tbsps"},"metric":{"amount":6.0,"unitShort":"Tbsps","unitLong":"Tbsps"}}},{"id":2053,"aisle":"Oil, Vinegar, Salad Dressing","image":"vinegar-(white).jpg","consistency":"liquid","name":"vinegar","nameClean":"distilled white vinegar","original":"1 tablespoon Vinegar","originalString":"1 tablespoon Vinegar","originalName":"Vinegar","amount":1.0,"unit":"tablespoon","meta":[],"metaInformation":[],"measures":{"us":{"amount":1.0,"unitShort":"Tbsp","unitLong":"Tbsp"},"metric":{"amount":1.0,"unitShort":"Tbsp","unitLong":"Tbsp"}}},{"id":14214,"aisle":"Tea and Coffee","image":"instant-coffee-or-instant-espresso.png","consistency":"solid","name":"instant coffee powder","nameClean":"instant coffee","original":"1/2 teaspoon of instant coffee powder","originalString":"1/2 teaspoon of instant coffee powder","originalName":"instant coffee powder","amount":0.5,"unit":"teaspoon","meta":[],"metaInformation":[],"measures":{"us":{"amount":0.5,"unitShort":"tsps","unitLong":"teaspoons"},"metric":{"amount":0.5,"unitShort":"tsps","unitLong":"teaspoons"}}},{"id":1012010,"aisle":"Spices and Seasonings","image":"cinnamon.jpg","consistency":"solid","name":"cinnamon powder","nameClean":"ground cinnamon","original":"1 teaspoon of Cinnamon powder","originalString":"1 teaspoon of Cinnamon powder","originalName":"Cinnamon powder","amount":1.0,"unit":"teaspoon","meta":[],"metaInformation":[],"measures":{"us":{"amount":1.0,"unitShort":"tsp","unitLong":"teaspoon"},"metric":{"amount":1.0,"unitShort":"tsp","unitLong":"teaspoon"}}},{"id":18372,"aisle":"Baking","image":"white-powder.jpg","consistency":"solid","name":"baking soda","nameClean":"baking soda","original":"1 teaspoon of Baking soda","originalString":"1 teaspoon of Baking soda","originalName":"Baking soda","amount":1.0,"unit":"teaspoon","meta":[],"metaInformation":[],"measures":{"us":{"amount":1.0,"unitShort":"tsp","unitLong":"teaspoon"},"metric":{"amount":1.0,"unitShort":"tsp","unitLong":"teaspoon"}}},{"id":2047,"aisle":"Spices and Seasonings","image":"salt.jpg","consistency":"solid","name":"salt","nameClean":"salt","original":"1/2 teaspoon of salt","originalString":"1/2 teaspoon of salt","originalName":"salt","amount":0.5,"unit":"teaspoon","meta":[],"metaInformation":[],"measures":{"us":{"amount":0.5,"unitShort":"tsps","unitLong":"teaspoons"},"metric":{"amount":0.5,"unitShort":"tsps","unitLong":"teaspoons"}}},{"id":1012050,"aisle":"Baking","image":"vanilla-extract.jpg","consistency":"liquid","name":"vanilla essence","nameClean":"artificial vanilla","original":"1 teaspoon of Vanilla essence","originalString":"1 teaspoon of Vanilla essence","originalName":"Vanilla essence","amount":1.0,"unit":"teaspoon","meta":[],"metaInformation":[],"measures":{"us":{"amount":1.0,"unitShort":"tsp","unitLong":"teaspoon"},"metric":{"amount":1.0,"unitShort":"tsp","unitLong":"teaspoon"}}},{"id":98902,"aisle":"Nut butters, Jams, and Honey","image":"no.jpg","consistency":"solid","name":"lime curd","nameClean":"lime curd","original":"1/2 cup of Curd or Yogurt","originalString":"1/2 cup of Curd or Yogurt","originalName":"Curd or Yogurt","amount":0.5,"unit":"cup","meta":[],"metaInformation":[],"measures":{"us":{"amount":0.5,"unitShort":"cups","unitLong":"cups"},"metric":{"amount":118.294,"unitShort":"ml","unitLong":"milliliters"}}},{"id":14209,"aisle":"Tea and Coffee","image":"brewed-coffee.jpg","consistency":"solid","name":"strong coffee","nameClean":"coffee","original":"1/2 cup of strong coffee decoction","originalString":"1/2 cup of strong coffee decoction","originalName":"strong coffee decoction","amount":0.5,"unit":"cup","meta":[],"metaInformation":[],"measures":{"us":{"amount":0.5,"unitShort":"cups","unitLong":"cups"},"metric":{"amount":118.294,"unitShort":"ml","unitLong":"milliliters"}}}],"id":639456,"title":"Cinnamon Eggless Coffee Cake","readyInMinutes":45,"servings":6,"sourceUrl":"https://www.foodista.com/recipe/CJJNKPT5/cinnamon-eggless-coffee-cake","image":"https://spoonacular.com/recipeImages/639456-556x370.jpg","imageType":"jpg","summary":"Cinnamon Eggless Coffee Cake is a <b>lacto ovo vegetarian</b> breakfast. This recipe serves 6 and costs 58 cents per serving. One portion of this dish contains around <b>5g of protein</b>, <b>18g of fat</b>, and a total of <b>375 calories</b>. If you have vanillan essence, curd, salt, and a few other ingredients on hand, you can make it. Not a lot of people made this recipe, and 6 would say it hit the spot. This recipe is typical of Southern cuisine. From preparation to the plate, this recipe takes roughly <b>roughly 45 minutes</b>. It is brought to you by Foodista. With a spoonacular <b>score of 15%</b>, this dish is not so tremendous. Users who liked this recipe also liked <a href=\"https://spoonacular.com/recipes/eggless-dates-walnut-coffee-cake-eggless-cake-s-486685\">eggless dates walnut coffee cake | eggless cake s</a>, <a href=\"https://spoonacular.com/recipes/eggless-apple-cinnamon-muffin-eggless-muffins-622027\">Eggless Apple Cinnamon Muffin | Eggless muffins</a>, and <a href=\"https://spoonacular.com/recipes/mug-cinnamon-coffee-cake-with-coffee-mate-extra-sweet-creamy-562548\">Mug Cinnamon Coffee Cake with Coffee-mate Extra Sweet & Creamy</a>.","cuisines":["Southern"],"dishTypes":["morning meal","dessert","brunch","breakfast"],"diets":["lacto ovo vegetarian"],"occasions":[],"instructions":"Preheat the oven for 10 minutes at 180C. Grease a rectangular tin for baking the cake and keep it aside. Take a big vessel and sift the two kinds of flour with baking powder, coffee, powder, cinnamon powder and salt for at least three times.\nTake another vessel and beat powdered sugar and oil till it is light and fluffy , for about 10 minutes.\nAdd the curd, coffee decoction, vanilla essence and vinegar in the sugar and oil mixture and stir it thoroughly. Keep 1 tsp. of sugar aside.\nGently mix in the liquid mix in the dry flour. Mix the whole batter very lightly till it resembles a uniform paste. Do not over mix, just 10-12 strokes will do.\nPour the prepared batter in the baking tin and sprinkle 1 tsp. of sugar over it. Bake it at 180C for about 25-30 minutes or till done.\nInsert a clean knife and take it out, if it comes clean the cinnamon tea cake is ready, else bake it for few more minutes.\nTake out of the oven and let it cool on a wire rack. Cut it in desired shape and serve with tea or coffee. Stays good for a week.","analyzedInstructions":[{"name":"","steps":[{"number":1,"step":"Preheat the oven for 10 minutes at 180C. Grease a rectangular tin for baking the cake and keep it aside. Take a big vessel and sift the two kinds of flour with baking powder, coffee, powder, cinnamon powder and salt for at least three times.","ingredients":[{"id":1012010,"name":"ground cinnamon","localizedName":"ground cinnamon","image":"cinnamon.jpg"},{"id":18369,"name":"baking powder","localizedName":"baking powder","image":"white-powder.jpg"},{"id":14209,"name":"coffee","localizedName":"coffee","image":"brewed-coffee.jpg"},{"id":20081,"name":"all purpose flour","localizedName":"all purpose flour","image":"flour.png"},{"id":2047,"name":"salt","localizedName":"salt","image":"salt.jpg"}],"equipment":[{"id":404784,"name":"oven","localizedName":"oven","image":"oven.jpg","temperature":{"number":180.0,"unit":"Celsius"}}],"length":{"number":10,"unit":"minutes"}},{"number":2,"step":"Take another vessel and beat powdered sugar and oil till it is light and fluffy , for about 10 minutes.","ingredients":[{"id":19336,"name":"powdered sugar","localizedName":"powdered sugar","image":"powdered-sugar.jpg"},{"id":4582,"name":"cooking oil","localizedName":"cooking oil","image":"vegetable-oil.jpg"}],"equipment":[],"length":{"number":10,"unit":"minutes"}},{"number":3,"step":"Add the curd, coffee decoction, vanilla essence and vinegar in the sugar and oil mixture and stir it thoroughly. Keep 1 tsp. of sugar aside.","ingredients":[{"id":1012050,"name":"artificial vanilla","localizedName":"artificial vanilla","image":"vanilla-extract.jpg"},{"id":2053,"name":"vinegar","localizedName":"vinegar","image":"vinegar-(white).jpg"},{"id":14209,"name":"coffee","localizedName":"coffee","image":"brewed-coffee.jpg"},{"id":19335,"name":"sugar","localizedName":"sugar","image":"sugar-in-bowl.png"},{"id":4582,"name":"cooking oil","localizedName":"cooking oil","image":"vegetable-oil.jpg"}],"equipment":[]},{"number":4,"step":"Gently mix in the liquid mix in the dry flour.","ingredients":[{"id":20081,"name":"all purpose flour","localizedName":"all purpose flour","image":"flour.png"}],"equipment":[]},{"number":5,"step":"Mix the whole batter very lightly till it resembles a uniform paste. Do not over mix, just 10-12 strokes will do.","ingredients":[],"equipment":[]},{"number":6,"step":"Pour the prepared batter in the baking tin and sprinkle 1 tsp. of sugar over it.","ingredients":[{"id":19335,"name":"sugar","localizedName":"sugar","image":"sugar-in-bowl.png"}],"equipment":[]},{"number":7,"step":"Bake it at 180C for about 25-30 minutes or till done.","ingredients":[],"equipment":[{"id":404784,"name":"oven","localizedName":"oven","image":"oven.jpg","temperature":{"number":180.0,"unit":"Celsius"}}],"length":{"number":30,"unit":"minutes"}},{"number":8,"step":"Insert a clean knife and take it out, if it comes clean the cinnamon tea cake is ready, else bake it for few more minutes.","ingredients":[{"id":2010,"name":"cinnamon","localizedName":"cinnamon","image":"cinnamon.jpg"},{"id":14355,"name":"tea","localizedName":"tea","image":"tea-bags.jpg"}],"equipment":[{"id":404784,"name":"oven","localizedName":"oven","image":"oven.jpg"},{"id":404745,"name":"knife","localizedName":"knife","image":"chefs-knife.jpg"}]},{"number":9,"step":"Take out of the oven and let it cool on a wire rack.","ingredients":[],"equipment":[{"id":405900,"name":"wire rack","localizedName":"wire rack","image":"wire-rack.jpg"},{"id":404784,"name":"oven","localizedName":"oven","image":"oven.jpg"}]},{"number":10,"step":"Cut it in desired shape and serve with tea or coffee. Stays good for a week.","ingredients":[{"id":14209,"name":"coffee","localizedName":"coffee","image":"brewed-coffee.jpg"},{"id":14355,"name":"tea","localizedName":"tea","image":"tea-bags.jpg"}],"equipment":[]}]}],"originalId":null,"spoonacularSourceUrl":"https://spoonacular.com/cinnamon-eggless-coffee-cake-639456"}]}