{"recipes":[{"vegetarian":false,"vegan":false,"glutenFree":true,"dairyFree":true,"veryHealthy":false,"cheap":false,"veryPopular":false,"sustainable":false,"weightWatcherSmartPoints":10,"gaps":"no","lowFodmap":false,"aggregateLikes":33,"spoonacularScore":92.0,"healthScore":49.0,"creditsText":"Foodista.com – The Cooking Encyclopedia Everyone Can Edit","license":"CC BY 3.0","sourceName":"Foodista","pricePerServing":216.66,"extendedIngredients":[{"id":2004,"aisle":"Spices and Seasonings","image":"bay-leaves.jpg","consistency":"solid","name":"bay leaves","nameClean":"bay leaves","original":"2 bay leaves","originalString":"2 bay leaves","originalName":"bay leaves","amount":2.0,"unit":"","meta":[],"metaInformation":[],"measures":{"us":{"amount":2.0,"unitShort":"","unitLong":""},"metric":{"amount":2.0,"unitShort":"","unitLong":""}}},{"id":6008,"aisle":"Canned and Jarred","image":"beef-broth.png","consistency":"liquid","name":"beef broth","nameClean":"beef broth","original":"3 1/2 cups beef broth","originalString":"3 1/2 cups beef broth","originalName":"beef broth","amount":3.5,"unit":"cups","meta":[],"metaInformation":[],"measures":{"us":{"amount":3.5,"unitShort":"cups","unitLong":"cups"},"metric":{"amount":828.058,"unitShort":"ml","unitLong":"milliliters"}}},{"id":1022030,"aisle":"Spices and Seasonings","image":"black-pepper.png","consistency":"solid","name":"black peppercorns","nameClean":"black peppercorns","original":"10 black peppercorns","originalString":"10 black peppercorns","originalName":"black peppercorns","amount":10.0,"unit":"","meta":["black"],"metaInformation":["black"],"measures":{"us":{"amount":10.0,"unitShort":"","unitLong":""},"metric":{"amount":10.0,"unitShort":"","unitLong":""}}},{"id":11124,"aisle":"Produce","image":"sliced-carrot.png","consistency":"solid","name":"carrots","nameClean":"carrot","original":"5 medium carrots, cut into 2-inch pieces (about 2 1/2 cups)","originalString":"5 medium carrots, cut into 2-inch pieces (about 2 1/2 cups)","originalName":"carrots, cut into 2-inch pieces (about 2 1/2 cups)","amount":5.0,"unit":"medium","meta":["cut into 2-inch pieces ( 2 1/2 cups)"],"metaInformation":["cut into 2-inch pieces ( 2 1/2 cups)"],"measures":{"us":{"amount":5.0,"unitShort":"medium","unitLong":"mediums"},"metric":{"amount":5.0,"unitShort":"medium","unitLong":"mediums"}}},{"id":2048,"aisle":"Oil, Vinegar, Salad Dressing","image":"apple-cider-vinegar.jpg","consistency":"liquid","name":"cider vinegar","nameClean":"apple cider vinegar","original":"1/4 cup cider vinegar","originalString":"1/4 cup cider vinegar","originalName":"cider vinegar","amount":0.25,"unit":"cup","meta":[],"metaInformation":[],"measures":{"us":{"amount":0.25,"unitShort":"cups","unitLong":"cups"},"metric":{"amount":59.147,"unitShort":"ml","unitLong":"milliliters"}}},{"id":10013346,"aisle":"Meat","image":"beef-brisket.png","consistency":"solid","name":"corned beef brisket","nameClean":"corned beef brisket","original":"1 corned beef brisket (about 3 pounds)","originalString":"1 corned beef brisket (about 3 pounds)","originalName":"corned beef brisket (about","amount":3.0,"unit":"pounds","meta":[],"metaInformation":[],"measures":{"us":{"amount":3.0,"unitShort":"lb","unitLong":"pounds"},"metric":{"amount":1.361,"unitShort":"kilogram","unitLong":"kilograms"}}},{"id":11215,"aisle":"Produce","image":"garlic.png","consistency":"solid","name":"garlic cloves","nameClean":"garlic","original":"5 garlic cloves","originalString":"5 garlic cloves","originalName":"garlic cloves","amount":5.0,"unit":"","meta":[],"metaInformation":[],"measures":{"us":{"amount":5.0,"unitShort":"","unitLong":""},"metric":{"amount":5.0,"unitShort":"","unitLong":""}}},{"id":11109,"aisle":"Produce","image":"cabbage.jpg","consistency":"solid","name":"green cabbage","nameClean":"cabbage","original":"1 head green cabbage, trimmed and cut into 6 wedges (about 2 pounds)","originalString":"1 head green cabbage, trimmed and cut into 6 wedges (about 2 pounds)","originalName":"green cabbage, trimmed and cut into 6 wedges (about 2 pounds)","amount":1.0,"unit":"head","meta":["green","trimmed","cut into 6 wedges ( 2 pounds)"],"metaInformation":["green","trimmed","cut into 6 wedges ( 2 pounds)"],"measures":{"us":{"amount":1.0,"unitShort":"head","unitLong":"head"},"metric":{"amount":1.0,"unitShort":"head","unitLong":"head"}}},{"id":11282,"aisle":"Produce","image":"brown-onion.png","consistency":"solid","name":"onions","nameClean":"onion","original":"2 medium onions, cut into quarters","originalString":"2 medium onions, cut into quarters","originalName":"onions, cut into quarters","amount":2.0,"unit":"medium","meta":["cut into quarters"],"metaInformation":["cut into quarters"],"measures":{"us":{"amount":2.0,"unitShort":"medium","unitLong":"mediums"},"metric":{"amount":2.0,"unitShort":"medium","unitLong":"mediums"}}},{"id":11352,"aisle":"Produce","image":"potatoes-yukon-gold.png","consistency":"solid","name":"potatoes","nameClean":"potato","original":"5 medium potatoes, peeled and cut into quarters (about 5 cups)","originalString":"5 medium potatoes, peeled and cut into quarters (about 5 cups)","originalName":"potatoes, peeled and cut into quarters (about 5 cups)","amount":5.0,"unit":"medium","meta":["peeled","cut into quarters ( 5 cups)"],"metaInformation":["peeled","cut into quarters ( 5 cups)"],"measures":{"us":{"amount":5.0,"unitShort":"medium","unitLong":"mediums"},"metric":{"amount":5.0,"unitShort":"medium","unitLong":"mediums"}}},{"id":2049,"aisle":"Produce;Spices and Seasonings","image":"thyme.jpg","consistency":"solid","name":"thyme","nameClean":"thyme","original":"2 sprigs of thyme","originalString":"2 sprigs of thyme","originalName":"thyme","amount":2.0,"unit":"sprigs","meta":[],"metaInformation":[],"measures":{"us":{"amount":2.0,"unitShort":"sprigs","unitLong":"sprigs"},"metric":{"amount":2.0,"unitShort":"sprigs","unitLong":"sprigs"}}}],"id":660266,"title":"Slow Cooked Corned Beef and Cabbage","readyInMinutes":500,"servings":10,"sourceUrl":"http://www.foodista.com/recipe/K8HQB7RM/slow-cooked-corned-beef-and-cabbage","image":"https://spoonacular.com/recipeImages/660266-556x370.jpg","imageType":"jpg","summary":"Slow Cooked Corned Beef and Cabbage could be just the <b>gluten free and dairy free</b> recipe you've been looking for. This recipe makes 10 servings with <b>385 calories</b>, <b>25g of protein</b>, and <b>21g of fat</b> each. For <b>$2.17 per serving</b>, this recipe <b>covers 32%</b> of your daily requirements of vitamins and minerals. A mixture of bay leaves, onions, potatoes, and a handful of other ingredients are all it takes to make this recipe so scrumptious. A few people made this recipe, and 33 would say it hit the spot. It works well as a budget friendly main course. From preparation to the plate, this recipe takes approximately <b>8 hours and 20 minutes</b>. It will be a hit at your <b>st. patrick day</b> event. This recipe is typical of European cuisine. It is brought to you by Foodista. Taking all factors into account, this recipe <b>earns a spoonacular score of 99%</b>, which is excellent. <a href=\"https://spoonacular.com/recipes/slow-cooked-corned-beef-and-cabbage-93151\">Slow Cooked Corned Beef and Cabbage</a>, <a href=\"https://spoonacular.com/recipes/slow-cooked-corned-beef-378244\">Slow-Cooked Corned Beef</a>, and <a href=\"https://spoonacular.com/recipes/slow-cooked-corned-beef-dinner-165331\">Slow-Cooked Corned Beef Dinner</a> are very similar to this recipe.","cuisines":["European","Irish"],"dishTypes":["lunch","main course","main dish","dinner"],"diets":["gluten free","dairy free"],"occasions":["st patricks day"],"instructions":"<ol><li>Stir the broth and vinegar into a 6-quart slow cooker. Add the onions, potatoes, carrots, beef and cabbage. Submerge the Bouquet Garni (last four ingredients) in the broth mixture.</li><li>Cover and cook on LOW for 8 to 9 hours or until the beef is fork-tender. Remove the Bouquet Garni.</li></ol>","analyzedInstructions":[{"name":"","steps":[{"number":1,"step":"Stir the broth and vinegar into a 6-quart slow cooker.","ingredients":[{"id":2053,"name":"vinegar","localizedName":"vinegar","image":"vinegar-(white).jpg"},{"id":1006615,"name":"broth","localizedName":"broth","image":"chicken-broth.png"}],"equipment":[{"id":404718,"name":"slow cooker","localizedName":"slow cooker","image":"slow-cooker.jpg"}]},{"number":2,"step":"Add the onions, potatoes, carrots, beef and cabbage. Submerge the Bouquet Garni (last four ingredients) in the broth mixture.Cover and cook on LOW for 8 to 9 hours or until the beef is fork-tender.","ingredients":[{"id":1012023,"name":"bouquet garni","localizedName":"bouquet garni","image":"mixed-fresh-herbs.jpg"},{"id":11352,"name":"potato","localizedName":"potato","image":"potatoes-yukon-gold.png"},{"id":11109,"name":"cabbage","localizedName":"cabbage","image":"cabbage.jpg"},{"id":11124,"name":"carrot","localizedName":"carrot","image":"sliced-carrot.png"},{"id":11282,"name":"onion","localizedName":"onion","image":"brown-onion.png"},{"id":1006615,"name":"broth","localizedName":"broth","image":"chicken-broth.png"},{"id":23572,"name":"beef","localizedName":"beef","image":"beef-cubes-raw.png"}],"equipment":[],"length":{"number":540,"unit":"minutes"}},{"number":3,"step":"Remove the Bouquet Garni.","ingredients":[{"id":1012023,"name":"bouquet garni","localizedName":"bouquet garni","image":"mixed-fresh-herbs.jpg"}],"equipment":[]}]}],"originalId":null,"spoonacularSourceUrl":"https://spoonacular.com/slow-cooked-corned-beef-and-cabbage-660266"},{"vegetarian":false,"vegan":false,"glutenFree":false,"dairyFree":false,"veryHealthy":false,"cheap":false,"veryPopular":false,"sustainable":false,"weightWatcherSmartPoints":16,"gaps":"no","lowFodmap":false,"aggregateLikes":32,"spoonacularScore":88.0,"healthScore":30.0,"creditsText":"Afrolems","license":"CC BY 4.0","sourceName":"Afrolems","pricePerServing":186.32,"extendedIngredients":[{"id":18079,"aisle":"Pasta and Rice","image":"breadcrumbs.jpg","consistency":"solid","name":"breadcrumbs","nameClean":"breadcrumbs","original":"2 cups of Breadcrumbs","originalString":"2 cups of Breadcrumbs","originalName":"Breadcrumbs","amount":2.0,"unit":"cups","meta":[],"metaInformation":[],"measures":{"us":{"amount":2.0,"unitShort":"cups","unitLong":"cups"},"metric":{"amount":473.176,"unitShort":"ml","unitLong":"milliliters"}}},{"id":1082034,"aisle":"Spices and Seasonings","image":"seasoning.jpg","consistency":"solid","name":"chicken seasoning","nameClean":"chicken seasoning","original":"Chicken Seasoning cubes","originalString":"Chicken Seasoning cubes","originalName":"Chicken Seasoning","amount":1.0,"unit":"cubes","meta":[],"metaInformation":[],"measures":{"us":{"amount":1.0,"unitShort":"cubes","unitLong":"cube"},"metric":{"amount":1.0,"unitShort":"cubes","unitLong":"cube"}}},{"id":13346,"aisle":"Meat","image":"corned-beef.png","consistency":"solid","name":"corned beef","nameClean":"corned beef","original":"1 can of Corned Beef","originalString":"1 can of Corned Beef","originalName":"Corned Beef","amount":1.0,"unit":"can","meta":[],"metaInformation":[],"measures":{"us":{"amount":1.0,"unitShort":"can","unitLong":"can"},"metric":{"amount":1.0,"unitShort":"can","unitLong":"can"}}},{"id":1123,"aisle":"Milk, Eggs, Other Dairy","image":"egg.png","consistency":"solid","name":"eggs","nameClean":"egg","original":"2 Eggs","originalString":"2 Eggs","originalName":"Eggs","amount":2.0,"unit":"","meta":[],"metaInformation":[],"measures":{"us":{"amount":2.0,"unitShort":"","unitLong":""},"metric":{"amount":2.0,"unitShort":"","unitLong":""}}},{"id":1077,"aisle":"Milk, Eggs, Other Dairy","image":"milk.png","consistency":"liquid","name":"milk","nameClean":"milk","original":"1/4 cup of Milk","originalString":"1/4 cup of Milk","originalName":"Milk","amount":0.25,"unit":"cup","meta":[],"metaInformation":[],"measures":{"us":{"amount":0.25,"unitShort":"cups","unitLong":"cups"},"metric":{"amount":59.147,"unitShort":"ml","unitLong":"milliliters"}}},{"id":4582,"aisle":"Oil, Vinegar, Salad Dressing","image":"vegetable-oil.jpg","consistency":"liquid","name":"oil","nameClean":"cooking oil","original":"Oil for deep frying","originalString":"Oil for deep frying","originalName":"Oil for deep frying","amount":3.0,"unit":"servings","meta":["for deep frying"],"metaInformation":["for deep frying"],"measures":{"us":{"amount":3.0,"unitShort":"servings","unitLong":"servings"},"metric":{"amount":3.0,"unitShort":"servings","unitLong":"servings"}}},{"id":11282,"aisle":"Produce","image":"brown-onion.png","consistency":"solid","name":"onion","nameClean":"onion","original":"1/2 bulb of Onion","originalString":"1/2 bulb of Onion","originalName":"bulb of Onion","amount":0.5,"unit":"","meta":[],"metaInformation":[],"measures":{"us":{"amount":0.5,"unitShort":"","unitLong":""},"metric":{"amount":0.5,"unitShort":"","unitLong":""}}},{"id":11297,"aisle":"Produce;Spices and Seasonings","image":"parsley.jpg","consistency":"solid","name":"parsley","nameClean":"parsley","original":"1 Tablespoon of Chopped Parsley","originalString":"1 Tablespoon of Chopped Parsley","originalName":"Chopped Parsley","amount":1.0,"unit":"Tablespoon","meta":["chopped"],"metaInformation":["chopped"],"measures":{"us":{"amount":1.0,"unitShort":"Tbsp","unitLong":"Tbsp"},"metric":{"amount":1.0,"unitShort":"Tbsp","unitLong":"Tbsp"}}},{"id":11352,"aisle":"Produce","image":"potatoes-yukon-gold.png","consistency":"solid","name":"potatoes","nameClean":"potato","original":"2 Irish Potatoes","originalString":"2 Irish Potatoes","originalName":"Irish Potatoes","amount":2.0,"unit":"","meta":[],"metaInformation":[],"measures":{"us":{"amount":2.0,"unitShort":"","unitLong":""},"metric":{"amount":2.0,"unitShort":"","unitLong":""}}},{"id":10011819,"aisle":"Produce;Ethnic Foods","image":"habanero-pepper.jpg","consistency":"solid","name":"scotch bonnet pepper","nameClean":"scotch bonnet chili","original":"1 Scotch bonnet Pepper","originalString":"1 Scotch bonnet Pepper","originalName":"Scotch bonnet Pepper","amount":1.0,"unit":"","meta":[],"metaInformation":[],"measures":{"us":{"amount":1.0,"unitShort":"","unitLong":""},"metric":{"amount":1.0,"unitShort":"","unitLong":""}}}],"id":797177,"title":"Corned Beef Cakes","readyInMinutes":45,"servings":3,"sourceUrl":"http://www.afrolems.com/2016/08/08/corned-beef-cakes/","image":"https://spoonacular.com/recipeImages/797177-556x370.jpg","imageType":"jpg","summary":"For <b>$1.86 per serving</b>, this recipe <b>covers 32%</b> of your daily requirements of vitamins and minerals. One serving contains <b>576 calories</b>, <b>28g of protein</b>, and <b>19g of fat</b>. This recipe is liked by 32 foodies and cooks. From preparation to the plate, this recipe takes roughly <b>45 minutes</b>. A mixture of bulb of onion, eggs, milk, and a handful of other ingredients are all it takes to make this recipe so flavorful. All things considered, we decided this recipe <b>deserves a spoonacular score of 89%</b>. This score is spectacular. Similar recipes include <a href=\"https://spoonacular.com/recipes/corned-beef-57742\">Corned Beef</a>, <a href=\"https://spoonacular.com/recipes/corned-beef-119292\">Corned Beef</a>, and <a href=\"https://spoonacular.com/recipes/corned-beef-296797\">Corned Beef</a>.","cuisines":[],"dishTypes":["lunch","main course","main dish","dinner"],"diets":[],"occasions":[],"instructions":"Wash, peel and boil your potatoes with a pinch of chicken seasoningMash the potatoes and set aside.Mash the corned beef and combine the potatoes, add the chopped onions, parsley, chopped pepper, seasoning and set aside.Whisk the eggs with the milk and pour 3 tablespoons of the mix into the mashed corned beef and potato mix. Scoop a small portion of your mix and mould. Dip it in the egg mix and roll in the breadcrumbs and set aside.In a pan of hot oil, deep fry the corned beef cakes till golden brown. P:S – Place the cakes in gently and also take out gently as this is a softer cake and may crumble easily","analyzedInstructions":[{"name":"","steps":[{"number":1,"step":"Wash, peel and boil your potatoes with a pinch of chicken seasoning","ingredients":[{"id":1082034,"name":"chicken seasoning","localizedName":"chicken seasoning","image":"seasoning.jpg"},{"id":11352,"name":"potato","localizedName":"potato","image":"potatoes-yukon-gold.png"}],"equipment":[]},{"number":2,"step":"Mash the potatoes and set aside.Mash the corned beef and combine the potatoes, add the chopped onions, parsley, chopped pepper, seasoning and set aside.","ingredients":[{"id":13346,"name":"corned beef","localizedName":"corned beef","image":"corned-beef.png"},{"id":1042027,"name":"seasoning","localizedName":"seasoning","image":"seasoning.png"},{"id":11352,"name":"potato","localizedName":"potato","image":"potatoes-yukon-gold.png"},{"id":11297,"name":"parsley","localizedName":"parsley","image":"parsley.jpg"},{"id":11282,"name":"onion","localizedName":"onion","image":"brown-onion.png"},{"id":1002030,"name":"pepper","localizedName":"pepper","image":"pepper.jpg"}],"equipment":[]},{"number":3,"step":"Whisk the eggs with the milk and pour 3 tablespoons of the mix into the mashed corned beef and potato mix. Scoop a small portion of your mix and mould. Dip it in the egg mix and roll in the breadcrumbs and set aside.In a pan of hot oil, deep fry the corned beef cakes till golden brown. P:S –","ingredients":[{"id":18079,"name":"breadcrumbs","localizedName":"breadcrumbs","image":"breadcrumbs.jpg"},{"id":13346,"name":"corned beef","localizedName":"corned beef","image":"corned-beef.png"},{"id":11352,"name":"potato","localizedName":"potato","image":"potatoes-yukon-gold.png"},{"id":1123,"name":"egg","localizedName":"egg","image":"egg.png"},{"id":1077,"name":"milk","localizedName":"milk","image":"milk.png"},{"id":0,"name":"roll","localizedName":"roll","image":"dinner-yeast-rolls.jpg"},{"id":0,"name":"dip","localizedName":"dip","image":""},{"id":4582,"name":"cooking oil","localizedName":"cooking oil","image":"vegetable-oil.jpg"}],"equipment":[{"id":404661,"name":"whisk","localizedName":"whisk","image":"whisk.png"},{"id":404645,"name":"frying pan","localizedName":"frying pan","image":"pan.png"}]},{"number":4,"step":"Place the cakes in gently and also take out gently as this is a softer cake and may crumble easily","ingredients":[],"equipment":[]}]}],"originalId":null,"spoonacularSourceUrl":"https://spoonacular.com/corned-beef-cakes-797177"},{"vegetarian":false,"vegan":false,"glutenFree":false,"dairyFree":true,"veryHealthy":true,"cheap":false,"veryPopular":false,"sustainable":false,"weightWatcherSmartPoints":13,"gaps":"no","lowFodmap":false,"aggregateLikes":6,"spoonacularScore":89.0,"healthScore":63.0,"creditsText":"Foodista.com – The Cooking Encyclopedia Everyone Can Edit","license":"CC BY 3.0","sourceName":"Foodista","pricePerServing":294.05,"extendedIngredients":[{"id":10013346,"aisle":"Meat","image":"beef-brisket.png","consistency":"solid","name":"corned beef brisket","nameClean":"corned beef brisket","original":"2 pounds corned beef brisket","originalString":"2 pounds corned beef brisket","originalName":"corned beef brisket","amount":2.0,"unit":"pounds","meta":[],"metaInformation":[],"measures":{"us":{"amount":2.0,"unitShort":"lb","unitLong":"pounds"},"metric":{"amount":907.185,"unitShort":"g","unitLong":"grams"}}},{"id":11124,"aisle":"Produce","image":"sliced-carrot.png","consistency":"solid","name":"carrots","nameClean":"carrot","original":"1 pound carrots, roughly chopped","originalString":"1 pound carrots, roughly chopped","originalName":"carrots, roughly chopped","amount":1.0,"unit":"pound","meta":["roughly chopped"],"metaInformation":["roughly chopped"],"measures":{"us":{"amount":1.0,"unitShort":"lb","unitLong":"pound"},"metric":{"amount":453.592,"unitShort":"g","unitLong":"grams"}}},{"id":11298,"aisle":"Produce","image":"parsnip.jpg","consistency":"solid","name":"parsnips","nameClean":"parsnip","original":"1 pound parsnips, roughly chopped","originalString":"1 pound parsnips, roughly chopped","originalName":"parsnips, roughly chopped","amount":1.0,"unit":"pound","meta":["roughly chopped"],"metaInformation":["roughly chopped"],"measures":{"us":{"amount":1.0,"unitShort":"lb","unitLong":"pound"},"metric":{"amount":453.592,"unitShort":"g","unitLong":"grams"}}},{"id":11352,"aisle":"Produce","image":"potatoes-yukon-gold.png","consistency":"solid","name":"potatoes","nameClean":"potato","original":"3 large potatoes, peeled and quartered","originalString":"3 large potatoes, peeled and quartered","originalName":"potatoes, peeled and quartered","amount":3.0,"unit":"large","meta":["peeled","quartered"],"metaInformation":["peeled","quartered"],"measures":{"us":{"amount":3.0,"unitShort":"large","unitLong":"larges"},"metric":{"amount":3.0,"unitShort":"large","unitLong":"larges"}}},{"id":11215,"aisle":"Produce","image":"garlic.png","consistency":"solid","name":"garlic","nameClean":"garlic","original":"2 cloves garlic, minced","originalString":"2 cloves garlic, minced","originalName":"garlic, minced","amount":2.0,"unit":"cloves","meta":["minced"],"metaInformation":["minced"],"measures":{"us":{"amount":2.0,"unitShort":"cloves","unitLong":"cloves"},"metric":{"amount":2.0,"unitShort":"cloves","unitLong":"cloves"}}},{"id":93619,"aisle":"Alcoholic Beverages","image":"guinness.png","consistency":"liquid","name":"guinness","nameClean":"stout","original":"2 cups Guinness","originalString":"2 cups Guinness","originalName":"Guinness","amount":2.0,"unit":"cups","meta":[],"metaInformation":[],"measures":{"us":{"amount":2.0,"unitShort":"cups","unitLong":"cups"},"metric":{"amount":473.176,"unitShort":"ml","unitLong":"milliliters"}}},{"id":6008,"aisle":"Canned and Jarred","image":"beef-broth.png","consistency":"liquid","name":"beef broth","nameClean":"beef broth","original":"2 cups beef broth","originalString":"2 cups beef broth","originalName":"beef broth","amount":2.0,"unit":"cups","meta":[],"metaInformation":[],"measures":{"us":{"amount":2.0,"unitShort":"cups","unitLong":"cups"},"metric":{"amount":473.176,"unitShort":"ml","unitLong":"milliliters"}}},{"id":1012034,"aisle":"Spices and Seasonings","image":"seasoning.png","consistency":"solid","name":"Spice Rub","nameClean":"dry seasoning rub","original":"2 tablespoons pickling spice","originalString":"2 tablespoons pickling spice","originalName":"pickling spice","amount":2.0,"unit":"tablespoons","meta":[],"metaInformation":[],"measures":{"us":{"amount":2.0,"unitShort":"Tbsps","unitLong":"Tbsps"},"metric":{"amount":2.0,"unitShort":"Tbsps","unitLong":"Tbsps"}}},{"id":19334,"aisle":"Baking","image":"light-brown-sugar.jpg","consistency":"solid","name":"brown sugar","nameClean":"golden brown sugar","original":"1 tablespoon brown sugar","originalString":"1 tablespoon brown sugar","originalName":"brown sugar","amount":1.0,"unit":"tablespoon","meta":[],"metaInformation":[],"measures":{"us":{"amount":1.0,"unitShort":"Tbsp","unitLong":"Tbsp"},"metric":{"amount":1.0,"unitShort":"Tbsp","unitLong":"Tbsp"}}},{"id":2004,"aisle":"Spices and Seasonings","image":"bay-leaves.jpg","consistency":"solid","name":"bay leaf","nameClean":"bay leaves","original":"1 bay leaf","originalString":"1 bay leaf","originalName":"bay leaf","amount":1.0,"unit":"","meta":[],"metaInformation":[],"measures":{"us":{"amount":1.0,"unitShort":"","unitLong":""},"metric":{"amount":1.0,"unitShort":"","unitLong":""}}},{"id":99227,"aisle":"Condiments","image":"regular-mustard.jpg","consistency":"liquid","name":"honey mustard","nameClean":"honey mustard","original":"3 spicy honey mustard","originalString":"3 spicy honey mustard","originalName":"spicy honey mustard","amount":3.0,"unit":"","meta":[],"metaInformation":[],"measures":{"us":{"amount":3.0,"unitShort":"","unitLong":""},"metric":{"amount":3.0,"unitShort":"","unitLong":""}}}],"id":646034,"title":"Guinness Braised Corned Beef and Cabbage","readyInMinutes":45,"servings":6,"sourceUrl":"https://www.foodista.com/recipe/5NNYR6RD/guinness-braised-corned-beef-and-cabbage","image":"https://spoonacular.com/recipeImages/646034-556x370.jpg","imageType":"jpg","summary":"Guinness Braised Corned Beef and Cabbage requires approximately <b>approximately 45 minutes</b> from start to finish. This recipe serves 6. This main course has <b>541 calories</b>, <b>30g of protein</b>, and <b>23g of fat</b> per serving. For <b>$2.94 per serving</b>, this recipe <b>covers 39%</b> of your daily requirements of vitamins and minerals. 6 people have tried and liked this recipe. It can be enjoyed any time, but it is especially good for <b>st. patrick day</b>. This recipe from Foodista requires corned beef brisket, carrots, garlic, and brown sugar. This recipe is typical of European cuisine. It is a good option if you're following a <b>dairy free</b> diet. With a spoonacular <b>score of 89%</b>, this dish is great. <a href=\"https://spoonacular.com/recipes/guinness-corned-beef-and-cabbage-555600\">Guinness Corned Beef and Cabbage</a>, <a href=\"https://spoonacular.com/recipes/guinness-corned-beef-and-cabbage-431963\">Guinness Corned Beef and Cabbage</a>, and <a href=\"https://spoonacular.com/recipes/guinness-corned-beef-and-cabbage-527562\">guinness corned beef and cabbage</a> are very similar to this recipe.","cuisines":["European","Irish"],"dishTypes":["lunch","main course","main dish","dinner"],"diets":["dairy free"],"occasions":["father's day","st patricks day"],"instructions":"Season both sides of the corned beef liberally with pepper. The corning of the beef makes the beef salty enough, so no need to add more.\nHeat 1 TBSP oil in a large, shallow oven-safe pot over medium-high heat. Add beef and sear each side for about 3 minutes, just to develop a nice brown crust. This will seal in the beef's juices.\nRemove beef to a plate. Pour guinness into the pot to deglaze. Scrape up any browned bits. Add beef broth, pickling spice, brown sugar, bay leaf, and minced garlic. Bring mixture up to a simmer.\nReturn the beef to the pot with any additional juices that have accumulated on the plate.\nCover the pot and place on the bottom rack in your oven. Bake for 2 1/2 - 3 hours, or until a fork can easily be inserted into the meat.\nBaste the meat with the surrounding juices every 30 minutes or so.\nAfter 2 hours, add carrots, parsnips, and potatoes to the pot. They will only take about 25-30 minutes of simmering to cook.\nRemove pot from the oven. Place beef on a cutting board and let it rest for 15 minutes before carving into thin slices (cut against the grain of the meat). Remove vegetables and arrange them on a serving platter. Cover with foil. Place the pot on the burner and bring sauce to a boil. Add cabbage and cook for about 7 minutes, until it has softened. Place the cabbage on the serving platter with the other vegetables.\nStrain the sauce in the pot and stir in 2 or 3 TBSP of spicy honey mustard until dissolved. Place in a small dish or gravy boat with a ladle and serve alongside the beef.\nAfter slicing the beef and arranging it on the serving platter, ladle the guinness mustard sauce over the top to rehydrate and glaze the beef and vegetables.","analyzedInstructions":[{"name":"","steps":[{"number":1,"step":"Season both sides of the corned beef liberally with pepper. The corning of the beef makes the beef salty enough, so no need to add more.","ingredients":[{"id":13346,"name":"corned beef","localizedName":"corned beef","image":"corned-beef.png"},{"id":1002030,"name":"pepper","localizedName":"pepper","image":"pepper.jpg"},{"id":23572,"name":"beef","localizedName":"beef","image":"beef-cubes-raw.png"}],"equipment":[]},{"number":2,"step":"Heat 1 TBSP oil in a large, shallow oven-safe pot over medium-high heat.","ingredients":[{"id":4582,"name":"cooking oil","localizedName":"cooking oil","image":"vegetable-oil.jpg"}],"equipment":[{"id":404784,"name":"oven","localizedName":"oven","image":"oven.jpg"},{"id":404752,"name":"pot","localizedName":"pot","image":"stock-pot.jpg"}]},{"number":3,"step":"Add beef and sear each side for about 3 minutes, just to develop a nice brown crust. This will seal in the beef's juices.","ingredients":[{"id":0,"name":"crust","localizedName":"crust","image":""},{"id":23572,"name":"beef","localizedName":"beef","image":"beef-cubes-raw.png"}],"equipment":[],"length":{"number":3,"unit":"minutes"}},{"number":4,"step":"Remove beef to a plate.","ingredients":[{"id":23572,"name":"beef","localizedName":"beef","image":"beef-cubes-raw.png"}],"equipment":[]},{"number":5,"step":"Pour guinness into the pot to deglaze. Scrape up any browned bits.","ingredients":[{"id":93619,"name":"guinness","localizedName":"guinness","image":"guinness.png"}],"equipment":[{"id":404752,"name":"pot","localizedName":"pot","image":"stock-pot.jpg"}]},{"number":6,"step":"Add beef broth, pickling spice, brown sugar, bay leaf, and minced garlic. Bring mixture up to a simmer.","ingredients":[{"id":0,"name":"minced garlic","localizedName":"minced garlic","image":"garlic.png"},{"id":19334,"name":"brown sugar","localizedName":"brown sugar","image":"dark-brown-sugar.png"},{"id":6008,"name":"beef broth","localizedName":"beef broth","image":"beef-broth.png"},{"id":2004,"name":"bay leaves","localizedName":"bay leaves","image":"bay-leaves.jpg"}],"equipment":[]},{"number":7,"step":"Return the beef to the pot with any additional juices that have accumulated on the plate.","ingredients":[{"id":23572,"name":"beef","localizedName":"beef","image":"beef-cubes-raw.png"}],"equipment":[{"id":404752,"name":"pot","localizedName":"pot","image":"stock-pot.jpg"}]},{"number":8,"step":"Cover the pot and place on the bottom rack in your oven.","ingredients":[],"equipment":[{"id":404784,"name":"oven","localizedName":"oven","image":"oven.jpg"},{"id":404752,"name":"pot","localizedName":"pot","image":"stock-pot.jpg"}]},{"number":9,"step":"Bake for 2 1/2 - 3 hours, or until a fork can easily be inserted into the meat.","ingredients":[{"id":1065062,"name":"meat","localizedName":"meat","image":"whole-chicken.jpg"}],"equipment":[{"id":404784,"name":"oven","localizedName":"oven","image":"oven.jpg"}],"length":{"number":180,"unit":"minutes"}},{"number":10,"step":"Baste the meat with the surrounding juices every 30 minutes or so.","ingredients":[{"id":1065062,"name":"meat","localizedName":"meat","image":"whole-chicken.jpg"}],"equipment":[],"length":{"number":30,"unit":"minutes"}},{"number":11,"step":"After 2 hours, add carrots, parsnips, and potatoes to the pot. They will only take about 25-30 minutes of simmering to cook.","ingredients":[{"id":11298,"name":"parsnip","localizedName":"parsnip","image":"parsnip.jpg"},{"id":11352,"name":"potato","localizedName":"potato","image":"potatoes-yukon-gold.png"},{"id":11124,"name":"carrot","localizedName":"carrot","image":"sliced-carrot.png"}],"equipment":[{"id":404752,"name":"pot","localizedName":"pot","image":"stock-pot.jpg"}],"length":{"number":150,"unit":"minutes"}},{"number":12,"step":"Remove pot from the oven.","ingredients":[],"equipment":[{"id":404784,"name":"oven","localizedName":"oven","image":"oven.jpg"},{"id":404752,"name":"pot","localizedName":"pot","image":"stock-pot.jpg"}]},{"number":13,"step":"Place beef on a cutting board and let it rest for 15 minutes before carving into thin slices (cut against the grain of the meat).","ingredients":[{"id":0,"name":"grains","localizedName":"grains","image":""},{"id":23572,"name":"beef","localizedName":"beef","image":"beef-cubes-raw.png"},{"id":1065062,"name":"meat","localizedName":"meat","image":"whole-chicken.jpg"}],"equipment":[{"id":404716,"name":"cutting board","localizedName":"cutting board","image":"cutting-board.jpg"}],"length":{"number":15,"unit":"minutes"}},{"number":14,"step":"Remove vegetables and arrange them on a serving platter. Cover with foil.","ingredients":[{"id":11583,"name":"vegetable","localizedName":"vegetable","image":"mixed-vegetables.png"}],"equipment":[{"id":404765,"name":"aluminum foil","localizedName":"aluminum foil","image":"aluminum-foil.png"}]},{"number":15,"step":"Place the pot on the burner and bring sauce to a boil.","ingredients":[{"id":0,"name":"sauce","localizedName":"sauce","image":""}],"equipment":[{"id":404752,"name":"pot","localizedName":"pot","image":"stock-pot.jpg"}]},{"number":16,"step":"Add cabbage and cook for about 7 minutes, until it has softened.","ingredients":[{"id":11109,"name":"cabbage","localizedName":"cabbage","image":"cabbage.jpg"}],"equipment":[],"length":{"number":7,"unit":"minutes"}},{"number":17,"step":"Place the cabbage on the serving platter with the other vegetables.","ingredients":[{"id":11583,"name":"vegetable","localizedName":"vegetable","image":"mixed-vegetables.png"},{"id":11109,"name":"cabbage","localizedName":"cabbage","image":"cabbage.jpg"}],"equipment":[]},{"number":18,"step":"Strain the sauce in the pot and stir in 2 or 3 TBSP of spicy honey mustard until dissolved.","ingredients":[{"id":99227,"name":"honey mustard","localizedName":"honey mustard","image":"regular-mustard.jpg"},{"id":0,"name":"sauce","localizedName":"sauce","image":""}],"equipment":[{"id":404752,"name":"pot","localizedName":"pot","image":"stock-pot.jpg"}]},{"number":19,"step":"Place in a small dish or gravy boat with a ladle and serve alongside the beef.","ingredients":[{"id":6997,"name":"gravy","localizedName":"gravy","image":"gravy.jpg"},{"id":23572,"name":"beef","localizedName":"beef","image":"beef-cubes-raw.png"}],"equipment":[{"id":405912,"name":"gravy boat","localizedName":"gravy boat","image":"gravy-boat.jpg"},{"id":404630,"name":"ladle","localizedName":"ladle","image":"ladle.jpg"}]},{"number":20,"step":"After slicing the beef and arranging it on the serving platter, ladle the guinness mustard sauce over the top to rehydrate and glaze the beef and vegetables.","ingredients":[{"id":11583,"name":"vegetable","localizedName":"vegetable","image":"mixed-vegetables.png"},{"id":93619,"name":"guinness","localizedName":"guinness","image":"guinness.png"},{"id":2046,"name":"mustard","localizedName":"mustard","image":"regular-mustard.jpg"},{"id":0,"name":"glaze","localizedName":"glaze","image":""},{"id":0,"name":"sauce","localizedName":"sauce","image":""},{"id":23572,"name":"beef","localizedName":"beef","image":"beef-cubes-raw.png"}],"equipment":[{"id":404630,"name":"ladle","localizedName":"ladle","image":"ladle.jpg"}]}]}],"originalId":null,"spoonacularSourceUrl":"https://spoonacular.com/guinness-braised-corned-beef-and-cabbage-646034"},{"vegetarian":false,"vegan":false,"glutenFree":false,"dairyFree":true,"veryHealthy":true,"cheap":false,"veryPopular":false,"sustainable":false,"weightWatcherSmartPoints":27,"gaps":"no","lowFodmap":false,"aggregateLikes":6,"spoonacularScore":93.0,"healthScore":79.0,"creditsText":"Foodista.com – The Cooking Encyclopedia Everyone Can Edit","license":"CC BY 3.0","sourceName":"Foodista","pricePerServing":547.92,"extendedIngredients":[{"id":2004,"aisle":"Spices and Seasonings","image":"bay-leaves.jpg","consistency":"solid","name":"bay leaves","nameClean":"bay leaves","original":"4 Bay leaves","originalString":"4 Bay leaves","originalName":"Bay leaves","amount":4.0,"unit":"","meta":[],"metaInformation":[],"measures":{"us":{"amount":4.0,"unitShort":"","unitLong":""},"metric":{"amount":4.0,"unitShort":"","unitLong":""}}},{"id":1022030,"aisle":"Spices and Seasonings","image":"black-pepper.png","consistency":"solid","name":"black peppercorns","nameClean":"black peppercorns","original":"2 dozen whole black peppercorns","originalString":"2 dozen whole black peppercorns","originalName":"whole black peppercorns","amount":24.0,"unit":"","meta":["whole","black"],"metaInformation":["whole","black"],"measures":{"us":{"amount":24.0,"unitShort":"","unitLong":""},"metric":{"amount":24.0,"unitShort":"","unitLong":""}}},{"id":11109,"aisle":"Produce","image":"cabbage.jpg","consistency":"solid","name":"cabbage","nameClean":"cabbage","original":"1 small head cabbage, trimmed and quartered (I prefer Napa cabbage!)","originalString":"1 small head cabbage, trimmed and quartered (I prefer Napa cabbage!)","originalName":"cabbage, trimmed and quartered (I prefer Napa cabbage!)","amount":1.0,"unit":"small head","meta":["trimmed","quartered","(I prefer Napa cabbage!)"],"metaInformation":["trimmed","quartered","(I prefer Napa cabbage!)"],"measures":{"us":{"amount":1.0,"unitShort":"small head","unitLong":"small head"},"metric":{"amount":1.0,"unitShort":"small head","unitLong":"small head"}}},{"id":11124,"aisle":"Produce","image":"sliced-carrot.png","consistency":"solid","name":"carrots","nameClean":"carrot","original":"4 mediums carrots, peeled","originalString":"4 mediums carrots, peeled","originalName":"s carrots, peeled","amount":4.0,"unit":"medium","meta":["peeled"],"metaInformation":["peeled"],"measures":{"us":{"amount":4.0,"unitShort":"medium","unitLong":"mediums"},"metric":{"amount":4.0,"unitShort":"medium","unitLong":"mediums"}}},{"id":2048,"aisle":"Oil, Vinegar, Salad Dressing","image":"apple-cider-vinegar.jpg","consistency":"liquid","name":"cider vinegar","nameClean":"apple cider vinegar","original":"1 tablespoon cider vinegar","originalString":"1 tablespoon cider vinegar","originalName":"cider vinegar","amount":1.0,"unit":"tablespoon","meta":[],"metaInformation":[],"measures":{"us":{"amount":1.0,"unitShort":"Tbsp","unitLong":"Tbsp"},"metric":{"amount":1.0,"unitShort":"Tbsp","unitLong":"Tbsp"}}},{"id":13346,"aisle":"Meat","image":"corned-beef.png","consistency":"solid","name":"corned beef","nameClean":"corned beef","original":"2.5 pounds corned beef ribs","originalString":"2.5 pounds corned beef ribs","originalName":"corned beef ribs","amount":2.5,"unit":"pounds","meta":[],"metaInformation":[],"measures":{"us":{"amount":2.5,"unitShort":"lb","unitLong":"pounds"},"metric":{"amount":1.134,"unitShort":"kilogram","unitLong":"kilograms"}}},{"id":1002046,"aisle":"Condiments","image":"dijon-mustard.jpg","consistency":"liquid","name":"dijon mustard","nameClean":"creole mustard","original":"2 tablespoons Dijon mustard","originalString":"2 tablespoons Dijon mustard","originalName":"Dijon mustard","amount":2.0,"unit":"tablespoons","meta":[],"metaInformation":[],"measures":{"us":{"amount":2.0,"unitShort":"Tbsps","unitLong":"Tbsps"},"metric":{"amount":2.0,"unitShort":"Tbsps","unitLong":"Tbsps"}}},{"id":11215,"aisle":"Produce","image":"garlic.png","consistency":"solid","name":"garlic","nameClean":"garlic","original":"2 large cloves garlic, thinly sliced","originalString":"2 large cloves garlic, thinly sliced","originalName":"garlic, thinly sliced","amount":2.0,"unit":"large cloves","meta":["thinly sliced"],"metaInformation":["thinly sliced"],"measures":{"us":{"amount":2.0,"unitShort":"large cloves","unitLong":"large cloves"},"metric":{"amount":2.0,"unitShort":"large cloves","unitLong":"large cloves"}}},{"id":14006,"aisle":"Alcoholic Beverages","image":"beer.jpg","consistency":"liquid","name":"light beer","nameClean":"light beer","original":"1/4 cup light beer","originalString":"1/4 cup light beer","originalName":"light beer","amount":0.25,"unit":"cup","meta":["light"],"metaInformation":["light"],"measures":{"us":{"amount":0.25,"unitShort":"cups","unitLong":"cups"},"metric":{"amount":59.147,"unitShort":"ml","unitLong":"milliliters"}}},{"id":19334,"aisle":"Baking","image":"light-brown-sugar.jpg","consistency":"solid","name":"light brown sugar","nameClean":"golden brown sugar","original":"1/2 cup light brown sugar","originalString":"1/2 cup light brown sugar","originalName":"light brown sugar","amount":0.5,"unit":"cup","meta":["light"],"metaInformation":["light"],"measures":{"us":{"amount":0.5,"unitShort":"cups","unitLong":"cups"},"metric":{"amount":118.294,"unitShort":"ml","unitLong":"milliliters"}}},{"id":10511282,"aisle":"Produce","image":"brown-onion.png","consistency":"solid","name":"yellow onions","nameClean":"yellow onion","original":"2 mediums yellow onions, peeled and halved with root end intact","originalString":"2 mediums yellow onions, peeled and halved with root end intact","originalName":"s yellow onions, peeled and halved with root end intact","amount":2.0,"unit":"medium","meta":["yellow","with root end intact","peeled","halved"],"metaInformation":["yellow","with root end intact","peeled","halved"],"measures":{"us":{"amount":2.0,"unitShort":"medium","unitLong":"mediums"},"metric":{"amount":2.0,"unitShort":"medium","unitLong":"mediums"}}},{"id":11352,"aisle":"Produce","image":"potatoes-yukon-gold.png","consistency":"solid","name":"potatoes","nameClean":"potato","original":"4 mediums firm potatoes, peeled and halved","originalString":"4 mediums firm potatoes, peeled and halved","originalName":"s firm potatoes, peeled and halved","amount":4.0,"unit":"medium","meta":["firm","peeled","halved"],"metaInformation":["firm","peeled","halved"],"measures":{"us":{"amount":4.0,"unitShort":"medium","unitLong":"mediums"},"metric":{"amount":4.0,"unitShort":"medium","unitLong":"mediums"}}},{"id":14412,"aisle":"Beverages","image":"water.png","consistency":"liquid","name":"water","nameClean":"water","original":"2 quarts hot water","originalString":"2 quarts hot water","originalName":"hot water","amount":2.0,"unit":"quarts","meta":["hot"],"metaInformation":["hot"],"measures":{"us":{"amount":2.0,"unitShort":"qts","unitLong":"quarts"},"metric":{"amount":1.893,"unitShort":"l","unitLong":"liters"}}}],"id":640141,"title":"Corned Beef Ribs With Brown Sugar and Mustard Glaze","readyInMinutes":45,"servings":4,"sourceUrl":"http://www.foodista.com/recipe/N42YS3BX/corned-beef-ribs-with-brown-sugar-and-mustard-glaze","image":"https://spoonacular.com/recipeImages/640141-556x370.jpg","imageType":"jpg","summary":"Corned Beef Ribs With Brown Sugar and Mustard Glaze might be just the main course you are searching for. For <b>$5.55 per serving</b>, this recipe <b>covers 57%</b> of your daily requirements of vitamins and minerals. This recipe makes 4 servings with <b>907 calories</b>, <b>52g of protein</b>, and <b>43g of fat</b> each. Head to the store and pick up mediums onions, beer, dijon mustard, and a few other things to make it today. To use up the cider vinegar you could follow this main course with the <a href=\"https://spoonacular.com/recipes/vinegar-pie-239161\">Vinegar Pie</a> as a dessert. Not a lot of people made this recipe, and 6 would say it hit the spot. All things considered, we decided this recipe <b>deserves a spoonacular score of 94%</b>. This score is super. Try <a href=\"https://spoonacular.com/recipes/corned-beef-with-blackberry-mustard-glaze-527528\">Corned Beef with Blackberry Mustard Glaze</a>, <a href=\"https://spoonacular.com/recipes/corned-beef-with-marmalade-mustard-glaze-17073\">Corned Beef With Marmalade-Mustard Glaze</a>, and <a href=\"https://spoonacular.com/recipes/apple-and-brown-sugar-corned-beef-730748\">Apple and Brown Sugar Corned Beef</a> for similar recipes.","cuisines":[],"dishTypes":["lunch","main course","main dish","dinner"],"diets":["dairy free"],"occasions":[],"instructions":"<ol><li>Preheat an oven to 350</li><li>Stud the rinsed and peeled rack of corned beef ribs with the three cloves, fairly evenly spaced along the top meaty side of the ribs.</li><li>Place the ribs in a large, deep covered roasting pan or Dutch oven.</li><li>Sprinkle the peppercorns on top of the ribs along with the slices of garlic and the bay leaves.</li><li>Add enough water to just cover the ribs - this will vary depending on the size of your pan.</li><li>Put the pan, covered, into the oven and cook for one hour.</li><li>While the ribs are braising for the first hour, prepare the vegetables.</li><li>After the first hour, add all the vegetables, except for the cabbage, into the pan. Re-cover and return to the oven for 45 minutes.</li><li>After the 45 minutes, add the cabbage to the pan, re-cover and return to the oven for fifteen minutes.</li><li>During the final braising of the ribs and vegetables, prepare the glaze.</li><li>Combine the sugar, beer and vinegar in a small saucepan and heat to a boil over medium heat.</li><li>Cook at a low boil for 5 minutes, stirring often.</li><li>Remove the glaze from the heat, add the mustard and stir to combine.</li><li>Set aside until ribs and vegetables are finished braising.</li><li>Remove the vegetables and ribs from the oven when the cooking time is complete (about 2 hours).</li><li>Remove the ribs and place on a baking rack set over a pan. Re-cover the vegetables to keep them warm while you glaze the ribs.</li><li>Brush a light coat of glaze on the underside of the ribs and a thicker layer on the top side.  Use about 1/2 the glaze.</li><li>Place the ribs into the oven and cook for 15 minutes.  This will give you a good base layer of glaze.</li><li>After 15 minutes, remove the ribs for a final coating and turn the oven up to 425</li><li>Brush the rest of the glaze on the ribs, return to the oven and cook for 10 to 15 minutes more, until the glaze is lightly browned and bubbly but not burned.</li><li>When the glazed ribs are done, allow to cook for a couple of minutes (that sugar will be hot!).</li><li>Remove the vegetables from the braising liquid and serve with the ribs on a platter to serve and cut at the table or cut the meat into rib sections. If you wish to forego the vegetables,  by the way, the ribs make a fantastic appetizer all on their own.</li></ol>","analyzedInstructions":[{"name":"","steps":[{"number":1,"step":"Preheat an oven to 350Stud the rinsed and peeled rack of corned beef ribs with the three cloves, fairly evenly spaced along the top meaty side of the ribs.","ingredients":[{"id":13346,"name":"corned beef","localizedName":"corned beef","image":"corned-beef.png"},{"id":1002011,"name":"clove","localizedName":"clove","image":"cloves.jpg"},{"id":23236,"name":"ribs","localizedName":"ribs","image":"ribs.png"}],"equipment":[{"id":404784,"name":"oven","localizedName":"oven","image":"oven.jpg"}]},{"number":2,"step":"Place the ribs in a large, deep covered roasting pan or Dutch oven.","ingredients":[{"id":23236,"name":"ribs","localizedName":"ribs","image":"ribs.png"}],"equipment":[{"id":404629,"name":"roasting pan","localizedName":"roasting pan","image":"roasting-pan.jpg"},{"id":404667,"name":"dutch oven","localizedName":"dutch oven","image":"dutch-oven.jpg"}]},{"number":3,"step":"Sprinkle the peppercorns on top of the ribs along with the slices of garlic and the bay leaves.","ingredients":[{"id":1022030,"name":"peppercorns","localizedName":"peppercorns","image":"black-pepper.png"},{"id":2004,"name":"bay leaves","localizedName":"bay leaves","image":"bay-leaves.jpg"},{"id":11215,"name":"garlic","localizedName":"garlic","image":"garlic.png"},{"id":23236,"name":"ribs","localizedName":"ribs","image":"ribs.png"}],"equipment":[]},{"number":4,"step":"Add enough water to just cover the ribs - this will vary depending on the size of your pan.","ingredients":[{"id":14412,"name":"water","localizedName":"water","image":"water.png"},{"id":23236,"name":"ribs","localizedName":"ribs","image":"ribs.png"}],"equipment":[{"id":404645,"name":"frying pan","localizedName":"frying pan","image":"pan.png"}]},{"number":5,"step":"Put the pan, covered, into the oven and cook for one hour.While the ribs are braising for the first hour, prepare the vegetables.After the first hour, add all the vegetables, except for the cabbage, into the pan. Re-cover and return to the oven for 45 minutes.After the 45 minutes, add the cabbage to the pan, re-cover and return to the oven for fifteen minutes.During the final braising of the ribs and vegetables, prepare the glaze.","ingredients":[{"id":11583,"name":"vegetable","localizedName":"vegetable","image":"mixed-vegetables.png"},{"id":11109,"name":"cabbage","localizedName":"cabbage","image":"cabbage.jpg"},{"id":0,"name":"glaze","localizedName":"glaze","image":""},{"id":23236,"name":"ribs","localizedName":"ribs","image":"ribs.png"}],"equipment":[{"id":404784,"name":"oven","localizedName":"oven","image":"oven.jpg"},{"id":404645,"name":"frying pan","localizedName":"frying pan","image":"pan.png"}],"length":{"number":270,"unit":"minutes"}},{"number":6,"step":"Combine the sugar, beer and vinegar in a small saucepan and heat to a boil over medium heat.Cook at a low boil for 5 minutes, stirring often.","ingredients":[{"id":2053,"name":"vinegar","localizedName":"vinegar","image":"vinegar-(white).jpg"},{"id":19335,"name":"sugar","localizedName":"sugar","image":"sugar-in-bowl.png"},{"id":14003,"name":"beer","localizedName":"beer","image":"beer.jpg"}],"equipment":[{"id":404669,"name":"sauce pan","localizedName":"sauce pan","image":"sauce-pan.jpg"}],"length":{"number":5,"unit":"minutes"}},{"number":7,"step":"Remove the glaze from the heat, add the mustard and stir to combine.Set aside until ribs and vegetables are finished braising.","ingredients":[{"id":11583,"name":"vegetable","localizedName":"vegetable","image":"mixed-vegetables.png"},{"id":2046,"name":"mustard","localizedName":"mustard","image":"regular-mustard.jpg"},{"id":0,"name":"glaze","localizedName":"glaze","image":""},{"id":23236,"name":"ribs","localizedName":"ribs","image":"ribs.png"}],"equipment":[]},{"number":8,"step":"Remove the vegetables and ribs from the oven when the cooking time is complete (about 2 hours).","ingredients":[{"id":11583,"name":"vegetable","localizedName":"vegetable","image":"mixed-vegetables.png"},{"id":23236,"name":"ribs","localizedName":"ribs","image":"ribs.png"}],"equipment":[{"id":404784,"name":"oven","localizedName":"oven","image":"oven.jpg"}],"length":{"number":120,"unit":"minutes"}},{"number":9,"step":"Remove the ribs and place on a baking rack set over a pan. Re-cover the vegetables to keep them warm while you glaze the ribs.","ingredients":[{"id":11583,"name":"vegetable","localizedName":"vegetable","image":"mixed-vegetables.png"},{"id":0,"name":"glaze","localizedName":"glaze","image":""},{"id":23236,"name":"ribs","localizedName":"ribs","image":"ribs.png"}],"equipment":[{"id":404645,"name":"frying pan","localizedName":"frying pan","image":"pan.png"}]},{"number":10,"step":"Brush a light coat of glaze on the underside of the ribs and a thicker layer on the top side.  Use about 1/2 the glaze.","ingredients":[{"id":0,"name":"glaze","localizedName":"glaze","image":""},{"id":23236,"name":"ribs","localizedName":"ribs","image":"ribs.png"}],"equipment":[]},{"number":11,"step":"Place the ribs into the oven and cook for 15 minutes.  This will give you a good base layer of glaze.After 15 minutes, remove the ribs for a final coating and turn the oven up to 425","ingredients":[{"id":0,"name":"glaze","localizedName":"glaze","image":""},{"id":0,"name":"base","localizedName":"base","image":""},{"id":23236,"name":"ribs","localizedName":"ribs","image":"ribs.png"}],"equipment":[{"id":404784,"name":"oven","localizedName":"oven","image":"oven.jpg"}],"length":{"number":30,"unit":"minutes"}},{"number":12,"step":"Brush the rest of the glaze on the ribs, return to the oven and cook for 10 to 15 minutes more, until the glaze is lightly browned and bubbly but not burned.When the glazed ribs are done, allow to cook for a couple of minutes (that sugar will be hot!).","ingredients":[{"id":0,"name":"glaze","localizedName":"glaze","image":""},{"id":19335,"name":"sugar","localizedName":"sugar","image":"sugar-in-bowl.png"},{"id":23236,"name":"ribs","localizedName":"ribs","image":"ribs.png"}],"equipment":[{"id":404784,"name":"oven","localizedName":"oven","image":"oven.jpg"}],"length":{"number":10,"unit":"minutes"}},{"number":13,"step":"Remove the vegetables from the braising liquid and serve with the ribs on a platter to serve and cut at the table or cut the meat into rib sections. If you wish to forego the vegetables,  by the way, the ribs make a fantastic appetizer all on their own.","ingredients":[{"id":11583,"name":"vegetable","localizedName":"vegetable","image":"mixed-vegetables.png"},{"id":1065062,"name":"meat","localizedName":"meat","image":"whole-chicken.jpg"},{"id":23236,"name":"ribs","localizedName":"ribs","image":"ribs.png"}],"equipment":[]}]}],"originalId":null,"spoonacularSourceUrl":"https://spoonacular.com/corned-beef-ribs-with-brown-sugar-and-mustard-glaze-640141"},{"vegetarian":false,"vegan":false,"glutenFree":true,"dairyFree":false,"veryHealthy":false,"cheap":false,"veryPopular":false,"sustainable":false,"weightWatcherSmartPoints":24,"gaps":"no","lowFodmap":false,"aggregateLikes":27,"spoonacularScore":89.0,"healthScore":44.0,"creditsText":"Foodista.com – The Cooking Encyclopedia Everyone Can Edit","license":"CC BY 3.0","sourceName":"Foodista","pricePerServing":538.94,"extendedIngredients":[{"id":2004,"aisle":"Spices and Seasonings","image":"bay-leaves.jpg","consistency":"solid","name":"bay leaf","nameClean":"bay leaves","original":"1 bay leaf","originalString":"1 bay leaf","originalName":"bay leaf","amount":1.0,"unit":"","meta":[],"metaInformation":[],"measures":{"us":{"amount":1.0,"unitShort":"","unitLong":""},"metric":{"amount":1.0,"unitShort":"","unitLong":""}}},{"id":1001,"aisle":"Milk, Eggs, Other Dairy","image":"butter-sliced.jpg","consistency":"solid","name":"butter","nameClean":"butter","original":"1 tbsp. butter, melted","originalString":"1 tbsp. butter, melted","originalName":"butter, melted","amount":1.0,"unit":"tbsp","meta":["melted"],"metaInformation":["melted"],"measures":{"us":{"amount":1.0,"unitShort":"Tbsp","unitLong":"Tbsp"},"metric":{"amount":1.0,"unitShort":"Tbsp","unitLong":"Tbsp"}}},{"id":11109,"aisle":"Produce","image":"cabbage.jpg","consistency":"solid","name":"cabbage","nameClean":"cabbage","original":"1 (2 lb.) cabbage, cut into wedges","originalString":"1 (2 lb.) cabbage, cut into wedges","originalName":"cabbage, cut into wedges","amount":2.0,"unit":"lb","meta":["cut into wedges"],"metaInformation":["cut into wedges"],"measures":{"us":{"amount":2.0,"unitShort":"lb","unitLong":"pounds"},"metric":{"amount":907.185,"unitShort":"g","unitLong":"grams"}}},{"id":11124,"aisle":"Produce","image":"sliced-carrot.png","consistency":"solid","name":"carrot","nameClean":"carrot","original":"1 large carrot, scraped and sliced","originalString":"1 large carrot, scraped and sliced","originalName":"carrot, scraped and sliced","amount":1.0,"unit":"large","meta":["sliced"],"metaInformation":["sliced"],"measures":{"us":{"amount":1.0,"unitShort":"large","unitLong":"large"},"metric":{"amount":1.0,"unitShort":"large","unitLong":"large"}}},{"id":2048,"aisle":"Oil, Vinegar, Salad Dressing","image":"apple-cider-vinegar.jpg","consistency":"liquid","name":"cider vinegar","nameClean":"apple cider vinegar","original":"1/4 c. cider vinegar (good quality)","originalString":"1/4 c. cider vinegar (good quality)","originalName":"cider vinegar (good quality)","amount":0.25,"unit":"c","meta":["()"],"metaInformation":["()"],"measures":{"us":{"amount":0.25,"unitShort":"cups","unitLong":"cups"},"metric":{"amount":59.147,"unitShort":"ml","unitLong":"milliliters"}}},{"id":10013346,"aisle":"Meat","image":"beef-brisket.png","consistency":"solid","name":"corned beef brisket","nameClean":"corned beef brisket","original":"1 (4 lb.) corned beef brisket","originalString":"1 (4 lb.) corned beef brisket","originalName":"corned beef brisket","amount":4.0,"unit":"lb","meta":[],"metaInformation":[],"measures":{"us":{"amount":4.0,"unitShort":"lb","unitLong":"pounds"},"metric":{"amount":1.814,"unitShort":"kilogram","unitLong":"kilograms"}}},{"id":20027,"aisle":"Baking","image":"white-powder.jpg","consistency":"solid","name":"cornstarch","nameClean":"corn starch","original":"1 tbsp. cornstarch","originalString":"1 tbsp. cornstarch","originalName":"cornstarch","amount":1.0,"unit":"tbsp","meta":[],"metaInformation":[],"measures":{"us":{"amount":1.0,"unitShort":"Tbsp","unitLong":"Tbsp"},"metric":{"amount":1.0,"unitShort":"Tbsp","unitLong":"Tbsp"}}},{"id":1002024,"aisle":"Spices and Seasonings","image":"dry-mustard.jpg","consistency":"solid","name":"dry mustard","nameClean":"mustard powder","original":"1 tsp. dry mustard","originalString":"1 tsp. dry mustard","originalName":"dry mustard","amount":1.0,"unit":"tsp","meta":["dry"],"metaInformation":["dry"],"measures":{"us":{"amount":1.0,"unitShort":"tsp","unitLong":"teaspoon"},"metric":{"amount":1.0,"unitShort":"tsp","unitLong":"teaspoon"}}},{"id":1125,"aisle":"Milk, Eggs, Other Dairy","image":"egg-yolk.jpg","consistency":"solid","name":"egg yolks","nameClean":"egg yolk","original":"2 egg yolks, beaten","originalString":"2 egg yolks, beaten","originalName":"egg yolks, beaten","amount":2.0,"unit":"","meta":["beaten"],"metaInformation":["beaten"],"measures":{"us":{"amount":2.0,"unitShort":"","unitLong":""},"metric":{"amount":2.0,"unitShort":"","unitLong":""}}},{"id":11297,"aisle":"Produce;Spices and Seasonings","image":"parsley.jpg","consistency":"solid","name":"fresh parsley","nameClean":"parsley","original":"1 bunch fresh parsley","originalString":"1 bunch fresh parsley","originalName":"fresh parsley","amount":1.0,"unit":"bunch","meta":["fresh"],"metaInformation":["fresh"],"measures":{"us":{"amount":1.0,"unitShort":"bunch","unitLong":"bunch"},"metric":{"amount":1.0,"unitShort":"bunch","unitLong":"bunch"}}},{"id":1002055,"aisle":"Produce","image":"horseradish.jpg","consistency":"liquid","name":"horseradish","nameClean":"horseradish","original":"1 tsp. horseradish","originalString":"1 tsp. horseradish","originalName":"horseradish","amount":1.0,"unit":"tsp","meta":[],"metaInformation":[],"measures":{"us":{"amount":1.0,"unitShort":"tsp","unitLong":"teaspoon"},"metric":{"amount":1.0,"unitShort":"tsp","unitLong":"teaspoon"}}},{"id":11352,"aisle":"Produce","image":"potatoes-yukon-gold.png","consistency":"solid","name":"new potatoes","nameClean":"potato","original":"2 lbs. new potatoes, peeled","originalString":"2 lbs. new potatoes, peeled","originalName":"new potatoes, peeled","amount":2.0,"unit":"lbs","meta":["peeled"],"metaInformation":["peeled"],"measures":{"us":{"amount":2.0,"unitShort":"lb","unitLong":"pounds"},"metric":{"amount":907.185,"unitShort":"g","unitLong":"grams"}}},{"id":11282,"aisle":"Produce","image":"brown-onion.png","consistency":"solid","name":"onions","nameClean":"onion","original":"3 medium onions","originalString":"3 medium onions","originalName":"onions","amount":3.0,"unit":"medium","meta":[],"metaInformation":[],"measures":{"us":{"amount":3.0,"unitShort":"medium","unitLong":"mediums"},"metric":{"amount":3.0,"unitShort":"medium","unitLong":"mediums"}}},{"id":1002030,"aisle":"Spices and Seasonings","image":"pepper.jpg","consistency":"solid","name":"pepper","nameClean":"black pepper","original":"1/4 teaspoon pepper","originalString":"1/4 teaspoon pepper","originalName":"pepper","amount":0.25,"unit":"teaspoon","meta":[],"metaInformation":[],"measures":{"us":{"amount":0.25,"unitShort":"tsps","unitLong":"teaspoons"},"metric":{"amount":0.25,"unitShort":"tsps","unitLong":"teaspoons"}}},{"id":2047,"aisle":"Spices and Seasonings","image":"salt.jpg","consistency":"solid","name":"salt","nameClean":"salt","original":"1/2 tsp. salt","originalString":"1/2 tsp. salt","originalName":"salt","amount":0.5,"unit":"tsp","meta":[],"metaInformation":[],"measures":{"us":{"amount":0.5,"unitShort":"tsps","unitLong":"teaspoons"},"metric":{"amount":0.5,"unitShort":"tsps","unitLong":"teaspoons"}}},{"id":19335,"aisle":"Baking","image":"sugar-in-bowl.png","consistency":"solid","name":"sugar","nameClean":"sugar","original":"2 tsp. sugar","originalString":"2 tsp. sugar","originalName":"sugar","amount":2.0,"unit":"tsp","meta":[],"metaInformation":[],"measures":{"us":{"amount":2.0,"unitShort":"tsps","unitLong":"teaspoons"},"metric":{"amount":2.0,"unitShort":"tsps","unitLong":"teaspoons"}}},{"id":14412,"aisle":"Beverages","image":"water.png","consistency":"liquid","name":"water","nameClean":"water","original":"1 c. water","originalString":"1 c. water","originalName":"water","amount":1.0,"unit":"c","meta":[],"metaInformation":[],"measures":{"us":{"amount":1.0,"unitShort":"cup","unitLong":"cup"},"metric":{"amount":236.588,"unitShort":"ml","unitLong":"milliliters"}}}],"id":640136,"title":"Corned Beef And Cabbage With Irish Mustard Sauce","readyInMinutes":270,"servings":6,"sourceUrl":"http://www.foodista.com/recipe/B8Z4H57G/corned-beef-and-cabbage-with-mustard-sauce","image":"https://spoonacular.com/recipeImages/640136-556x370.jpg","imageType":"jpg","summary":"The recipe Corned Beef And Cabbage With Irish Mustard Sauce could satisfy your European craving in around <b>4 hours and 30 minutes</b>. This main course has <b>829 calories</b>, <b>51g of protein</b>, and <b>49g of fat</b> per serving. For <b>$5.04 per serving</b>, this recipe <b>covers 46%</b> of your daily requirements of vitamins and minerals. It can be enjoyed any time, but it is especially good for <b>st. patrick day</b>. If you have carrot, onions, cornstarch, and a few other ingredients on hand, you can make it. To use up the cornstarch you could follow this main course with the <a href=\"https://spoonacular.com/recipes/chocolate-cornstarch-pudding-604450\">Chocolate Cornstarch Pudding</a> as a dessert. A couple people made this recipe, and 27 would say it hit the spot. It is a good option if you're following a <b>gluten free</b> diet. All things considered, we decided this recipe <b>deserves a spoonacular score of 89%</b>. This score is super. Try <a href=\"https://spoonacular.com/recipes/irish-channel-corned-beef-and-cabbage-199412\">Irish Channel Corned Beef and Cabbage</a>, <a href=\"https://spoonacular.com/recipes/sheilas-famous-mustard-glazed-corned-beef-and-cabbage-94097\">Sheila's Famous Mustard-Glazed Corned Beef and Cabbage</a>, and <a href=\"https://spoonacular.com/recipes/irish-bacon-and-cabbage-with-mustard-sauce-11400\">Irish Bacon and Cabbage with Mustard Sauce</a> for similar recipes.","cuisines":["European","Irish"],"dishTypes":["lunch","main course","main dish","dinner"],"diets":["gluten free"],"occasions":["st patricks day"],"instructions":"<ol><li>Combine corned beef and water to cover in a large Dutch oven; bring to a boil then remove from heat. Drain. Add fresh water to cover. Add onion, carrot, parsley, bay leaf, and pepper. Bring to a boil once again, then reduce to a low simmer. Skim off foam, if necessary. Cover and simmer 4 hours or until tender.</li><li>Remove onion and parsley. Add potatoes to Dutch oven. Simmer 10 minutes. Add cabbage wedges, and simmer 20 minutes or until vegetables are tender. Remove and discard bay leaf.</li><li>To make the Irish Mustard Sauce, combine cornstarch, sugar, dry mustard and salt in a medium saucepan; stir well. Add water and cook over low heat, stirring constantly, until thickened. Remove from heat. Stir in vinegar, butter and horseradish. Gradually stir about 1/4 of hot mixture into yolks; add to remaining hot mixture, stirring constantly. Cook over low heat, stirring constantly, until thickened.</li><li>Transfer corned beef and vegetables to a serving platter. Serve with Irish Mustard Sauce.  </li></ol>","analyzedInstructions":[{"name":"","steps":[{"number":1,"step":"Combine corned beef and water to cover in a large Dutch oven; bring to a boil then remove from heat.","ingredients":[{"id":13346,"name":"corned beef","localizedName":"corned beef","image":"corned-beef.png"},{"id":14412,"name":"water","localizedName":"water","image":"water.png"}],"equipment":[{"id":404667,"name":"dutch oven","localizedName":"dutch oven","image":"dutch-oven.jpg"}]},{"number":2,"step":"Drain.","ingredients":[],"equipment":[]},{"number":3,"step":"Add fresh water to cover.","ingredients":[{"id":14412,"name":"water","localizedName":"water","image":"water.png"}],"equipment":[]},{"number":4,"step":"Add onion, carrot, parsley, bay leaf, and pepper. Bring to a boil once again, then reduce to a low simmer. Skim off foam, if necessary. Cover and simmer 4 hours or until tender.","ingredients":[{"id":2004,"name":"bay leaves","localizedName":"bay leaves","image":"bay-leaves.jpg"},{"id":11297,"name":"parsley","localizedName":"parsley","image":"parsley.jpg"},{"id":11124,"name":"carrot","localizedName":"carrot","image":"sliced-carrot.png"},{"id":1002030,"name":"pepper","localizedName":"pepper","image":"pepper.jpg"},{"id":11282,"name":"onion","localizedName":"onion","image":"brown-onion.png"}],"equipment":[],"length":{"number":240,"unit":"minutes"}},{"number":5,"step":"Remove onion and parsley.","ingredients":[{"id":11297,"name":"parsley","localizedName":"parsley","image":"parsley.jpg"},{"id":11282,"name":"onion","localizedName":"onion","image":"brown-onion.png"}],"equipment":[]},{"number":6,"step":"Add potatoes to Dutch oven. Simmer 10 minutes.","ingredients":[{"id":11352,"name":"potato","localizedName":"potato","image":"potatoes-yukon-gold.png"}],"equipment":[{"id":404667,"name":"dutch oven","localizedName":"dutch oven","image":"dutch-oven.jpg"}],"length":{"number":10,"unit":"minutes"}},{"number":7,"step":"Add cabbage wedges, and simmer 20 minutes or until vegetables are tender.","ingredients":[{"id":11583,"name":"vegetable","localizedName":"vegetable","image":"mixed-vegetables.png"},{"id":11109,"name":"cabbage","localizedName":"cabbage","image":"cabbage.jpg"}],"equipment":[],"length":{"number":20,"unit":"minutes"}},{"number":8,"step":"Remove and discard bay leaf.To make the Irish Mustard Sauce, combine cornstarch, sugar, dry mustard and salt in a medium saucepan; stir well.","ingredients":[{"id":1002024,"name":"mustard powder","localizedName":"mustard powder","image":"dry-mustard.jpg"},{"id":20027,"name":"corn starch","localizedName":"corn starch","image":"white-powder.jpg"},{"id":2004,"name":"bay leaves","localizedName":"bay leaves","image":"bay-leaves.jpg"},{"id":2046,"name":"mustard","localizedName":"mustard","image":"regular-mustard.jpg"},{"id":0,"name":"sauce","localizedName":"sauce","image":""},{"id":19335,"name":"sugar","localizedName":"sugar","image":"sugar-in-bowl.png"},{"id":2047,"name":"salt","localizedName":"salt","image":"salt.jpg"}],"equipment":[{"id":404669,"name":"sauce pan","localizedName":"sauce pan","image":"sauce-pan.jpg"}]},{"number":9,"step":"Add water and cook over low heat, stirring constantly, until thickened.","ingredients":[{"id":14412,"name":"water","localizedName":"water","image":"water.png"}],"equipment":[]},{"number":10,"step":"Remove from heat. Stir in vinegar, butter and horseradish. Gradually stir about 1/4 of hot mixture into yolks; add to remaining hot mixture, stirring constantly. Cook over low heat, stirring constantly, until thickened.","ingredients":[{"id":1002055,"name":"horseradish","localizedName":"horseradish","image":"horseradish.jpg"},{"id":2053,"name":"vinegar","localizedName":"vinegar","image":"vinegar-(white).jpg"},{"id":1001,"name":"butter","localizedName":"butter","image":"butter-sliced.jpg"},{"id":1125,"name":"egg yolk","localizedName":"egg yolk","image":"egg-yolk.jpg"}],"equipment":[]},{"number":11,"step":"Transfer corned beef and vegetables to a serving platter.","ingredients":[{"id":13346,"name":"corned beef","localizedName":"corned beef","image":"corned-beef.png"},{"id":11583,"name":"vegetable","localizedName":"vegetable","image":"mixed-vegetables.png"}],"equipment":[]},{"number":12,"step":"Serve with Irish Mustard Sauce.","ingredients":[{"id":2046,"name":"mustard","localizedName":"mustard","image":"regular-mustard.jpg"},{"id":0,"name":"sauce","localizedName":"sauce","image":""}],"equipment":[]}]}],"originalId":null,"spoonacularSourceUrl":"https://spoonacular.com/corned-beef-and-cabbage-with-irish-mustard-sauce-640136"}]}