{"recipes":[{"vegetarian":false,"vegan":false,"glutenFree":true,"dairyFree":false,"veryHealthy":false,"cheap":false,"veryPopular":false,"sustainable":false,"weightWatcherSmartPoints":12,"gaps":"no","lowFodmap":false,"aggregateLikes":74,"spoonacularScore":65.0,"healthScore":11.0,"creditsText":"Foodista.com – The Cooking Encyclopedia Everyone Can Edit","license":"CC BY 3.0","sourceName":"Foodista","pricePerServing":196.78,"extendedIngredients":[{"id":1159,"aisle":"Cheese","image":"goat-cheese.jpg","consistency":"solid","name":"goat cheese","nameClean":"goat cheese","original":"1 (4 oz.) fresh goat cheese, Chavrie log","originalString":"1 (4 oz.) fresh goat cheese, Chavrie log","originalName":"fresh goat cheese, Chavrie log","amount":4.0,"unit":"oz","meta":["fresh"],"metaInformation":["fresh"],"measures":{"us":{"amount":4.0,"unitShort":"oz","unitLong":"ounces"},"metric":{"amount":113.398,"unitShort":"g","unitLong":"grams"}}},{"id":10017224,"aisle":"Meat","image":"lamb-shanks.jpg","consistency":"solid","name":"lamb","nameClean":"lamb","original":"8 2-ounce lamb loins","originalString":"8 2-ounce lamb loins","originalName":"lamb loins","amount":16.0,"unit":"ounce","meta":[],"metaInformation":[],"measures":{"us":{"amount":16.0,"unitShort":"oz","unitLong":"ounces"},"metric":{"amount":453.592,"unitShort":"g","unitLong":"grams"}}},{"id":4053,"aisle":"Oil, Vinegar, Salad Dressing","image":"olive-oil.jpg","consistency":"liquid","name":"olive oil","nameClean":"olive oil","original":"2 tablespoons olive oil","originalString":"2 tablespoons olive oil","originalName":"olive oil","amount":2.0,"unit":"tablespoons","meta":[],"metaInformation":[],"measures":{"us":{"amount":2.0,"unitShort":"Tbsps","unitLong":"Tbsps"},"metric":{"amount":2.0,"unitShort":"Tbsps","unitLong":"Tbsps"}}},{"id":11457,"aisle":"Produce","image":"spinach.jpg","consistency":"solid","name":"baby spinach","nameClean":"baby spinach","original":"4 oz. baby spinach","originalString":"4 oz. baby spinach","originalName":"baby spinach","amount":4.0,"unit":"oz","meta":[],"metaInformation":[],"measures":{"us":{"amount":4.0,"unitShort":"oz","unitLong":"ounces"},"metric":{"amount":113.398,"unitShort":"g","unitLong":"grams"}}},{"id":11215,"aisle":"Produce","image":"garlic.png","consistency":"solid","name":"garlic","nameClean":"garlic","original":"1 tablespoon garlic (chopped)","originalString":"1 tablespoon garlic (chopped)","originalName":"garlic (chopped)","amount":1.0,"unit":"tablespoon","meta":["chopped","()"],"metaInformation":["chopped","()"],"measures":{"us":{"amount":1.0,"unitShort":"Tbsp","unitLong":"Tbsp"},"metric":{"amount":1.0,"unitShort":"Tbsp","unitLong":"Tbsp"}}},{"id":4582,"aisle":"Oil, Vinegar, Salad Dressing","image":"vegetable-oil.jpg","consistency":"liquid","name":"cooking oil","nameClean":"cooking oil","original":"3 tablespoons cooking oil","originalString":"3 tablespoons cooking oil","originalName":"cooking oil","amount":3.0,"unit":"tablespoons","meta":[],"metaInformation":[],"measures":{"us":{"amount":3.0,"unitShort":"Tbsps","unitLong":"Tbsps"},"metric":{"amount":3.0,"unitShort":"Tbsps","unitLong":"Tbsps"}}},{"id":1102047,"aisle":"Spices and Seasonings","image":"salt-and-pepper.jpg","consistency":"solid","name":"Salt & Pepper","nameClean":"salt and pepper","original":"salt and pepper to season","originalString":"salt and pepper to season","originalName":"salt and pepper to season","amount":1.0,"unit":"serving","meta":[],"metaInformation":[],"measures":{"us":{"amount":1.0,"unitShort":"serving","unitLong":"serving"},"metric":{"amount":1.0,"unitShort":"serving","unitLong":"serving"}}}],"id":649183,"title":"Lamb and Fresh Goat Cheese Roulade","readyInMinutes":45,"servings":6,"sourceUrl":"https://www.foodista.com/recipe/8QF2VY7K/lamb-roulade-with-fresh-goat-cheese","image":"https://spoonacular.com/recipeImages/649183-556x370.jpg","imageType":"jpg","summary":"Lamb and Fresh Goat Cheese Roulade is a <b>gluten free</b> main course. This recipe serves 6. For <b>$1.97 per serving</b>, this recipe <b>covers 17%</b> of your daily requirements of vitamins and minerals. One portion of this dish contains around <b>17g of protein</b>, <b>33g of fat</b>, and a total of <b>373 calories</b>. Head to the store and pick up baby spinach, cooking oil, salt and pepper to season, and a few other things to make it today. This recipe is liked by 74 foodies and cooks. From preparation to the plate, this recipe takes approximately <b>approximately 45 minutes</b>. This recipe is typical of European cuisine. It is brought to you by Foodista. All things considered, we decided this recipe <b>deserves a spoonacular score of 64%</b>. This score is solid. If you like this recipe, you might also like recipes such as <a href=\"https://spoonacular.com/recipes/goat-cheese-and-herb-stuffed-chicken-roulade-353260\">Goat Cheese and Herb Stuffed Chicken Roulade</a>, <a href=\"https://spoonacular.com/recipes/chicken-sweet-potato-roulade-with-goat-cheese-sauce-638493\">Chicken/sweet Potato Roulade With Goat Cheese Sauce</a>, and <a href=\"https://spoonacular.com/recipes/goat-cheese-stuffed-lamb-burgers-460160\">Goat Cheese Stuffed Lamb Burgers</a>.","cuisines":["German","European"],"dishTypes":["lunch","main course","main dish","dinner"],"diets":["gluten free"],"occasions":[],"instructions":"Heat 2 tbsp. olive oil in a saut pan over medium high heat.\nAdd the garlic and saut for 10 seconds then add the spinach and saut only until the spinach wilts.\nSet aside to cool.\nLay out the lamb loin and butterfly to create a flat piece about 6 inches wide.\nSeason the loin with salt and pepper.\nSqueeze the excess water from the spinach and spread evenly over the lamb loin.\nSplit the goat cheese in half lengthwise and then in half again to create 4 lengthwise quarters.\nPlace 2 quarters end to end on each prepared lamb loin.\nRoll and truss each prepared loin.\nPreheat oven to 375F.\nIn a large saut pan, heat cooking oil over medium high heat and sear each loin for 3-4 minutes on all sides.\nRoast lamb loins in the oven for 10 -12 minutes until an internal temperature of 120F is reached.\nRemove from the oven and let rest for 10 minutes.\nRemove string and slice into  medallions.\nDivide among 2 plates and serve.","analyzedInstructions":[{"name":"","steps":[{"number":1,"step":"Heat 2 tbsp. olive oil in a saut pan over medium high heat.","ingredients":[{"id":4053,"name":"olive oil","localizedName":"olive oil","image":"olive-oil.jpg"}],"equipment":[{"id":404645,"name":"frying pan","localizedName":"frying pan","image":"pan.png"}]},{"number":2,"step":"Add the garlic and saut for 10 seconds then add the spinach and saut only until the spinach wilts.","ingredients":[{"id":10011457,"name":"spinach","localizedName":"spinach","image":"spinach.jpg"},{"id":11215,"name":"garlic","localizedName":"garlic","image":"garlic.png"}],"equipment":[]},{"number":3,"step":"Set aside to cool.","ingredients":[],"equipment":[]},{"number":4,"step":"Lay out the lamb loin and butterfly to create a flat piece about 6 inches wide.","ingredients":[{"id":10017026,"name":"lamb loin","localizedName":"lamb loin","image":"lamb-chops.png"}],"equipment":[]},{"number":5,"step":"Season the loin with salt and pepper.","ingredients":[{"id":1102047,"name":"salt and pepper","localizedName":"salt and pepper","image":"salt-and-pepper.jpg"}],"equipment":[]},{"number":6,"step":"Squeeze the excess water from the spinach and spread evenly over the lamb loin.","ingredients":[{"id":10017026,"name":"lamb loin","localizedName":"lamb loin","image":"lamb-chops.png"},{"id":10011457,"name":"spinach","localizedName":"spinach","image":"spinach.jpg"},{"id":0,"name":"spread","localizedName":"spread","image":""},{"id":14412,"name":"water","localizedName":"water","image":"water.png"}],"equipment":[]},{"number":7,"step":"Split the goat cheese in half lengthwise and then in half again to create 4 lengthwise quarters.","ingredients":[{"id":1159,"name":"goat cheese","localizedName":"goat cheese","image":"goat-cheese.jpg"}],"equipment":[]},{"number":8,"step":"Place 2 quarters end to end on each prepared lamb loin.","ingredients":[{"id":10017026,"name":"lamb loin","localizedName":"lamb loin","image":"lamb-chops.png"}],"equipment":[]},{"number":9,"step":"Roll and truss each prepared loin.","ingredients":[{"id":0,"name":"roll","localizedName":"roll","image":"dinner-yeast-rolls.jpg"}],"equipment":[]},{"number":10,"step":"Preheat oven to 375F.","ingredients":[],"equipment":[{"id":404784,"name":"oven","localizedName":"oven","image":"oven.jpg","temperature":{"number":375.0,"unit":"Fahrenheit"}}]},{"number":11,"step":"In a large saut pan, heat cooking oil over medium high heat and sear each loin for 3-4 minutes on all sides.","ingredients":[{"id":4582,"name":"cooking oil","localizedName":"cooking oil","image":"vegetable-oil.jpg"}],"equipment":[{"id":404645,"name":"frying pan","localizedName":"frying pan","image":"pan.png"}],"length":{"number":4,"unit":"minutes"}},{"number":12,"step":"Roast lamb loins in the oven for 10 -12 minutes until an internal temperature of 120F is reached.","ingredients":[{"id":10017224,"name":"lamb","localizedName":"lamb","image":"lamb-shanks.jpg"}],"equipment":[{"id":404784,"name":"oven","localizedName":"oven","image":"oven.jpg","temperature":{"number":120.0,"unit":"Fahrenheit"}}],"length":{"number":12,"unit":"minutes"}},{"number":13,"step":"Remove from the oven and let rest for 10 minutes.","ingredients":[],"equipment":[{"id":404784,"name":"oven","localizedName":"oven","image":"oven.jpg"}],"length":{"number":10,"unit":"minutes"}},{"number":14,"step":"Remove string and slice into  medallions.","ingredients":[],"equipment":[]},{"number":15,"step":"Divide among 2 plates and serve.","ingredients":[],"equipment":[]}]}],"originalId":null,"spoonacularSourceUrl":"https://spoonacular.com/lamb-and-fresh-goat-cheese-roulade-649183"},{"vegetarian":false,"vegan":false,"glutenFree":true,"dairyFree":false,"veryHealthy":false,"cheap":false,"veryPopular":false,"sustainable":false,"weightWatcherSmartPoints":13,"gaps":"no","lowFodmap":false,"aggregateLikes":19,"spoonacularScore":92.0,"healthScore":48.0,"creditsText":"Foodista.com – The Cooking Encyclopedia Everyone Can Edit","license":"CC BY 3.0","sourceName":"Foodista","pricePerServing":354.96,"extendedIngredients":[{"id":11353,"aisle":"Produce","image":"russet-or-idaho-potatoes.png","consistency":"solid","name":"baking potatoes","nameClean":"starchy potato","original":"2 baking Potatoes","originalString":"2 baking Potatoes","originalName":"baking Potatoes","amount":2.0,"unit":"","meta":[],"metaInformation":[],"measures":{"us":{"amount":2.0,"unitShort":"","unitLong":""},"metric":{"amount":2.0,"unitShort":"","unitLong":""}}},{"id":6008,"aisle":"Canned and Jarred","image":"beef-broth.png","consistency":"liquid","name":"beef broth","nameClean":"beef broth","original":"2 cups of beef broth","originalString":"2 cups of beef broth","originalName":"beef broth","amount":2.0,"unit":"cups","meta":[],"metaInformation":[],"measures":{"us":{"amount":2.0,"unitShort":"cups","unitLong":"cups"},"metric":{"amount":473.176,"unitShort":"ml","unitLong":"milliliters"}}},{"id":1001,"aisle":"Milk, Eggs, Other Dairy","image":"butter-sliced.jpg","consistency":"solid","name":"butter","nameClean":"butter","original":"2 tablespoons of Butter","originalString":"2 tablespoons of Butter","originalName":"Butter","amount":2.0,"unit":"tablespoons","meta":[],"metaInformation":[],"measures":{"us":{"amount":2.0,"unitShort":"Tbsps","unitLong":"Tbsps"},"metric":{"amount":2.0,"unitShort":"Tbsps","unitLong":"Tbsps"}}},{"id":11165,"aisle":"Produce;Spices and Seasonings","image":"cilantro.png","consistency":"solid","name":"cilantro","nameClean":"cilantro","original":"1 bunch of Cilantro, Chopped","originalString":"1 bunch of Cilantro, Chopped","originalName":"Cilantro, Chopped","amount":1.0,"unit":"bunch","meta":["chopped"],"metaInformation":["chopped"],"measures":{"us":{"amount":1.0,"unitShort":"bunch","unitLong":"bunch"},"metric":{"amount":1.0,"unitShort":"bunch","unitLong":"bunch"}}},{"id":93605,"aisle":"Ethnic Foods","image":"chili-paste.png","consistency":"solid","name":"curry paste","nameClean":"red curry paste","original":"2 tablespoons of Curry","originalString":"2 tablespoons of Curry","originalName":"Curry","amount":2.0,"unit":"tablespoons","meta":[],"metaInformation":[],"measures":{"us":{"amount":2.0,"unitShort":"Tbsps","unitLong":"Tbsps"},"metric":{"amount":2.0,"unitShort":"Tbsps","unitLong":"Tbsps"}}},{"id":98953,"aisle":"Spices and Seasonings","image":"hemp-protein-powder.png","consistency":"solid","name":"fennel powder","nameClean":"ground fennel","original":"1/2 teaspoon of fennel powder","originalString":"1/2 teaspoon of fennel powder","originalName":"fennel powder","amount":0.5,"unit":"teaspoon","meta":[],"metaInformation":[],"measures":{"us":{"amount":0.5,"unitShort":"tsps","unitLong":"teaspoons"},"metric":{"amount":0.5,"unitShort":"tsps","unitLong":"teaspoons"}}},{"id":93663,"aisle":"Ethnic Foods;Spices and Seasonings","image":"garam-masala.jpg","consistency":"solid","name":"garam masala","nameClean":"garam masala","original":"1/2 teaspoon of Garam Masala","originalString":"1/2 teaspoon of Garam Masala","originalName":"Garam Masala","amount":0.5,"unit":"teaspoon","meta":[],"metaInformation":[],"measures":{"us":{"amount":0.5,"unitShort":"tsps","unitLong":"teaspoons"},"metric":{"amount":0.5,"unitShort":"tsps","unitLong":"teaspoons"}}},{"id":11215,"aisle":"Produce","image":"garlic.png","consistency":"solid","name":"garlic","nameClean":"garlic","original":"3 cloves of Garlic, Minced","originalString":"3 cloves of Garlic, Minced","originalName":"Garlic, Minced","amount":3.0,"unit":"cloves","meta":["minced"],"metaInformation":["minced"],"measures":{"us":{"amount":3.0,"unitShort":"cloves","unitLong":"cloves"},"metric":{"amount":3.0,"unitShort":"cloves","unitLong":"cloves"}}},{"id":11216,"aisle":"Produce;Ethnic Foods;Spices and Seasonings","image":"ginger.png","consistency":"solid","name":"ginger","nameClean":"ginger","original":"1 teaspoon of Ginger","originalString":"1 teaspoon of Ginger","originalName":"Ginger","amount":1.0,"unit":"teaspoon","meta":[],"metaInformation":[],"measures":{"us":{"amount":1.0,"unitShort":"tsp","unitLong":"teaspoon"},"metric":{"amount":1.0,"unitShort":"tsp","unitLong":"teaspoon"}}},{"id":17059,"aisle":"Meat","image":"beef-cubes-raw.jpg","consistency":"solid","name":"lamb stew meat","nameClean":"lamb stew meat","original":"5 1/2 pounds of Cooked Lamb stew meat","originalString":"5 1/2 pounds of Cooked Lamb stew meat","originalName":"Cooked Lamb stew meat","amount":5.5,"unit":"pounds","meta":["cooked"],"metaInformation":["cooked"],"measures":{"us":{"amount":5.5,"unitShort":"lb","unitLong":"pounds"},"metric":{"amount":2.495,"unitShort":"kilogram","unitLong":"kilograms"}}},{"id":11260,"aisle":"Produce","image":"mushrooms-white.jpg","consistency":"solid","name":"mushrooms","nameClean":"fresh mushrooms","original":"6 ounces of Mushrooms, Chopped","originalString":"6 ounces of Mushrooms, Chopped","originalName":"Mushrooms, Chopped","amount":6.0,"unit":"ounces","meta":["chopped"],"metaInformation":["chopped"],"measures":{"us":{"amount":6.0,"unitShort":"oz","unitLong":"ounces"},"metric":{"amount":170.097,"unitShort":"g","unitLong":"grams"}}},{"id":4053,"aisle":"Oil, Vinegar, Salad Dressing","image":"olive-oil.jpg","consistency":"liquid","name":"olive oil","nameClean":"olive oil","original":"2 tablespoons of Olive Oil","originalString":"2 tablespoons of Olive Oil","originalName":"Olive Oil","amount":2.0,"unit":"tablespoons","meta":[],"metaInformation":[],"measures":{"us":{"amount":2.0,"unitShort":"Tbsps","unitLong":"Tbsps"},"metric":{"amount":2.0,"unitShort":"Tbsps","unitLong":"Tbsps"}}},{"id":11282,"aisle":"Produce","image":"brown-onion.png","consistency":"solid","name":"onion","nameClean":"onion","original":"1 Onion, Diced","originalString":"1 Onion, Diced","originalName":"Onion, Diced","amount":1.0,"unit":"","meta":["diced"],"metaInformation":["diced"],"measures":{"us":{"amount":1.0,"unitShort":"","unitLong":""},"metric":{"amount":1.0,"unitShort":"","unitLong":""}}},{"id":2027,"aisle":"Produce;Spices and Seasonings","image":"oregano.jpg","consistency":"solid","name":"oregano","nameClean":"oregano","original":"1 tablespoon of Oregano","originalString":"1 tablespoon of Oregano","originalName":"Oregano","amount":1.0,"unit":"tablespoon","meta":[],"metaInformation":[],"measures":{"us":{"amount":1.0,"unitShort":"Tbsp","unitLong":"Tbsp"},"metric":{"amount":1.0,"unitShort":"Tbsp","unitLong":"Tbsp"}}},{"id":1001116,"aisle":"Milk, Eggs, Other Dairy","image":"plain-yogurt.jpg","consistency":"liquid","name":"plain yogurt","nameClean":"plain yogurt","original":"1/2 cup of Plain Yogurt","originalString":"1/2 cup of Plain Yogurt","originalName":"Plain Yogurt","amount":0.5,"unit":"cup","meta":["plain"],"metaInformation":["plain"],"measures":{"us":{"amount":0.5,"unitShort":"cups","unitLong":"cups"},"metric":{"amount":118.294,"unitShort":"ml","unitLong":"milliliters"}}},{"id":2036,"aisle":"Spices and Seasonings","image":"rosemary.jpg","consistency":"solid","name":"rosemary","nameClean":"rosemary","original":"1 tablespoon of Rosemary","originalString":"1 tablespoon of Rosemary","originalName":"Rosemary","amount":1.0,"unit":"tablespoon","meta":[],"metaInformation":[],"measures":{"us":{"amount":1.0,"unitShort":"Tbsp","unitLong":"Tbsp"},"metric":{"amount":1.0,"unitShort":"Tbsp","unitLong":"Tbsp"}}},{"id":2047,"aisle":"Spices and Seasonings","image":"salt.jpg","consistency":"solid","name":"salt","nameClean":"salt","original":"1/2 teaspoon of Salt","originalString":"1/2 teaspoon of Salt","originalName":"Salt","amount":0.5,"unit":"teaspoon","meta":[],"metaInformation":[],"measures":{"us":{"amount":0.5,"unitShort":"tsps","unitLong":"teaspoons"},"metric":{"amount":0.5,"unitShort":"tsps","unitLong":"teaspoons"}}},{"id":11887,"aisle":"Pasta and Rice","image":"tomato-paste.jpg","consistency":"solid","name":"tomato paste","nameClean":"tomato paste","original":"1 can of Tomato Paste","originalString":"1 can of Tomato Paste","originalName":"Tomato Paste","amount":1.0,"unit":"can","meta":[],"metaInformation":[],"measures":{"us":{"amount":1.0,"unitShort":"can","unitLong":"can"},"metric":{"amount":1.0,"unitShort":"can","unitLong":"can"}}}],"id":660290,"title":"Slow Cooker Lamb Curry","readyInMinutes":45,"servings":8,"sourceUrl":"http://www.foodista.com/recipe/Z5MXNR2V/slow-cooker-lamb-curry","image":"https://spoonacular.com/recipeImages/660290-556x370.jpg","imageType":"jpg","summary":"The recipe Slow Cooker Lamb Curry is ready <b>in about 45 minutes</b> and is definitely a super <b>gluten free</b> option for lovers of Indian food. For <b>$3.57 per serving</b>, this recipe <b>covers 42%</b> of your daily requirements of vitamins and minerals. This recipe makes 8 servings with <b>568 calories</b>, <b>67g of protein</b>, and <b>24g of fat</b> each. Head to the store and pick up baking potatoes, rosemary, ginger, and a few other things to make it today. To use up the curry paste you could follow this main course with the <a href=\"https://spoonacular.com/recipes/chocolate-hazelnut-decadence-cake-pop-738246\">Chocolate Hazelnut Decadence Cake Pop</a> as a dessert. 19 people have made this recipe and would make it again. A couple people really liked this main course. All things considered, we decided this recipe <b>deserves a spoonacular score of 93%</b>. This score is spectacular. Try <a href=\"https://spoonacular.com/recipes/leg-of-lamb-for-the-slow-cooker-crock-pot-96966\">Leg of Lamb for the Slow Cooker / Crock Pot</a>, <a href=\"https://spoonacular.com/recipes/slow-cooker-lamb-shanks-484177\">Slow Cooker Lamb Shanks</a>, and <a href=\"https://spoonacular.com/recipes/slow-cooker-lamb-stroganoff-517174\">Slow Cooker Lamb Stroganoff</a> for similar recipes.","cuisines":["Indian","Asian"],"dishTypes":["lunch","main course","main dish","dinner"],"diets":["gluten free"],"occasions":[],"instructions":"<ol><li>Pull out your slow cooker and add everything into the pot with the exception of the yogurt.</li><li>Now turn on your pot, setting it on low for the next 4-6 hours or high for the next 3-5.</li><li>When the time is up, open up your slow cooker, grab your yogurt and stir it into the curry.</li><li>Serve over rice.</li></ol>","analyzedInstructions":[{"name":"","steps":[{"number":1,"step":"Pull out your slow cooker and add everything into the pot with the exception of the yogurt.Now turn on your pot, setting it on low for the next 4-6 hours or high for the next 3-5.When the time is up, open up your slow cooker, grab your yogurt and stir it into the curry.","ingredients":[{"id":1116,"name":"yogurt","localizedName":"yogurt","image":"plain-yogurt.jpg"},{"id":2015,"name":"curry powder","localizedName":"curry powder","image":"curry-powder.jpg"}],"equipment":[{"id":404718,"name":"slow cooker","localizedName":"slow cooker","image":"slow-cooker.jpg"},{"id":404752,"name":"pot","localizedName":"pot","image":"stock-pot.jpg"}],"length":{"number":360,"unit":"minutes"}},{"number":2,"step":"Serve over rice.","ingredients":[{"id":20444,"name":"rice","localizedName":"rice","image":"uncooked-white-rice.png"}],"equipment":[]}]}],"originalId":null,"spoonacularSourceUrl":"https://spoonacular.com/slow-cooker-lamb-curry-660290"},{"vegetarian":false,"vegan":false,"glutenFree":true,"dairyFree":false,"veryHealthy":false,"cheap":false,"veryPopular":false,"sustainable":false,"weightWatcherSmartPoints":7,"gaps":"no","lowFodmap":false,"aggregateLikes":10,"spoonacularScore":84.0,"healthScore":33.0,"creditsText":"Foodista.com – The Cooking Encyclopedia Everyone Can Edit","license":"CC BY 3.0","sourceName":"Foodista","pricePerServing":410.46,"extendedIngredients":[{"id":4582,"aisle":"Oil, Vinegar, Salad Dressing","image":"vegetable-oil.jpg","consistency":"liquid","name":"cooking oil","nameClean":"cooking oil","original":"5 tablespoons Veg oil","originalString":"5 tablespoons Veg oil","originalName":"Veg oil","amount":5.0,"unit":"tablespoons","meta":[],"metaInformation":[],"measures":{"us":{"amount":5.0,"unitShort":"Tbsps","unitLong":"Tbsps"},"metric":{"amount":5.0,"unitShort":"Tbsps","unitLong":"Tbsps"}}},{"id":1002014,"aisle":"Spices and Seasonings","image":"ground-cumin.jpg","consistency":"solid","name":"cumin","nameClean":"cumin","original":"1/4 cup Cumin","originalString":"1/4 cup Cumin","originalName":"Cumin","amount":0.25,"unit":"cup","meta":[],"metaInformation":[],"measures":{"us":{"amount":0.25,"unitShort":"cups","unitLong":"cups"},"metric":{"amount":59.147,"unitShort":"ml","unitLong":"milliliters"}}},{"id":17013,"aisle":"Meat","image":"leg-of-lamb.png","consistency":"solid","name":"leg of lamb","nameClean":"leg of lamb","original":"10 pounds Leg of lamb","originalString":"10 pounds Leg of lamb","originalName":"Leg of lamb","amount":10.0,"unit":"pounds","meta":[],"metaInformation":[],"measures":{"us":{"amount":10.0,"unitShort":"lb","unitLong":"pounds"},"metric":{"amount":4.536,"unitShort":"kilogram","unitLong":"kilograms"}}},{"id":2025,"aisle":"Spices and Seasonings","image":"ground-nutmeg.jpg","consistency":"solid","name":"nutmeg","nameClean":"nutmeg","original":"1/2 teaspoon Nutmeg","originalString":"1/2 teaspoon Nutmeg","originalName":"Nutmeg","amount":0.5,"unit":"teaspoon","meta":[],"metaInformation":[],"measures":{"us":{"amount":0.5,"unitShort":"tsps","unitLong":"teaspoons"},"metric":{"amount":0.5,"unitShort":"tsps","unitLong":"teaspoons"}}},{"id":2028,"aisle":"Spices and Seasonings","image":"paprika.jpg","consistency":"solid","name":"paprika","nameClean":"paprika","original":"2 tablespoons Paprika","originalString":"2 tablespoons Paprika","originalName":"Paprika","amount":2.0,"unit":"tablespoons","meta":[],"metaInformation":[],"measures":{"us":{"amount":2.0,"unitShort":"Tbsps","unitLong":"Tbsps"},"metric":{"amount":2.0,"unitShort":"Tbsps","unitLong":"Tbsps"}}},{"id":1001116,"aisle":"Milk, Eggs, Other Dairy","image":"plain-yogurt.jpg","consistency":"liquid","name":"plain yogurt","nameClean":"plain yogurt","original":"Plain yogurt 80g (I used my homemade yogurt)","originalString":"Plain yogurt 80g (I used my homemade yogurt)","originalName":"Plain yogurt (I used my homemade yogurt)","amount":80.0,"unit":"g","meta":["plain","homemade","(I used my yogurt)"],"metaInformation":["plain","homemade","(I used my yogurt)"],"measures":{"us":{"amount":2.822,"unitShort":"oz","unitLong":"ounces"},"metric":{"amount":80.0,"unitShort":"g","unitLong":"grams"}}},{"id":2047,"aisle":"Spices and Seasonings","image":"salt.jpg","consistency":"solid","name":"salt","nameClean":"salt","original":"salt 1/4 tsp.","originalString":"salt 1/4 tsp.","originalName":"salt","amount":0.25,"unit":"tsp","meta":[],"metaInformation":[],"measures":{"us":{"amount":0.25,"unitShort":"tsps","unitLong":"teaspoons"},"metric":{"amount":0.25,"unitShort":"tsps","unitLong":"teaspoons"}}},{"id":2043,"aisle":"Spices and Seasonings","image":"turmeric.jpg","consistency":"solid","name":"tumeric","nameClean":"turmeric","original":"1 tablespoon Tumeric","originalString":"1 tablespoon Tumeric","originalName":"Tumeric","amount":1.0,"unit":"tablespoon","meta":[],"metaInformation":[],"measures":{"us":{"amount":1.0,"unitShort":"Tbsp","unitLong":"Tbsp"},"metric":{"amount":1.0,"unitShort":"Tbsp","unitLong":"Tbsp"}}}],"id":665550,"title":"Yogurt Marinated Lamb Skewers","readyInMinutes":45,"servings":12,"sourceUrl":"http://www.foodista.com/recipe/7RX6GPFB/grilled-leg-of-lamb-with-yogurt","image":"https://spoonacular.com/recipeImages/665550-556x370.jpg","imageType":"jpg","summary":"Yogurt Marinated Lamb Skewers might be just the main course you are searching for. One serving contains <b>315 calories</b>, <b>49g of protein</b>, and <b>11g of fat</b>. For <b>$4.09 per serving</b>, this recipe <b>covers 27%</b> of your daily requirements of vitamins and minerals. 10 people have made this recipe and would make it again. A mixture of tumeric, salt, nutmeg, and a handful of other ingredients are all it takes to make this recipe so flavorful. To use up the plain yogurt you could follow this main course with the <a href=\"https://spoonacular.com/recipes/5-minute-healthy-peach-frozen-yogurt-516109\">5-Minute Healthy Peach Frozen Yogurt</a> as a dessert. From preparation to the plate, this recipe takes roughly <b>45 minutes</b>. All things considered, we decided this recipe <b>deserves a spoonacular score of 94%</b>. This score is spectacular. Try <a href=\"https://spoonacular.com/recipes/yogurt-and-mint-marinated-lamb-skewers-606500\">Yogurt- and Mint-Marinated Lamb Skewers</a>, <a href=\"https://spoonacular.com/recipes/yogurt-marinated-chicken-skewers-with-toum-garlic-sauce-879085\">Yogurt Marinated Chicken Skewers With Toum Garlic Sauce</a>, and <a href=\"https://spoonacular.com/recipes/lamb-skewers-with-yogurt-sauce-98185\">Lamb Skewers with Yogurt Sauce</a> for similar recipes.","cuisines":[],"dishTypes":["lunch","main course","main dish","dinner"],"diets":["gluten free"],"occasions":[],"instructions":"<ol><li>Bone the lamb and cut into 1\" cubes. Combine all ingredients in a large bowl, mix, cover and refrigerate overnight. Skewer cubes and grill over charcoal about 7 min. per side.</li></ol>","analyzedInstructions":[{"name":"","steps":[{"number":1,"step":"Bone the lamb and cut into 1\" cubes.","ingredients":[{"id":0,"name":"bone","localizedName":"bone","image":""},{"id":10017224,"name":"lamb","localizedName":"lamb","image":"lamb-shanks.jpg"}],"equipment":[]},{"number":2,"step":"Combine all ingredients in a large bowl, mix, cover and refrigerate overnight. Skewer cubes and grill over charcoal about 7 min. per side.","ingredients":[],"equipment":[{"id":3065,"name":"skewers","localizedName":"skewers","image":"wooden-skewers.jpg"},{"id":404706,"name":"grill","localizedName":"grill","image":"grill.jpg"},{"id":404783,"name":"bowl","localizedName":"bowl","image":"bowl.jpg"}],"length":{"number":7,"unit":"minutes"}}]}],"originalId":null,"spoonacularSourceUrl":"https://spoonacular.com/yogurt-marinated-lamb-skewers-665550"},{"vegetarian":false,"vegan":false,"glutenFree":true,"dairyFree":true,"veryHealthy":false,"cheap":false,"veryPopular":false,"sustainable":false,"weightWatcherSmartPoints":16,"gaps":"no","lowFodmap":false,"aggregateLikes":56,"spoonacularScore":85.0,"healthScore":25.0,"creditsText":"Foodista.com – The Cooking Encyclopedia Everyone Can Edit","license":"CC BY 3.0","sourceName":"Foodista","pricePerServing":382.58,"extendedIngredients":[{"id":11165,"aisle":"Produce;Spices and Seasonings","image":"cilantro.png","consistency":"solid","name":"cilantro","nameClean":"cilantro","original":"1/4 cup cilantro, finely chopped","originalString":"1/4 cup cilantro, finely chopped","originalName":"cilantro, finely chopped","amount":0.25,"unit":"cup","meta":["finely chopped"],"metaInformation":["finely chopped"],"measures":{"us":{"amount":0.25,"unitShort":"cups","unitLong":"cups"},"metric":{"amount":59.147,"unitShort":"ml","unitLong":"milliliters"}}},{"id":1034053,"aisle":"Oil, Vinegar, Salad Dressing","image":"olive-oil.jpg","consistency":"liquid","name":"extra virgin olive oil","nameClean":"extra virgin olive oil","original":"2 tablespoons extra virgin olive oil","originalString":"2 tablespoons extra virgin olive oil","originalName":"extra virgin olive oil","amount":2.0,"unit":"tablespoons","meta":[],"metaInformation":[],"measures":{"us":{"amount":2.0,"unitShort":"Tbsps","unitLong":"Tbsps"},"metric":{"amount":2.0,"unitShort":"Tbsps","unitLong":"Tbsps"}}},{"id":11297,"aisle":"Produce;Spices and Seasonings","image":"parsley.jpg","consistency":"solid","name":"flat leaf parsley","nameClean":"parsley","original":"1/4 cup flat leaf parsley, finely chopped","originalString":"1/4 cup flat leaf parsley, finely chopped","originalName":"flat leaf parsley, finely chopped","amount":0.25,"unit":"cup","meta":["finely chopped"],"metaInformation":["finely chopped"],"measures":{"us":{"amount":0.25,"unitShort":"cups","unitLong":"cups"},"metric":{"amount":59.147,"unitShort":"ml","unitLong":"milliliters"}}},{"id":11215,"aisle":"Produce","image":"garlic.png","consistency":"solid","name":"garlic clove","nameClean":"garlic","original":"1 garlic clove, finely minced","originalString":"1 garlic clove, finely minced","originalName":"garlic clove, finely minced","amount":1.0,"unit":"","meta":["finely minced"],"metaInformation":["finely minced"],"measures":{"us":{"amount":1.0,"unitShort":"","unitLong":""},"metric":{"amount":1.0,"unitShort":"","unitLong":""}}},{"id":1002030,"aisle":"Spices and Seasonings","image":"pepper.jpg","consistency":"solid","name":"ground pepper","nameClean":"black pepper","original":"ground black pepper to taste","originalString":"ground black pepper to taste","originalName":"ground black pepper to taste","amount":4.0,"unit":"servings","meta":["black","to taste"],"metaInformation":["black","to taste"],"measures":{"us":{"amount":4.0,"unitShort":"servings","unitLong":"servings"},"metric":{"amount":4.0,"unitShort":"servings","unitLong":"servings"}}},{"id":1082047,"aisle":"Spices and Seasonings","image":"salt.jpg","consistency":"solid","name":"kosher salt","nameClean":"kosher salt","original":"kosher salt and pepper to taste","originalString":"kosher salt and pepper to taste","originalName":"kosher salt and pepper to taste","amount":4.0,"unit":"servings","meta":["to taste"],"metaInformation":["to taste"],"measures":{"us":{"amount":4.0,"unitShort":"servings","unitLong":"servings"},"metric":{"amount":4.0,"unitShort":"servings","unitLong":"servings"}}},{"id":17023,"aisle":"Meat","image":"lamb-chops.png","consistency":"solid","name":"lamb loin chops","nameClean":"lamb loin chop","original":"4 lamb loin chops","originalString":"4 lamb loin chops","originalName":"lamb loin chops","amount":4.0,"unit":"","meta":[],"metaInformation":[],"measures":{"us":{"amount":4.0,"unitShort":"","unitLong":""},"metric":{"amount":4.0,"unitShort":"","unitLong":""}}},{"id":9150,"aisle":"Produce","image":"lemon.png","consistency":"solid","name":"lemon","nameClean":"lemon","original":"1 lemon, freshly squeezed","originalString":"1 lemon, freshly squeezed","originalName":"lemon, freshly squeezed","amount":1.0,"unit":"","meta":["freshly squeezed"],"metaInformation":["freshly squeezed"],"measures":{"us":{"amount":1.0,"unitShort":"","unitLong":""},"metric":{"amount":1.0,"unitShort":"","unitLong":""}}},{"id":2064,"aisle":"Produce;Spices and Seasonings","image":"mint.jpg","consistency":"solid","name":"mint","nameClean":"mint","original":"1/4 cup mint, finely chopped","originalString":"1/4 cup mint, finely chopped","originalName":"mint, finely chopped","amount":0.25,"unit":"cup","meta":["finely chopped"],"metaInformation":["finely chopped"],"measures":{"us":{"amount":0.25,"unitShort":"cups","unitLong":"cups"},"metric":{"amount":59.147,"unitShort":"ml","unitLong":"milliliters"}}},{"id":12147,"aisle":"Produce;Baking","image":"pine-nuts.png","consistency":"solid","name":"pinenuts","nameClean":"pine nuts","original":"1/4 cup pinenuts, toasted, finely chopped","originalString":"1/4 cup pinenuts, toasted, finely chopped","originalName":"pinenuts, toasted, finely chopped","amount":0.25,"unit":"cup","meta":["toasted","finely chopped"],"metaInformation":["toasted","finely chopped"],"measures":{"us":{"amount":0.25,"unitShort":"cups","unitLong":"cups"},"metric":{"amount":59.147,"unitShort":"ml","unitLong":"milliliters"}}},{"id":1032009,"aisle":"Spices and Seasonings","image":"red-pepper-flakes.jpg","consistency":"solid","name":"red pepper flakes","nameClean":"red pepper flakes","original":"1 tablespoon red pepper flakes, chopped","originalString":"1 tablespoon red pepper flakes, chopped","originalName":"red pepper flakes, chopped","amount":1.0,"unit":"tablespoon","meta":["red","chopped"],"metaInformation":["red","chopped"],"measures":{"us":{"amount":1.0,"unitShort":"Tbsp","unitLong":"Tbsp"},"metric":{"amount":1.0,"unitShort":"Tbsp","unitLong":"Tbsp"}}},{"id":11677,"aisle":"Produce","image":"shallots.jpg","consistency":"solid","name":"shallot","nameClean":"shallot","original":"1 shallot, finely minced","originalString":"1 shallot, finely minced","originalName":"shallot, finely minced","amount":1.0,"unit":"","meta":["finely minced"],"metaInformation":["finely minced"],"measures":{"us":{"amount":1.0,"unitShort":"","unitLong":""},"metric":{"amount":1.0,"unitShort":"","unitLong":""}}}],"id":654432,"title":"Pan Seared Lamb Loin With Chimichurri & Roasted Trio Squash Salad With Goat Cheese and Pinenuts","readyInMinutes":45,"servings":4,"sourceUrl":"http://www.foodista.com/recipe/46RBKQJ7/pan-seared-lamb-loin-with-chimmichurri-roasted-trio-squash-salad-with-goat-cheese-and-pinenuts","image":"https://spoonacular.com/recipeImages/654432-556x370.jpg","imageType":"jpg","summary":"The recipe Pan Seared Lamb Loin With Chimichurri & Roasted Trio Squash Salad With Goat Cheese and Pinenuts is ready <b>in approximately 45 minutes</b> and is definitely an amazing <b>caveman, gluten free, dairy free, and primal</b> option for lovers of South American food. One serving contains <b>492 calories</b>, <b>21g of protein</b>, and <b>43g of fat</b>. This recipe serves 4 and costs $3.83 per serving. It works well as a main course. 56 people have made this recipe and would make it again. If you have kosher salt and pepper, garlic clove, lamb loin chops, and a few other ingredients on hand, you can make it. To use up the lemon you could follow this main course with the <a href=\"https://spoonacular.com/recipes/lemon-shortbread-cookies-with-lemon-icing-a-tribute-to-aunt-roxanne-487814\">Lemon Shortbread Cookies with Lemon Icing {A Tribute to Aunt Roxanne}</a> as a dessert. All things considered, we decided this recipe <b>deserves a spoonacular score of 86%</b>. This score is spectacular. Try <a href=\"https://spoonacular.com/recipes/roasted-carrot-and-butternut-squash-salad-with-mixed-greens-extra-sharp-cheddar-and-pinenuts-627239\">Roasted Carrot and Butternut Squash Salad with Mixed Greens, Extra Sharp Cheddar, and Pinenuts</a>, <a href=\"https://spoonacular.com/recipes/roasted-squash-prosciutto-and-goats-cheese-salad-658637\">Roasted Squash, Prosciutto and Goat's Cheese Salad</a>, and <a href=\"https://spoonacular.com/recipes/roasted-butternut-squash-salad-with-goats-cheese-578460\">Roasted butternut squash salad with goat’s cheese</a> for similar recipes.","cuisines":["South American","Latin American"],"dishTypes":["lunch","main course","main dish","dinner"],"diets":["gluten free","dairy free","paleolithic","primal"],"occasions":[],"instructions":"<ol><li>Preheat oven to 400F.</li><li>For the Chimichurri, place all of the ingredients in a large bowl and incorporate together.  Season with salt and pepper.</li><li>Heat a large, heavy bottomed pan with the oil. Sprinkle  each side of the lamb loin evenly with salt and pepper.  (This cooking process is exactly like the way you make steak).  Once the oil is hot (it will smoke a little bit), sear the lamb loin, about 2 minutes per side and allow the lamb to cook the rest of the way in the oven. The cooking times are as follows:</li><li>If you like your lamb rare, place it in the oven for no more than 2-3 minutes.  If you like your lamb medium rare place it in the oven for about 6-8 minutes.  If you like your lamb medium place it in the oven for 9 to 11 minutes. If you like it well done leave it in there for 12-14 minutes.  Remember, the lamb will continue to cook after you take it out so plan accordingly.</li></ol>","analyzedInstructions":[{"name":"","steps":[{"number":1,"step":"Preheat oven to 400F.For the Chimichurri, place all of the ingredients in a large bowl and incorporate together.  Season with salt and pepper.","ingredients":[{"id":1102047,"name":"salt and pepper","localizedName":"salt and pepper","image":"salt-and-pepper.jpg"},{"id":0,"name":"chimichurri","localizedName":"chimichurri","image":""}],"equipment":[{"id":404783,"name":"bowl","localizedName":"bowl","image":"bowl.jpg"},{"id":404784,"name":"oven","localizedName":"oven","image":"oven.jpg","temperature":{"number":400.0,"unit":"Fahrenheit"}}]},{"number":2,"step":"Heat a large, heavy bottomed pan with the oil.","ingredients":[{"id":4582,"name":"cooking oil","localizedName":"cooking oil","image":"vegetable-oil.jpg"}],"equipment":[{"id":404645,"name":"frying pan","localizedName":"frying pan","image":"pan.png"}]},{"number":3,"step":"Sprinkle  each side of the lamb loin evenly with salt and pepper.  (This cooking process is exactly like the way you make steak).  Once the oil is hot (it will smoke a little bit), sear the lamb loin, about 2 minutes per side and allow the lamb to cook the rest of the way in the oven. The cooking times are as follows:If you like your lamb rare, place it in the oven for no more than 2-3 minutes.  If you like your lamb medium rare place it in the oven for about 6-8 minutes.  If you like your lamb medium place it in the oven for 9 to 11 minutes. If you like it well done leave it in there for 12-14 minutes.  Remember, the lamb will continue to cook after you take it out so plan accordingly.","ingredients":[{"id":1102047,"name":"salt and pepper","localizedName":"salt and pepper","image":"salt-and-pepper.jpg"},{"id":10017026,"name":"lamb loin","localizedName":"lamb loin","image":"lamb-chops.png"},{"id":23232,"name":"steak","localizedName":"steak","image":"ribeye-raw.jpg"},{"id":10017224,"name":"lamb","localizedName":"lamb","image":"lamb-shanks.jpg"},{"id":4582,"name":"cooking oil","localizedName":"cooking oil","image":"vegetable-oil.jpg"}],"equipment":[{"id":404784,"name":"oven","localizedName":"oven","image":"oven.jpg"}],"length":{"number":36,"unit":"minutes"}}]}],"originalId":null,"spoonacularSourceUrl":"https://spoonacular.com/pan-seared-lamb-loin-with-chimichurri-roasted-trio-squash-salad-with-goat-cheese-and-pinenuts-654432"},{"vegetarian":false,"vegan":false,"glutenFree":false,"dairyFree":false,"veryHealthy":false,"cheap":false,"veryPopular":false,"sustainable":false,"weightWatcherSmartPoints":19,"gaps":"no","lowFodmap":false,"aggregateLikes":12,"spoonacularScore":77.0,"healthScore":24.0,"creditsText":"Foodista.com – The Cooking Encyclopedia Everyone Can Edit","license":"CC BY 3.0","sourceName":"Foodista","pricePerServing":359.85,"extendedIngredients":[{"id":11206,"aisle":"Produce","image":"cucumber.jpg","consistency":"solid","name":"cucumber","nameClean":"cucumber","original":"1 cucumber, seeded and diced","originalString":"1 cucumber, seeded and diced","originalName":"cucumber, seeded and diced","amount":1.0,"unit":"","meta":["diced","seeded"],"metaInformation":["diced","seeded"],"measures":{"us":{"amount":1.0,"unitShort":"","unitLong":""},"metric":{"amount":1.0,"unitShort":"","unitLong":""}}},{"id":1123,"aisle":"Milk, Eggs, Other Dairy","image":"egg.png","consistency":"solid","name":"egg","nameClean":"egg","original":"1 egg","originalString":"1 egg","originalName":"egg","amount":1.0,"unit":"","meta":[],"metaInformation":[],"measures":{"us":{"amount":1.0,"unitShort":"","unitLong":""},"metric":{"amount":1.0,"unitShort":"","unitLong":""}}},{"id":1034053,"aisle":"Oil, Vinegar, Salad Dressing","image":"olive-oil.jpg","consistency":"liquid","name":"extra virgin olive oil","nameClean":"extra virgin olive oil","original":"2 tablespoons extra virgin olive oil","originalString":"2 tablespoons extra virgin olive oil","originalName":"extra virgin olive oil","amount":2.0,"unit":"tablespoons","meta":[],"metaInformation":[],"measures":{"us":{"amount":2.0,"unitShort":"Tbsps","unitLong":"Tbsps"},"metric":{"amount":2.0,"unitShort":"Tbsps","unitLong":"Tbsps"}}},{"id":11297,"aisle":"Produce;Spices and Seasonings","image":"parsley.jpg","consistency":"solid","name":"flat leaf parsley","nameClean":"parsley","original":"1/4 cup chopped flat leaf parsley","originalString":"1/4 cup chopped flat leaf parsley","originalName":"chopped flat leaf parsley","amount":0.25,"unit":"cup","meta":["chopped"],"metaInformation":["chopped"],"measures":{"us":{"amount":0.25,"unitShort":"cups","unitLong":"cups"},"metric":{"amount":59.147,"unitShort":"ml","unitLong":"milliliters"}}},{"id":2045,"aisle":"Produce","image":"dill.jpg","consistency":"solid","name":"fresh dill","nameClean":"dill","original":"1 handful of minced fresh dill","originalString":"1 handful of minced fresh dill","originalName":"minced fresh dill","amount":1.0,"unit":"handful","meta":["fresh","minced"],"metaInformation":["fresh","minced"],"measures":{"us":{"amount":1.0,"unitShort":"handful","unitLong":"handful"},"metric":{"amount":1.0,"unitShort":"handful","unitLong":"handful"}}},{"id":11215,"aisle":"Produce","image":"garlic.png","consistency":"solid","name":"garlic","nameClean":"garlic","original":"12 Cloves garlic, peeled and cut in ha","originalString":"12 Cloves garlic, peeled and cut in ha","originalName":"garlic, peeled and cut in ha","amount":12.0,"unit":"Cloves","meta":["peeled","cut in ha"],"metaInformation":["peeled","cut in ha"],"measures":{"us":{"amount":12.0,"unitShort":"Cloves","unitLong":"Cloves"},"metric":{"amount":12.0,"unitShort":"Cloves","unitLong":"Cloves"}}},{"id":1256,"aisle":"Milk, Eggs, Other Dairy","image":"plain-yogurt.jpg","consistency":"liquid","name":"greek yogurt","nameClean":"greek yogurt","original":"1 pint Greek yogurt","originalString":"1 pint Greek yogurt","originalName":"Greek yogurt","amount":1.0,"unit":"pint","meta":[],"metaInformation":[],"measures":{"us":{"amount":1.0,"unitShort":"pts","unitLong":"pint"},"metric":{"amount":1.0,"unitShort":"pts","unitLong":"pint"}}},{"id":17224,"aisle":"Meat","image":"meat-ground.jpg","consistency":"solid","name":"ground lamb","nameClean":"ground lamb","original":"1 pound ground lamb","originalString":"1 pound ground lamb","originalName":"ground lamb","amount":1.0,"unit":"pound","meta":[],"metaInformation":[],"measures":{"us":{"amount":1.0,"unitShort":"lb","unitLong":"pound"},"metric":{"amount":453.592,"unitShort":"g","unitLong":"grams"}}},{"id":18350,"aisle":"Bakery/Bread","image":"hamburger-bun.jpg","consistency":"solid","name":"hamburger buns","nameClean":"hamburger bun","original":"4 hamburger buns","originalString":"4 hamburger buns","originalName":"hamburger buns","amount":4.0,"unit":"","meta":[],"metaInformation":[],"measures":{"us":{"amount":4.0,"unitShort":"","unitLong":""},"metric":{"amount":4.0,"unitShort":"","unitLong":""}}},{"id":9152,"aisle":"Produce","image":"lemon-juice.jpg","consistency":"liquid","name":"juice of lemon","nameClean":"lemon juice","original":"juice of 2 lemons","originalString":"juice of 2 lemons","originalName":"juice of lemons","amount":2.0,"unit":"","meta":[],"metaInformation":[],"measures":{"us":{"amount":2.0,"unitShort":"","unitLong":""},"metric":{"amount":2.0,"unitShort":"","unitLong":""}}},{"id":1082047,"aisle":"Spices and Seasonings","image":"salt.jpg","consistency":"solid","name":"kosher salt","nameClean":"kosher salt","original":"Kosher salt & pepper to taste","originalString":"Kosher salt & pepper to taste","originalName":"Kosher salt & pepper to taste","amount":4.0,"unit":"servings","meta":["to taste"],"metaInformation":["to taste"],"measures":{"us":{"amount":4.0,"unitShort":"servings","unitLong":"servings"},"metric":{"amount":4.0,"unitShort":"servings","unitLong":"servings"}}}],"id":649195,"title":"Lamb Burgers With Tzatziki Sauce","readyInMinutes":45,"servings":4,"sourceUrl":"http://www.foodista.com/recipe/QLMYDMY6/lamb-burgers-with-tzatziki-sauce","image":"https://spoonacular.com/recipeImages/649195-556x370.jpg","imageType":"jpg","summary":"You can never have too many main course recipes, so give Lamb Burgers With Tzatziki Sauce a try. For <b>$3.6 per serving</b>, this recipe <b>covers 28%</b> of your daily requirements of vitamins and minerals. One serving contains <b>614 calories</b>, <b>38g of protein</b>, and <b>37g of fat</b>. A few people made this recipe, and 12 would say it hit the spot. A mixture of dill, greek yogurt, kosher salt & pepper, and a handful of other ingredients are all it takes to make this recipe so delicious. To use up the juice of lemon you could follow this main course with the <a href=\"https://spoonacular.com/recipes/fruit-juice-pops-433326\">Fruit Juice Pops</a> as a dessert. This recipe is typical of Mediterranean cuisine. From preparation to the plate, this recipe takes about <b>45 minutes</b>. All things considered, we decided this recipe <b>deserves a spoonacular score of 79%</b>. This score is solid. Try <a href=\"https://spoonacular.com/recipes/greek-lamb-burgers-with-tzatziki-sauce-888153\">Greek Lamb Burgers with Tzatziki Sauce</a>, <a href=\"https://spoonacular.com/recipes/lamb-burgers-with-tzatziki-sauce-and-parsley-salad-98147\">Lamb Burgers with Tzatziki Sauce and Parsley Salad</a>, and <a href=\"https://spoonacular.com/recipes/lamb-burgers-with-tzatziki-221403\">Lamb burgers with tzatziki</a> for similar recipes.","cuisines":["Mediterranean","European","Greek"],"dishTypes":["lunch","main course","main dish","dinner"],"diets":[],"occasions":[],"instructions":"<ol><li>For the lamb burger, mix 1 pound ground lamb, 1 egg, 1 splash of extra virgin olive oil, the juice of 1 lemon, 1/4 cup chopped flat leaf parsley, and 6 cloves of chopped garlic. Season with kosher salt &amp; pepper to taste and let sit for  to 1 hour.</li><li>Grill burgers to your liking.</li><li>For the tzatziki sauce, mix together 1 pint Greek yogurt, 1 diced cucumber, juice of 1 lemon, 1 tablespoon extra virgin olive oil, 6 garlic cloves (add garlic bit by bit until you have the level of garlic you like), 1 handful minced fresh dill, and kosher salt and fresh cracked pepper to taste. Refrigerate overnight to let the flavors intensify.</li><li>Serve the grilled burgers on toasted buns and add a dollop of the sauce on top.</li></ol>","analyzedInstructions":[{"name":"","steps":[{"number":1,"step":"For the lamb burger, mix 1 pound ground lamb, 1 egg, 1 splash of extra virgin olive oil, the juice of 1 lemon, 1/4 cup chopped flat leaf parsley, and 6 cloves of chopped garlic. Season with kosher salt &amp; pepper to taste and let sit for  to 1 hour.Grill burgers to your liking.For the tzatziki sauce, mix together 1 pint Greek yogurt, 1 diced cucumber, juice of 1 lemon, 1 tablespoon extra virgin olive oil, 6 garlic cloves (add garlic bit by bit until you have the level of garlic you like), 1 handful minced fresh dill, and kosher salt and fresh cracked pepper to taste. Refrigerate overnight to let the flavors intensify.","ingredients":[{"id":1034053,"name":"extra virgin olive oil","localizedName":"extra virgin olive oil","image":"olive-oil.jpg"},{"id":10311297,"name":"flat leaf parsley","localizedName":"flat leaf parsley","image":"parsley.jpg"},{"id":0,"name":"cracked pepper","localizedName":"cracked pepper","image":"pepper.jpg"},{"id":93777,"name":"tzatziki","localizedName":"tzatziki","image":"raita-or-tzaziki.png"},{"id":10211215,"name":"whole garlic cloves","localizedName":"whole garlic cloves","image":"garlic.jpg"},{"id":1256,"name":"greek yogurt","localizedName":"greek yogurt","image":"plain-yogurt.jpg"},{"id":17224,"name":"ground lamb","localizedName":"ground lamb","image":"meat-ground.jpg"},{"id":1082047,"name":"kosher salt","localizedName":"kosher salt","image":"salt.jpg"},{"id":2045,"name":"fresh dill","localizedName":"fresh dill","image":"dill.jpg"},{"id":11206,"name":"cucumber","localizedName":"cucumber","image":"cucumber.jpg"},{"id":1002011,"name":"clove","localizedName":"clove","image":"cloves.jpg"},{"id":11215,"name":"garlic","localizedName":"garlic","image":"garlic.png"},{"id":1002030,"name":"pepper","localizedName":"pepper","image":"pepper.jpg"},{"id":1019016,"name":"juice","localizedName":"juice","image":"apple-juice.jpg"},{"id":9150,"name":"lemon","localizedName":"lemon","image":"lemon.png"},{"id":10017224,"name":"lamb","localizedName":"lamb","image":"lamb-shanks.jpg"},{"id":1123,"name":"egg","localizedName":"egg","image":"egg.png"}],"equipment":[{"id":404706,"name":"grill","localizedName":"grill","image":"grill.jpg"}],"length":{"number":60,"unit":"minutes"}},{"number":2,"step":"Serve the grilled burgers on toasted buns and add a dollop of the sauce on top.","ingredients":[{"id":0,"name":"sauce","localizedName":"sauce","image":""},{"id":0,"name":"roll","localizedName":"roll","image":"dinner-yeast-rolls.jpg"}],"equipment":[]}]}],"originalId":null,"spoonacularSourceUrl":"https://spoonacular.com/lamb-burgers-with-tzatziki-sauce-649195"}]}