{"recipes":[{"vegetarian":false,"vegan":false,"glutenFree":true,"dairyFree":false,"veryHealthy":false,"cheap":false,"veryPopular":false,"sustainable":false,"weightWatcherSmartPoints":7,"gaps":"no","lowFodmap":false,"aggregateLikes":8,"spoonacularScore":78.0,"healthScore":27.0,"creditsText":"Foodista.com – The Cooking Encyclopedia Everyone Can Edit","license":"CC BY 3.0","sourceName":"Foodista","pricePerServing":429.08,"extendedIngredients":[{"id":1001,"aisle":"Milk, Eggs, Other Dairy","image":"butter-sliced.jpg","consistency":"solid","name":"butter","nameClean":"butter","original":"2 Tbs. Melted butter","originalString":"2 Tbs. Melted butter","originalName":"Melted butter","amount":2.0,"unit":"Tbs","meta":["melted"],"metaInformation":["melted"],"measures":{"us":{"amount":2.0,"unitShort":"Tbs","unitLong":"Tbs"},"metric":{"amount":2.0,"unitShort":"Tbs","unitLong":"Tbs"}}},{"id":20027,"aisle":"Baking","image":"white-powder.jpg","consistency":"solid","name":"cornstarch","nameClean":"corn starch","original":"1 Tbs. cornstarch dissolved in 2 Tbs. water","originalString":"1 Tbs. cornstarch dissolved in 2 Tbs. water","originalName":"cornstarch dissolved in 2 Tbs. water","amount":1.0,"unit":"Tbs","meta":["dissolved in 2 tbs. water"],"metaInformation":["dissolved in 2 tbs. water"],"measures":{"us":{"amount":1.0,"unitShort":"Tbs","unitLong":"Tb"},"metric":{"amount":1.0,"unitShort":"Tbs","unitLong":"Tb"}}},{"id":9032,"aisle":"Dried Fruits;Produce","image":"dried-apricots.jpg","consistency":"solid","name":"dried apricots","nameClean":"dried apricots","original":"½ cup dried apricots","originalString":"½ cup dried apricots","originalName":"dried apricots","amount":0.5,"unit":"cup","meta":["dried"],"metaInformation":["dried"],"measures":{"us":{"amount":0.5,"unitShort":"cups","unitLong":"cups"},"metric":{"amount":118.294,"unitShort":"ml","unitLong":"milliliters"}}},{"id":9079,"aisle":"Dried Fruits;Produce","image":"dried-cranberries.jpg","consistency":"solid","name":"dried cranberries","nameClean":"dried cranberries","original":"½ cup dried cranberries","originalString":"½ cup dried cranberries","originalName":"dried cranberries","amount":0.5,"unit":"cup","meta":["dried"],"metaInformation":["dried"],"measures":{"us":{"amount":0.5,"unitShort":"cups","unitLong":"cups"},"metric":{"amount":118.294,"unitShort":"ml","unitLong":"milliliters"}}},{"id":93639,"aisle":"Dried Fruits;Produce","image":"candied-ginger-or-crystallized-ginger.jpg","consistency":"solid","name":"dried pineapple","nameClean":"dried pineapple","original":"½ cup dried pineapple","originalString":"½ cup dried pineapple","originalName":"dried pineapple","amount":0.5,"unit":"cup","meta":["dried"],"metaInformation":["dried"],"measures":{"us":{"amount":0.5,"unitShort":"cups","unitLong":"cups"},"metric":{"amount":118.294,"unitShort":"ml","unitLong":"milliliters"}}},{"id":1002030,"aisle":"Spices and Seasonings","image":"pepper.jpg","consistency":"solid","name":"ground pepper","nameClean":"black pepper","original":"Ground black pepper to taste","originalString":"Ground black pepper to taste","originalName":"Ground black pepper to taste","amount":4.0,"unit":"servings","meta":["black","to taste"],"metaInformation":["black","to taste"],"measures":{"us":{"amount":4.0,"unitShort":"servings","unitLong":"servings"},"metric":{"amount":4.0,"unitShort":"servings","unitLong":"servings"}}},{"id":14649,"aisle":"Gourmet","image":"fresh-hibiscus.jpg","consistency":"solid","name":"hibiscus","nameClean":"hibiscus","original":"¼ cup dried hibiscus petals","originalString":"¼ cup dried hibiscus petals","originalName":"dried hibiscus petals","amount":0.25,"unit":"cup","meta":["dried"],"metaInformation":["dried"],"measures":{"us":{"amount":0.25,"unitShort":"cups","unitLong":"cups"},"metric":{"amount":59.147,"unitShort":"ml","unitLong":"milliliters"}}},{"id":1082047,"aisle":"Spices and Seasonings","image":"salt.jpg","consistency":"solid","name":"kosher salt","nameClean":"kosher salt","original":"Kosher Salt to taste","originalString":"Kosher Salt to taste","originalName":"Kosher Salt to taste","amount":4.0,"unit":"servings","meta":["to taste"],"metaInformation":["to taste"],"measures":{"us":{"amount":4.0,"unitShort":"servings","unitLong":"servings"},"metric":{"amount":4.0,"unitShort":"servings","unitLong":"servings"}}},{"id":2047,"aisle":"Spices and Seasonings","image":"salt.jpg","consistency":"solid","name":"salt","nameClean":"salt","original":"Salt to taste","originalString":"Salt to taste","originalName":"Salt to taste","amount":4.0,"unit":"servings","meta":["to taste"],"metaInformation":["to taste"],"measures":{"us":{"amount":4.0,"unitShort":"servings","unitLong":"servings"},"metric":{"amount":4.0,"unitShort":"servings","unitLong":"servings"}}},{"id":11677,"aisle":"Produce","image":"shallots.jpg","consistency":"solid","name":"shallot","nameClean":"shallot","original":"1 Tbs. Chopped Shallot","originalString":"1 Tbs. Chopped Shallot","originalName":"Chopped Shallot","amount":1.0,"unit":"Tbs","meta":["chopped"],"metaInformation":["chopped"],"measures":{"us":{"amount":1.0,"unitShort":"Tbs","unitLong":"Tb"},"metric":{"amount":1.0,"unitShort":"Tbs","unitLong":"Tb"}}},{"id":10011457,"aisle":"Produce","image":"spinach.jpg","consistency":"solid","name":"spinach leaves","nameClean":"spinach","original":"2 cups spinach leaves","originalString":"2 cups spinach leaves","originalName":"spinach leaves","amount":2.0,"unit":"cups","meta":[],"metaInformation":[],"measures":{"us":{"amount":2.0,"unitShort":"cups","unitLong":"cups"},"metric":{"amount":473.176,"unitShort":"ml","unitLong":"milliliters"}}},{"id":19335,"aisle":"Baking","image":"sugar-in-bowl.png","consistency":"solid","name":"sugar","nameClean":"sugar","original":"2 tsp. Sugar","originalString":"2 tsp. Sugar","originalName":"Sugar","amount":2.0,"unit":"tsp","meta":[],"metaInformation":[],"measures":{"us":{"amount":2.0,"unitShort":"tsps","unitLong":"teaspoons"},"metric":{"amount":2.0,"unitShort":"tsps","unitLong":"teaspoons"}}},{"id":5696,"aisle":"Meat","image":"turkey-breast.jpg","consistency":"solid","name":"turkey breast","nameClean":"boneless turkey breast","original":"1 lobe Turkey Breast (skin on)","originalString":"1 lobe Turkey Breast (skin on)","originalName":"lobe Turkey Breast (skin on)","amount":1.0,"unit":"","meta":["(skin on)"],"metaInformation":["(skin on)"],"measures":{"us":{"amount":1.0,"unitShort":"","unitLong":""},"metric":{"amount":1.0,"unitShort":"","unitLong":""}}},{"id":1006172,"aisle":"Canned and Jarred","image":"chicken-broth.png","consistency":"liquid","name":"turkey stock","nameClean":"turkey stock","original":"2 cups turkey stock","originalString":"2 cups turkey stock","originalName":"turkey stock","amount":2.0,"unit":"cups","meta":[],"metaInformation":[],"measures":{"us":{"amount":2.0,"unitShort":"cups","unitLong":"cups"},"metric":{"amount":473.176,"unitShort":"ml","unitLong":"milliliters"}}},{"id":2053,"aisle":"Oil, Vinegar, Salad Dressing","image":"vinegar-(white).jpg","consistency":"liquid","name":"white vinegar","nameClean":"distilled white vinegar","original":"3 Tbs. white vinegar","originalString":"3 Tbs. white vinegar","originalName":"white vinegar","amount":3.0,"unit":"Tbs","meta":["white"],"metaInformation":["white"],"measures":{"us":{"amount":3.0,"unitShort":"Tbs","unitLong":"Tbs"},"metric":{"amount":3.0,"unitShort":"Tbs","unitLong":"Tbs"}}},{"id":null,"aisle":"?","image":null,"consistency":null,"name":"foil","nameClean":null,"original":"1 Large Sheet foil","originalString":"1 Large Sheet foil","originalName":"Large Sheet foil","amount":1.0,"unit":"","meta":[],"metaInformation":[],"measures":{"us":{"amount":1.0,"unitShort":"","unitLong":""},"metric":{"amount":1.0,"unitShort":"","unitLong":""}}}],"id":644828,"title":"Gluten Free Fruit Stuffed Turkey Breast with Hibiscus Sauce","readyInMinutes":45,"servings":4,"sourceUrl":"http://www.foodista.com/recipe/TG5HY8N2/gluten-free-fruit-stuffed-turkey-breast-with-hibiscus-sauce","image":"https://spoonacular.com/recipeImages/644828-556x370.jpg","imageType":"jpg","summary":"You can never have too many main course recipes, so give Gluten Free Fruit Stuffed Turkey Breast with Hibiscus Sauce a try. This recipe makes 4 servings with <b>472 calories</b>, <b>47g of protein</b>, and <b>11g of fat</b> each. For <b>$4.29 per serving</b>, this recipe <b>covers 31%</b> of your daily requirements of vitamins and minerals. If you have salt, pineapple, sugar, and a few other ingredients on hand, you can make it. To use up the salt you could follow this main course with the <a href=\"https://spoonacular.com/recipes/apple-turnovers-recipe-48175\">Apple Turnovers Recipe</a> as a dessert. It is a good option if you're following a <b>gluten free</b> diet. From preparation to the plate, this recipe takes around <b>45 minutes</b>. 8 people were impressed by this recipe. All things considered, we decided this recipe <b>deserves a spoonacular score of 79%</b>. This score is good. Try <a href=\"https://spoonacular.com/recipes/gluten-free-roast-turkey-breast-and-avocado-cream-on-a-bed-of-g-21275\">Gluten-free Roast Turkey Breast And Avocado Cream On A Bed Of G</a>, <a href=\"https://spoonacular.com/recipes/porcini-sage-roasted-turkey-breast-low-carb-gluten-free-691791\">Porcini & Sage Roasted Turkey Breast – Low Carb & Gluten Free</a>, and <a href=\"https://spoonacular.com/recipes/fig-and-stilton-stuffed-turkey-breast-with-port-sauce-75619\">Fig and Stilton-Stuffed Turkey Breast with Port Sauce</a> for similar recipes.","cuisines":[],"dishTypes":["lunch","main course","main dish","dinner"],"diets":["gluten free"],"occasions":[],"instructions":"<ol><li>For the Turkey:</li><li>Method: Preheat oven to 350 degrees.  Slit a pocket laterally in the turkey breast. Julienne the dried fruit and the spinach and mix in a bowl with the chopped shallot. Stuff the mixture into the turkey breast and season with salt and pepper, coat with the melted butter and wrap in sheet of foil. Heat a large skillet until it is very hot and place the turkey in the pan and allow to cook for about two minutes on each side or until it is golden brown on all sides (you will have to peek inside the foil to check). Place the pan in the oven and cook for 15 minutes then flip the breasts and cook for an additional 20 to 30 minutes or until a probe thermometer inserted into the middle of the breast reads 165 degrees. Remove the pan from the oven and place the pan on a cutting board and allow to rest for five minutes. Remove the turkey from the foil then carve into 1  inch thick medallions</li><li>For the sauce:</li><li>Method: In a non-reactive saucepan bring the vinegar and the sugar to a boil. Cook the mixture till the sugar begins to caramelize (Brown). Add the Stock to the mixture quickly so that the caramel does not burn then add the hibiscus flowers to the pan and bring to a low boil. Allow the mixture to reduce by  then whisk in the cornstarch with the mixture still at a low boil. Season the sauce to taste with the salt then strain the sauce through a chinoix or fine sauce strainer.</li><li>To serve: Place a 1 oz. pool of the sauce on a plate and fan the carved turkey over the sauce.</li></ol>","analyzedInstructions":[{"name":"","steps":[{"number":1,"step":"For the Turkey:Method: Preheat oven to 350 degrees.  Slit a pocket laterally in the turkey breast. Julienne the dried fruit and the spinach and mix in a bowl with the chopped shallot. Stuff the mixture into the turkey breast and season with salt and pepper, coat with the melted butter and wrap in sheet of foil.","ingredients":[{"id":1102047,"name":"salt and pepper","localizedName":"salt and pepper","image":"salt-and-pepper.jpg"},{"id":5696,"name":"turkey breast","localizedName":"turkey breast","image":"turkey-breast.jpg"},{"id":1009094,"name":"dried fruit","localizedName":"dried fruit","image":"dried-fruit-mixed.jpg"},{"id":11677,"name":"shallot","localizedName":"shallot","image":"shallots.jpg"},{"id":10011457,"name":"spinach","localizedName":"spinach","image":"spinach.jpg"},{"id":1001,"name":"butter","localizedName":"butter","image":"butter-sliced.jpg"},{"id":5165,"name":"whole turkey","localizedName":"whole turkey","image":"turkey-raw-whole.jpg"},{"id":10018364,"name":"wrap","localizedName":"wrap","image":"flour-tortilla.jpg"}],"equipment":[{"id":404783,"name":"bowl","localizedName":"bowl","image":"bowl.jpg"},{"id":404765,"name":"aluminum foil","localizedName":"aluminum foil","image":"aluminum-foil.png"},{"id":404784,"name":"oven","localizedName":"oven","image":"oven.jpg"}]},{"number":2,"step":"Heat a large skillet until it is very hot and place the turkey in the pan and allow to cook for about two minutes on each side or until it is golden brown on all sides (you will have to peek inside the foil to check).","ingredients":[{"id":5165,"name":"whole turkey","localizedName":"whole turkey","image":"turkey-raw-whole.jpg"}],"equipment":[{"id":404645,"name":"frying pan","localizedName":"frying pan","image":"pan.png"},{"id":404765,"name":"aluminum foil","localizedName":"aluminum foil","image":"aluminum-foil.png"}],"length":{"number":2,"unit":"minutes"}},{"number":3,"step":"Place the pan in the oven and cook for 15 minutes then flip the breasts and cook for an additional 20 to 30 minutes or until a probe thermometer inserted into the middle of the breast reads 165 degrees.","ingredients":[],"equipment":[{"id":404789,"name":"kitchen thermometer","localizedName":"kitchen thermometer","image":"food-thermometer.jpg"},{"id":404784,"name":"oven","localizedName":"oven","image":"oven.jpg"},{"id":404645,"name":"frying pan","localizedName":"frying pan","image":"pan.png"}],"length":{"number":35,"unit":"minutes"}},{"number":4,"step":"Remove the pan from the oven and place the pan on a cutting board and allow to rest for five minutes.","ingredients":[],"equipment":[{"id":404716,"name":"cutting board","localizedName":"cutting board","image":"cutting-board.jpg"},{"id":404784,"name":"oven","localizedName":"oven","image":"oven.jpg"},{"id":404645,"name":"frying pan","localizedName":"frying pan","image":"pan.png"}],"length":{"number":5,"unit":"minutes"}},{"number":5,"step":"Remove the turkey from the foil then carve into 1  inch thick medallions","ingredients":[{"id":5165,"name":"whole turkey","localizedName":"whole turkey","image":"turkey-raw-whole.jpg"}],"equipment":[{"id":404765,"name":"aluminum foil","localizedName":"aluminum foil","image":"aluminum-foil.png"}]},{"number":6,"step":"For the sauce:Method: In a non-reactive saucepan bring the vinegar and the sugar to a boil. Cook the mixture till the sugar begins to caramelize (Brown).","ingredients":[{"id":2053,"name":"vinegar","localizedName":"vinegar","image":"vinegar-(white).jpg"},{"id":0,"name":"sauce","localizedName":"sauce","image":""},{"id":19335,"name":"sugar","localizedName":"sugar","image":"sugar-in-bowl.png"}],"equipment":[{"id":404669,"name":"sauce pan","localizedName":"sauce pan","image":"sauce-pan.jpg"}]}]},{"name":"Add the Stock to the mixture quickly so that the caramel does not burn then add the hibiscus flowers to the pan and bring to a low boil. Allow the mixture to reduce by  then whisk in the cornstarch with the mixture still at a low boil. Season the sauce to taste with the salt then strain the sauce through a chinoix or fine sauce strainer.To serve","steps":[{"number":1,"step":"Place a 1 oz. pool of the sauce on a plate and fan the carved turkey over the sauce.","ingredients":[{"id":7081,"name":"sliced turkey","localizedName":"sliced turkey","image":"deli-turkey.jpg"},{"id":0,"name":"sauce","localizedName":"sauce","image":""}],"equipment":[]}]}],"originalId":null,"spoonacularSourceUrl":"https://spoonacular.com/gluten-free-fruit-stuffed-turkey-breast-with-hibiscus-sauce-644828"},{"vegetarian":false,"vegan":false,"glutenFree":true,"dairyFree":false,"veryHealthy":false,"cheap":false,"veryPopular":false,"sustainable":false,"weightWatcherSmartPoints":15,"gaps":"no","lowFodmap":false,"aggregateLikes":7,"spoonacularScore":83.0,"healthScore":45.0,"creditsText":"Foodista.com – The Cooking Encyclopedia Everyone Can Edit","license":"CC BY 3.0","sourceName":"Foodista","pricePerServing":518.69,"extendedIngredients":[{"id":11677,"aisle":"Produce","image":"shallots.jpg","consistency":"solid","name":"shallot","nameClean":"shallot","original":"1 shallot finely sliced","originalString":"1 shallot finely sliced","originalName":"shallot finely sliced","amount":1.0,"unit":"","meta":["finely sliced"],"metaInformation":["finely sliced"],"measures":{"us":{"amount":1.0,"unitShort":"","unitLong":""},"metric":{"amount":1.0,"unitShort":"","unitLong":""}}},{"id":10511282,"aisle":"Produce","image":"brown-onion.png","consistency":"solid","name":"yellow onion","nameClean":"yellow onion","original":"½ yellow onion, finely diced","originalString":"½ yellow onion, finely diced","originalName":"yellow onion, finely diced","amount":0.5,"unit":"","meta":["diced","yellow","finely"],"metaInformation":["diced","yellow","finely"],"measures":{"us":{"amount":0.5,"unitShort":"","unitLong":""},"metric":{"amount":0.5,"unitShort":"","unitLong":""}}},{"id":11260,"aisle":"Produce","image":"mushrooms-white.jpg","consistency":"solid","name":"mushrooms","nameClean":"fresh mushrooms","original":"4 -5 mushrooms, stem removed, thinly sliced","originalString":"4 -5 mushrooms, stem removed, thinly sliced","originalName":"mushrooms, stem removed, thinly sliced","amount":4.0,"unit":"","meta":["thinly sliced"],"metaInformation":["thinly sliced"],"measures":{"us":{"amount":4.0,"unitShort":"","unitLong":""},"metric":{"amount":4.0,"unitShort":"","unitLong":""}}},{"id":9032,"aisle":"Dried Fruits;Produce","image":"dried-apricots.jpg","consistency":"solid","name":"dried apricots","nameClean":"dried apricots","original":"½ cup dried apricots","originalString":"½ cup dried apricots","originalName":"dried apricots","amount":0.5,"unit":"cup","meta":["dried"],"metaInformation":["dried"],"measures":{"us":{"amount":0.5,"unitShort":"cups","unitLong":"cups"},"metric":{"amount":118.294,"unitShort":"ml","unitLong":"milliliters"}}},{"id":9299,"aisle":"Dried Fruits;Produce;Baking","image":"raisins.jpg","consistency":"solid","name":"raisins","nameClean":"raisins","original":"1 tablespoons raisins","originalString":"1 tablespoons raisins","originalName":"raisins","amount":1.0,"unit":"tablespoons","meta":[],"metaInformation":[],"measures":{"us":{"amount":1.0,"unitShort":"Tbsp","unitLong":"Tbsp"},"metric":{"amount":1.0,"unitShort":"Tbsp","unitLong":"Tbsp"}}},{"id":9079,"aisle":"Dried Fruits;Produce","image":"dried-cranberries.jpg","consistency":"solid","name":"dried cranberries","nameClean":"dried cranberries","original":"2 tablespoons dried cranberries","originalString":"2 tablespoons dried cranberries","originalName":"dried cranberries","amount":2.0,"unit":"tablespoons","meta":["dried"],"metaInformation":["dried"],"measures":{"us":{"amount":2.0,"unitShort":"Tbsps","unitLong":"Tbsps"},"metric":{"amount":2.0,"unitShort":"Tbsps","unitLong":"Tbsps"}}},{"id":11297,"aisle":"Produce;Spices and Seasonings","image":"parsley.jpg","consistency":"solid","name":"flat leaf parsley leaves","nameClean":"parsley","original":"2 tablespoons flat leaves parsley","originalString":"2 tablespoons flat leaves parsley","originalName":"flat leaves parsley","amount":2.0,"unit":"tablespoons","meta":[],"metaInformation":[],"measures":{"us":{"amount":2.0,"unitShort":"Tbsps","unitLong":"Tbsps"},"metric":{"amount":2.0,"unitShort":"Tbsps","unitLong":"Tbsps"}}},{"id":10218,"aisle":"Meat","image":"pork-tenderloin-raw.png","consistency":"solid","name":"pork tenderloin","nameClean":"pork tenderloin","original":"1 large pork tenderloin","originalString":"1 large pork tenderloin","originalName":"pork tenderloin","amount":1.0,"unit":"large","meta":[],"metaInformation":[],"measures":{"us":{"amount":1.0,"unitShort":"large","unitLong":"large"},"metric":{"amount":1.0,"unitShort":"large","unitLong":"large"}}},{"id":14057,"aisle":"Alcoholic Beverages","image":"red-wine.jpg","consistency":"liquid","name":"marsala","nameClean":"marsala","original":"½ cup Marsala","originalString":"½ cup Marsala","originalName":"Marsala","amount":0.5,"unit":"cup","meta":[],"metaInformation":[],"measures":{"us":{"amount":0.5,"unitShort":"cups","unitLong":"cups"},"metric":{"amount":118.294,"unitShort":"ml","unitLong":"milliliters"}}},{"id":10114057,"aisle":"Alcoholic Beverages","image":"port.jpg","consistency":"liquid","name":"port","nameClean":"port","original":"½ cup Port","originalString":"½ cup Port","originalName":"Port","amount":0.5,"unit":"cup","meta":[],"metaInformation":[],"measures":{"us":{"amount":0.5,"unitShort":"cups","unitLong":"cups"},"metric":{"amount":118.294,"unitShort":"ml","unitLong":"milliliters"}}},{"id":1001,"aisle":"Milk, Eggs, Other Dairy","image":"butter-sliced.jpg","consistency":"solid","name":"butter","nameClean":"butter","original":"1 tablespoon butter","originalString":"1 tablespoon butter","originalName":"butter","amount":1.0,"unit":"tablespoon","meta":[],"metaInformation":[],"measures":{"us":{"amount":1.0,"unitShort":"Tbsp","unitLong":"Tbsp"},"metric":{"amount":1.0,"unitShort":"Tbsp","unitLong":"Tbsp"}}},{"id":1053,"aisle":"Milk, Eggs, Other Dairy","image":"fluid-cream.jpg","consistency":"liquid","name":"heavy cream","nameClean":"cream","original":"2 tablespoons heavy cream","originalString":"2 tablespoons heavy cream","originalName":"heavy cream","amount":2.0,"unit":"tablespoons","meta":[],"metaInformation":[],"measures":{"us":{"amount":2.0,"unitShort":"Tbsps","unitLong":"Tbsps"},"metric":{"amount":2.0,"unitShort":"Tbsps","unitLong":"Tbsps"}}},{"id":4053,"aisle":"Oil, Vinegar, Salad Dressing","image":"olive-oil.jpg","consistency":"liquid","name":"olive oil","nameClean":"olive oil","original":"½ teaspoon Olive oil","originalString":"½ teaspoon Olive oil","originalName":"Olive oil","amount":0.5,"unit":"teaspoon","meta":[],"metaInformation":[],"measures":{"us":{"amount":0.5,"unitShort":"tsps","unitLong":"teaspoons"},"metric":{"amount":0.5,"unitShort":"tsps","unitLong":"teaspoons"}}},{"id":1102047,"aisle":"Spices and Seasonings","image":"salt-and-pepper.jpg","consistency":"solid","name":"salt and pepper","nameClean":"salt and pepper","original":"Salt and pepper","originalString":"Salt and pepper","originalName":"Salt and pepper","amount":1.0,"unit":"serving","meta":[],"metaInformation":[],"measures":{"us":{"amount":1.0,"unitShort":"serving","unitLong":"serving"},"metric":{"amount":1.0,"unitShort":"serving","unitLong":"serving"}}}],"id":662075,"title":"Stuffed Pork Tenderloin with Marsala-Port Sauce","readyInMinutes":45,"servings":4,"sourceUrl":"https://www.foodista.com/recipe/2RKS457F/stuffed-pork-tenderloin-with-marsala-port-sauce","image":"https://spoonacular.com/recipeImages/662075-556x370.jpg","imageType":"jpg","summary":"Stuffed Pork Tenderloin with Marsala-Port Sauce takes about <b>about 45 minutes</b> from beginning to end. Watching your figure? This gluten free recipe has <b>784 calories</b>, <b>96g of protein</b>, and <b>22g of fat</b> per serving. For <b>$5.19 per serving</b>, this recipe <b>covers 44%</b> of your daily requirements of vitamins and minerals. This recipe serves 4. 7 people have tried and liked this recipe. A mixture of port, butter, mushrooms, and a handful of other ingredients are all it takes to make this recipe so scrumptious. Not a lot of people really liked this main course. It is brought to you by Foodista. With a spoonacular <b>score of 83%</b>, this dish is super. If you like this recipe, you might also like recipes such as <a href=\"https://spoonacular.com/recipes/pork-tenderloin-in-marsala-sauce-585758\">Pork Tenderloin In Marsala Sauce</a>, <a href=\"https://spoonacular.com/recipes/pork-tenderloin-with-fig-port-sauce-130128\">Pork Tenderloin With Fig Port Sauce</a>, and <a href=\"https://spoonacular.com/recipes/gorgonzola-stuffed-beef-tenderloin-with-port-wine-sauce-310653\">Gorgonzola-Stuffed Beef Tenderloin with Port Wine Sauce</a>.","cuisines":[],"dishTypes":["lunch","main course","main dish","dinner"],"diets":["gluten free"],"occasions":[],"instructions":"Preheat the oven to 450 .\nIn large skillet, over medium heat warm the olive oil. Add the onions, shallots and mushrooms. Cook until the onions are translucent. Remove from the heat.\nIn a small food processor add the dried apricots, raisins, dried cranberries, parsley and the onion mushrooms mixture.  Pulse for a few times until everything is minced and well combined.\nCut the tenderloin in half crosswise. Butterfly each sections making sure not to go completely thru the meat.\nSalt and pepper generously each section. Spread the onion mushroom mixture over on side. Place the other half of the meat  over the mixture and seal the sides with toothpicks. Season generously with salt and pepper on each side.\nIn the same pan that the onions were cooked, heat  teaspoon of olive oil and add the pork tenderloin. Sear each side for about 3-5 minutes.\nPlace in the hot over and cook for another 20 to 30  minutes, or until no juices are running off the pork tenderloin.\nRemove from the oven, transfer the meat on a dish and cover with aluminum foil.\nPour off any fat from the pan, or bits of meat that may have fallen from the pork.  Add the marsala and port wine. Bring to a boil and with a spatula scrape up any browned bits on the bottom of the pan. Add any pan juices from the tenderloin and continue cooking until the sauce is reduced to  cup. Remove from the heat and add the butter and cream. Swirl around to ensure butter is melted.\nRemove the toothpicks and cut the pork tenderloin crosswise. Arrange on a plate and pour the sauce over it, or alongside.","analyzedInstructions":[{"name":"","steps":[{"number":1,"step":"Preheat the oven to 450 .","ingredients":[],"equipment":[{"id":404784,"name":"oven","localizedName":"oven","image":"oven.jpg"}]},{"number":2,"step":"In large skillet, over medium heat warm the olive oil.","ingredients":[{"id":4053,"name":"olive oil","localizedName":"olive oil","image":"olive-oil.jpg"}],"equipment":[{"id":404645,"name":"frying pan","localizedName":"frying pan","image":"pan.png"}]},{"number":3,"step":"Add the onions, shallots and mushrooms. Cook until the onions are translucent.","ingredients":[{"id":11260,"name":"mushrooms","localizedName":"mushrooms","image":"mushrooms.png"},{"id":11677,"name":"shallot","localizedName":"shallot","image":"shallots.jpg"},{"id":11282,"name":"onion","localizedName":"onion","image":"brown-onion.png"}],"equipment":[]},{"number":4,"step":"Remove from the heat.","ingredients":[],"equipment":[]},{"number":5,"step":"In a small food processor add the dried apricots, raisins, dried cranberries, parsley and the onion mushrooms mixture.  Pulse for a few times until everything is minced and well combined.","ingredients":[{"id":9079,"name":"dried cranberries","localizedName":"dried cranberries","image":"dried-cranberries.jpg"},{"id":9032,"name":"dried apricots","localizedName":"dried apricots","image":"dried-apricots.jpg"},{"id":11260,"name":"mushrooms","localizedName":"mushrooms","image":"mushrooms.png"},{"id":11297,"name":"parsley","localizedName":"parsley","image":"parsley.jpg"},{"id":9299,"name":"raisins","localizedName":"raisins","image":"raisins.jpg"},{"id":11282,"name":"onion","localizedName":"onion","image":"brown-onion.png"}],"equipment":[{"id":404771,"name":"food processor","localizedName":"food processor","image":"food-processor.png"}]},{"number":6,"step":"Cut the tenderloin in half crosswise. Butterfly each sections making sure not to go completely thru the meat.","ingredients":[{"id":1065062,"name":"meat","localizedName":"meat","image":"whole-chicken.jpg"}],"equipment":[]},{"number":7,"step":"Salt and pepper generously each section.","ingredients":[{"id":1102047,"name":"salt and pepper","localizedName":"salt and pepper","image":"salt-and-pepper.jpg"}],"equipment":[]},{"number":8,"step":"Spread the onion mushroom mixture over on side.","ingredients":[{"id":11260,"name":"mushrooms","localizedName":"mushrooms","image":"mushrooms.png"},{"id":0,"name":"spread","localizedName":"spread","image":""},{"id":11282,"name":"onion","localizedName":"onion","image":"brown-onion.png"}],"equipment":[]},{"number":9,"step":"Place the other half of the meat  over the mixture and seal the sides with toothpicks. Season generously with salt and pepper on each side.","ingredients":[{"id":1102047,"name":"salt and pepper","localizedName":"salt and pepper","image":"salt-and-pepper.jpg"},{"id":1065062,"name":"meat","localizedName":"meat","image":"whole-chicken.jpg"}],"equipment":[{"id":404644,"name":"toothpicks","localizedName":"toothpicks","image":"toothpicks.jpg"}]},{"number":10,"step":"In the same pan that the onions were cooked, heat  teaspoon of olive oil and add the pork tenderloin. Sear each side for about 3-5 minutes.","ingredients":[{"id":10218,"name":"pork tenderloin","localizedName":"pork tenderloin","image":"pork-tenderloin-raw.png"},{"id":4053,"name":"olive oil","localizedName":"olive oil","image":"olive-oil.jpg"},{"id":11282,"name":"onion","localizedName":"onion","image":"brown-onion.png"}],"equipment":[{"id":404645,"name":"frying pan","localizedName":"frying pan","image":"pan.png"}],"length":{"number":5,"unit":"minutes"}},{"number":11,"step":"Place in the hot over and cook for another 20 to 30  minutes, or until no juices are running off the pork tenderloin.","ingredients":[{"id":10218,"name":"pork tenderloin","localizedName":"pork tenderloin","image":"pork-tenderloin-raw.png"}],"equipment":[]},{"number":12,"step":"Remove from the oven, transfer the meat on a dish and cover with aluminum foil.","ingredients":[{"id":1065062,"name":"meat","localizedName":"meat","image":"whole-chicken.jpg"}],"equipment":[{"id":404765,"name":"aluminum foil","localizedName":"aluminum foil","image":"aluminum-foil.png"},{"id":404784,"name":"oven","localizedName":"oven","image":"oven.jpg"}]},{"number":13,"step":"Pour off any fat from the pan, or bits of meat that may have fallen from the pork.","ingredients":[{"id":1065062,"name":"meat","localizedName":"meat","image":"whole-chicken.jpg"},{"id":10010219,"name":"pork","localizedName":"pork","image":"pork-tenderloin-raw.png"}],"equipment":[{"id":404645,"name":"frying pan","localizedName":"frying pan","image":"pan.png"}]},{"number":14,"step":"Add the marsala and port wine. Bring to a boil and with a spatula scrape up any browned bits on the bottom of the pan.","ingredients":[{"id":10114057,"name":"port","localizedName":"port","image":"port.jpg"},{"id":14057,"name":"marsala","localizedName":"marsala","image":"red-wine.jpg"}],"equipment":[{"id":404642,"name":"spatula","localizedName":"spatula","image":"spatula-or-turner.jpg"},{"id":404645,"name":"frying pan","localizedName":"frying pan","image":"pan.png"}]},{"number":15,"step":"Add any pan juices from the tenderloin and continue cooking until the sauce is reduced to  cup.","ingredients":[{"id":0,"name":"sauce","localizedName":"sauce","image":""}],"equipment":[{"id":404645,"name":"frying pan","localizedName":"frying pan","image":"pan.png"}]},{"number":16,"step":"Remove from the heat and add the butter and cream. Swirl around to ensure butter is melted.","ingredients":[{"id":1001,"name":"butter","localizedName":"butter","image":"butter-sliced.jpg"},{"id":1053,"name":"cream","localizedName":"cream","image":"fluid-cream.jpg"}],"equipment":[]},{"number":17,"step":"Remove the toothpicks and cut the pork tenderloin crosswise. Arrange on a plate and pour the sauce over it, or alongside.","ingredients":[{"id":10218,"name":"pork tenderloin","localizedName":"pork tenderloin","image":"pork-tenderloin-raw.png"},{"id":0,"name":"sauce","localizedName":"sauce","image":""}],"equipment":[{"id":404644,"name":"toothpicks","localizedName":"toothpicks","image":"toothpicks.jpg"}]}]}],"originalId":null,"spoonacularSourceUrl":"https://spoonacular.com/stuffed-pork-tenderloin-with-marsala-port-sauce-662075"},{"vegetarian":true,"vegan":false,"glutenFree":true,"dairyFree":false,"veryHealthy":false,"cheap":false,"veryPopular":false,"sustainable":false,"weightWatcherSmartPoints":10,"gaps":"GAPS_FULL","lowFodmap":false,"aggregateLikes":107,"spoonacularScore":51.0,"healthScore":6.0,"creditsText":"Full Belly Sisters","license":"CC BY-SA 3.0","sourceName":"Full Belly Sisters","pricePerServing":170.31,"extendedIngredients":[{"id":2069,"aisle":"Oil, Vinegar, Salad Dressing","image":"balsamic-vinegar.jpg","consistency":"liquid","name":"balsamic vinegar","nameClean":"balsamic vinegar","original":"good balsamic vinegar or syrup (for drizzling)","originalString":"good balsamic vinegar or syrup (for drizzling)","originalName":"good balsamic vinegar or syrup (for drizzling)","amount":1.0,"unit":"serving","meta":["good","(for drizzling)"],"metaInformation":["good","(for drizzling)"],"measures":{"us":{"amount":1.0,"unitShort":"serving","unitLong":"serving"},"metric":{"amount":1.0,"unitShort":"serving","unitLong":"serving"}}},{"id":1006,"aisle":"Cheese","image":"brie.jpg","consistency":"solid","name":"brie","nameClean":"brie","original":"round of Président brie","originalString":"round of Président brie","originalName":"round of Président brie","amount":1.0,"unit":"serving","meta":[],"metaInformation":[],"measures":{"us":{"amount":1.0,"unitShort":"serving","unitLong":"serving"},"metric":{"amount":1.0,"unitShort":"serving","unitLong":"serving"}}},{"id":9079,"aisle":"Dried Fruits;Produce","image":"dried-cranberries.jpg","consistency":"solid","name":"dried cranberries","nameClean":"dried cranberries","original":"about 1/4 cup dried cranberries","originalString":"about 1/4 cup dried cranberries","originalName":"about dried cranberries","amount":0.25,"unit":"cup","meta":["dried"],"metaInformation":["dried"],"measures":{"us":{"amount":0.25,"unitShort":"cups","unitLong":"cups"},"metric":{"amount":59.147,"unitShort":"ml","unitLong":"milliliters"}}},{"id":1034053,"aisle":"Oil, Vinegar, Salad Dressing","image":"olive-oil.jpg","consistency":"liquid","name":"extra virgin olive oil","nameClean":"extra virgin olive oil","original":"extra virgin olive oil (for drizzling)","originalString":"extra virgin olive oil (for drizzling)","originalName":"extra virgin olive oil (for drizzling)","amount":1.0,"unit":"serving","meta":["(for drizzling)"],"metaInformation":["(for drizzling)"],"measures":{"us":{"amount":1.0,"unitShort":"serving","unitLong":"serving"},"metric":{"amount":1.0,"unitShort":"serving","unitLong":"serving"}}},{"id":11215,"aisle":"Produce","image":"garlic.png","consistency":"solid","name":"garlic","nameClean":"garlic","original":"1 clove garlic","originalString":"1 clove garlic","originalName":"garlic","amount":1.0,"unit":"clove","meta":[],"metaInformation":[],"measures":{"us":{"amount":1.0,"unitShort":"clove","unitLong":"clove"},"metric":{"amount":1.0,"unitShort":"clove","unitLong":"clove"}}},{"id":1002030,"aisle":"Spices and Seasonings","image":"pepper.jpg","consistency":"solid","name":"pepper","nameClean":"black pepper","original":"pinch of freshly-ground pepper","originalString":"pinch of freshly-ground pepper","originalName":"pinch of freshly-ground pepper","amount":1.0,"unit":"pinch","meta":["freshly-ground"],"metaInformation":["freshly-ground"],"measures":{"us":{"amount":1.0,"unitShort":"pinch","unitLong":"pinch"},"metric":{"amount":1.0,"unitShort":"pinch","unitLong":"pinch"}}},{"id":2047,"aisle":"Spices and Seasonings","image":"salt.jpg","consistency":"solid","name":"salt","nameClean":"salt","original":"pinch of salt","originalString":"pinch of salt","originalName":"pinch of salt","amount":1.0,"unit":"pinch","meta":[],"metaInformation":[],"measures":{"us":{"amount":1.0,"unitShort":"pinch","unitLong":"pinch"},"metric":{"amount":1.0,"unitShort":"pinch","unitLong":"pinch"}}},{"id":11677,"aisle":"Produce","image":"shallots.jpg","consistency":"solid","name":"shallots","nameClean":"shallot","original":"2 large shallots, quartered","originalString":"2 large shallots, quartered","originalName":"shallots, quartered","amount":2.0,"unit":"large","meta":["quartered"],"metaInformation":["quartered"],"measures":{"us":{"amount":2.0,"unitShort":"large","unitLong":"larges"},"metric":{"amount":2.0,"unitShort":"large","unitLong":"larges"}}},{"id":2049,"aisle":"Produce;Spices and Seasonings","image":"thyme.jpg","consistency":"solid","name":"thyme sprigs","nameClean":"thyme","original":"about 4 fresh thyme sprigs, stems discarded and leaves roughly chopped","originalString":"about 4 fresh thyme sprigs, stems discarded and leaves roughly chopped","originalName":"about fresh thyme sprigs, stems discarded and leaves roughly chopped","amount":4.0,"unit":"","meta":["fresh","roughly chopped"],"metaInformation":["fresh","roughly chopped"],"measures":{"us":{"amount":4.0,"unitShort":"","unitLong":""},"metric":{"amount":4.0,"unitShort":"","unitLong":""}}}],"id":716405,"title":"Grilled Baked Brie with Shallots, Cranberries & Balsamic","readyInMinutes":45,"servings":1,"sourceUrl":"http://fullbellysisters.blogspot.com/2015/12/grilled-baked-brie-with-shallots.html","image":"https://spoonacular.com/recipeImages/716405-556x370.jpg","imageType":"jpg","summary":"Grilled Baked Brie with Shallots, Cranberries & Balsamic might be just the hor d'oeuvre you are searching for. Watching your figure? This gluten free, primal, and vegetarian recipe has <b>376 calories</b>, <b>8g of protein</b>, and <b>23g of fat</b> per serving. This recipe serves 1 and costs $1.7 per serving. A mixture of garlic, round of président brie, shallots, and a handful of other ingredients are all it takes to make this recipe so scrumptious. It can be enjoyed any time, but it is especially good for <b>The Fourth Of July</b>. 107 people were impressed by this recipe. From preparation to the plate, this recipe takes approximately <b>45 minutes</b>. All things considered, we decided this recipe <b>deserves a spoonacular score of 54%</b>. This score is pretty good. Try <a href=\"https://spoonacular.com/recipes/baked-brie-with-cranberries-and-cinnamon-624739\">Baked Brie with Cranberries and Cinnamon</a>, <a href=\"https://spoonacular.com/recipes/baked-brie-bites-with-sugared-cranberries-403937\">Baked Brie Bites With Sugared Cranberries</a>, and <a href=\"https://spoonacular.com/recipes/crescent-wrapped-baked-brie-with-apricots-cranberries-alm-124293\">Crescent Wrapped Baked Brie With Apricots, Cranberries & Alm</a> for similar recipes.","cuisines":[],"dishTypes":["side dish"],"diets":["gluten free","lacto ovo vegetarian"],"occasions":["father's day","4th of july","christmas","summer"],"instructions":"","analyzedInstructions":[],"originalId":null,"spoonacularSourceUrl":"https://spoonacular.com/grilled-baked-brie-with-shallots-cranberries-balsamic-716405"},{"vegetarian":false,"vegan":false,"glutenFree":true,"dairyFree":false,"veryHealthy":false,"cheap":false,"veryPopular":false,"sustainable":false,"weightWatcherSmartPoints":20,"gaps":"no","lowFodmap":false,"aggregateLikes":16,"spoonacularScore":26.0,"healthScore":2.0,"creditsText":"Foodista.com – The Cooking Encyclopedia Everyone Can Edit","license":"CC BY 3.0","sourceName":"Foodista","pricePerServing":144.3,"extendedIngredients":[{"id":1011053,"aisle":"Milk, Eggs, Other Dairy","image":"white-cream.png","consistency":"liquid","name":"double cream","nameClean":"double cream","original":"200ml double cream","originalString":"200ml double cream","originalName":"double cream","amount":200.0,"unit":"ml","meta":[],"metaInformation":[],"measures":{"us":{"amount":6.764,"unitShort":"fl. oz","unitLong":"fl. ozs"},"metric":{"amount":200.0,"unitShort":"ml","unitLong":"milliliters"}}},{"id":9079,"aisle":"Dried Fruits;Produce","image":"dried-cranberries.jpg","consistency":"solid","name":"dried cranberries","nameClean":"dried cranberries","original":"¼ cup dried cranberries","originalString":"¼ cup dried cranberries","originalName":"dried cranberries","amount":0.25,"unit":"cup","meta":["dried"],"metaInformation":["dried"],"measures":{"us":{"amount":0.25,"unitShort":"cups","unitLong":"cups"},"metric":{"amount":59.147,"unitShort":"ml","unitLong":"milliliters"}}},{"id":1125,"aisle":"Milk, Eggs, Other Dairy","image":"egg-yolk.jpg","consistency":"solid","name":"egg yolks","nameClean":"egg yolk","original":"4 egg yolks","originalString":"4 egg yolks","originalName":"egg yolks","amount":4.0,"unit":"","meta":[],"metaInformation":[],"measures":{"us":{"amount":4.0,"unitShort":"","unitLong":""},"metric":{"amount":4.0,"unitShort":"","unitLong":""}}},{"id":1077,"aisle":"Milk, Eggs, Other Dairy","image":"milk.png","consistency":"liquid","name":"full fat milk","nameClean":"milk","original":"300ml full fat milk","originalString":"300ml full fat milk","originalName":"full fat milk","amount":300.0,"unit":"ml","meta":[],"metaInformation":[],"measures":{"us":{"amount":1.268,"unitShort":"cups","unitLong":"cups"},"metric":{"amount":300.0,"unitShort":"ml","unitLong":"milliliters"}}},{"id":19335,"aisle":"Baking","image":"sugar-in-bowl.png","consistency":"solid","name":"sugar","nameClean":"sugar","original":"75g caster sugar","originalString":"75g caster sugar","originalName":"caster sugar","amount":75.0,"unit":"g","meta":[],"metaInformation":[],"measures":{"us":{"amount":2.646,"unitShort":"oz","unitLong":"ounces"},"metric":{"amount":75.0,"unitShort":"g","unitLong":"grams"}}},{"id":2050,"aisle":"Baking","image":"vanilla-extract.jpg","consistency":"liquid","name":"vanilla extract","nameClean":"vanilla extract","original":"1 tsp vanilla extract","originalString":"1 tsp vanilla extract","originalName":"vanilla extract","amount":1.0,"unit":"tsp","meta":[],"metaInformation":[],"measures":{"us":{"amount":1.0,"unitShort":"tsp","unitLong":"teaspoon"},"metric":{"amount":1.0,"unitShort":"tsp","unitLong":"teaspoon"}}},{"id":19087,"aisle":"Baking","image":"white-chocolate.jpg","consistency":"solid","name":"white chocolate","nameClean":"bakers white chocolate","original":"200g white chocolate, coarsely chopped","originalString":"200g white chocolate, coarsely chopped","originalName":"white chocolate, coarsely chopped","amount":200.0,"unit":"g","meta":["white","coarsely chopped"],"metaInformation":["white","coarsely chopped"],"measures":{"us":{"amount":7.055,"unitShort":"oz","unitLong":"ounces"},"metric":{"amount":200.0,"unitShort":"g","unitLong":"grams"}}}],"id":665203,"title":"White chocolate-cranberry ice cream","readyInMinutes":45,"servings":6,"sourceUrl":"http://www.foodista.com/recipe/HSYFZTRN/white-chocolate-cranberries-ice-cream","image":"https://spoonacular.com/recipeImages/665203-556x370.jpg","imageType":"jpg","summary":"White chocolate-cranberry ice cream is a <b>gluten free</b> dessert. This recipe makes 6 servings with <b>430 calories</b>, <b>6g of protein</b>, and <b>28g of fat</b> each. For <b>$1.44 per serving</b>, this recipe <b>covers 7%</b> of your daily requirements of vitamins and minerals. A few people made this recipe, and 16 would say it hit the spot. Head to the store and pick up vanillan extract, cranberries, egg yolks, and a few other things to make it today. It will be a hit at your <b>Summer</b> event. From preparation to the plate, this recipe takes roughly <b>45 minutes</b>. All things considered, we decided this recipe <b>deserves a spoonacular score of 27%</b>. This score is rather bad. Try <a href=\"https://spoonacular.com/recipes/the-secret-ingredient-cranberry-cranberry-ice-cream-with-white-chocolate-chunks-207558\">The Secret Ingredient (Cranberry): Cranberry Ice Cream with White Chocolate Chunks</a>, <a href=\"https://spoonacular.com/recipes/white-chocolate-blackberry-cranberry-cream-bars-690423\">White Chocolate Blackberry Cranberry Cream Bars</a>, and <a href=\"https://spoonacular.com/recipes/cranberry-cream-cheese-white-chocolate-chip-cookies-506006\">Cranberry Cream Cheese White Chocolate Chip Cookies</a> for similar recipes.","cuisines":[],"dishTypes":["side dish"],"diets":["gluten free"],"occasions":["summer"],"instructions":"<ol><li>In a medium saucepan boil the milk until it starts to bubble gently. Remove from flame and set aside.</li><li>Meanwhile whisk the egg yolks and sugar together for 3 minutes until pale yellow and double in volume.</li><li>Pour the milk on to the egg mixture and stir and then gently pour the mixture back in to the saucepan and simmer very lightly. Stir continuously until the custard mix thickens or coats the back of a wooden spoon.</li><li>Add the chopped chocolate stirring until the heat melts the chocolate.</li><li>Cool the mixture, stir in the vanilla extract and put it in the fridge to chill.</li><li>Once chilled, add the cream to the mixture. Stir and combine.</li><li>Pour the mixture into an ice cream machine and churn until frozen.</li><li>Add  dried cranberries in the last 5 minutes of churning and let the machine stir them in.</li><li>Transfer to plastic container and place in the freezer for 3 hours before serving.</li></ol>","analyzedInstructions":[{"name":"","steps":[{"number":1,"step":"In a medium saucepan boil the milk until it starts to bubble gently.","ingredients":[{"id":1077,"name":"milk","localizedName":"milk","image":"milk.png"}],"equipment":[{"id":404669,"name":"sauce pan","localizedName":"sauce pan","image":"sauce-pan.jpg"}]},{"number":2,"step":"Remove from flame and set aside.Meanwhile whisk the egg yolks and sugar together for 3 minutes until pale yellow and double in volume.","ingredients":[{"id":1125,"name":"egg yolk","localizedName":"egg yolk","image":"egg-yolk.jpg"},{"id":19335,"name":"sugar","localizedName":"sugar","image":"sugar-in-bowl.png"}],"equipment":[{"id":404661,"name":"whisk","localizedName":"whisk","image":"whisk.png"}],"length":{"number":3,"unit":"minutes"}},{"number":3,"step":"Pour the milk on to the egg mixture and stir and then gently pour the mixture back in to the saucepan and simmer very lightly. Stir continuously until the custard mix thickens or coats the back of a wooden spoon.","ingredients":[{"id":19169,"name":"custard powder","localizedName":"custard powder","image":"custard.png"},{"id":1077,"name":"milk","localizedName":"milk","image":"milk.png"},{"id":1123,"name":"egg","localizedName":"egg","image":"egg.png"}],"equipment":[{"id":404732,"name":"wooden spoon","localizedName":"wooden spoon","image":"wooden-spoon.jpg"},{"id":404669,"name":"sauce pan","localizedName":"sauce pan","image":"sauce-pan.jpg"}]},{"number":4,"step":"Add the chopped chocolate stirring until the heat melts the chocolate.Cool the mixture, stir in the vanilla extract and put it in the fridge to chill.Once chilled, add the cream to the mixture. Stir and combine.","ingredients":[{"id":2050,"name":"vanilla extract","localizedName":"vanilla extract","image":"vanilla-extract.jpg"},{"id":19081,"name":"chocolate","localizedName":"chocolate","image":"milk-chocolate.jpg"},{"id":1053,"name":"cream","localizedName":"cream","image":"fluid-cream.jpg"}],"equipment":[]},{"number":5,"step":"Pour the mixture into an ice cream machine and churn until frozen.","ingredients":[{"id":19095,"name":"ice cream","localizedName":"ice cream","image":"vanilla-ice-cream.png"}],"equipment":[{"id":404791,"name":"ice cream machine","localizedName":"ice cream machine","image":"ice-cream-machine.jpg"}]},{"number":6,"step":"Add  dried cranberries in the last 5 minutes of churning and let the machine stir them in.","ingredients":[{"id":9079,"name":"dried cranberries","localizedName":"dried cranberries","image":"dried-cranberries.jpg"}],"equipment":[],"length":{"number":5,"unit":"minutes"}},{"number":7,"step":"Transfer to plastic container and place in the freezer for 3 hours before serving.","ingredients":[],"equipment":[],"length":{"number":180,"unit":"minutes"}}]}],"originalId":null,"spoonacularSourceUrl":"https://spoonacular.com/white-chocolate-cranberry-ice-cream-665203"},{"vegetarian":true,"vegan":true,"glutenFree":true,"dairyFree":true,"veryHealthy":false,"cheap":false,"veryPopular":false,"sustainable":false,"weightWatcherSmartPoints":3,"gaps":"no","lowFodmap":false,"aggregateLikes":18,"spoonacularScore":68.0,"healthScore":14.0,"creditsText":"Foodista.com – The Cooking Encyclopedia Everyone Can Edit","license":"CC BY 3.0","sourceName":"Foodista","pricePerServing":64.81,"extendedIngredients":[{"id":9202,"aisle":"Produce","image":"mandarin-or-tangerines-or-clementines.jpg","consistency":"solid","name":"navel orange","nameClean":"navel orange","original":"1 navel orange","originalString":"1 navel orange","originalName":"navel orange","amount":1.0,"unit":"","meta":[],"metaInformation":[],"measures":{"us":{"amount":1.0,"unitShort":"","unitLong":""},"metric":{"amount":1.0,"unitShort":"","unitLong":""}}},{"id":11957,"aisle":"Produce","image":"fennel.png","consistency":"solid","name":"fennel bulb","nameClean":"fennel","original":"1 medium fennel bulb","originalString":"1 medium fennel bulb","originalName":"fennel bulb","amount":1.0,"unit":"medium","meta":[],"metaInformation":[],"measures":{"us":{"amount":1.0,"unitShort":"medium","unitLong":"medium"},"metric":{"amount":1.0,"unitShort":"medium","unitLong":"medium"}}},{"id":1002068,"aisle":"Oil, Vinegar, Salad Dressing","image":"vinegar-(white).jpg","consistency":"liquid","name":"white-wine vinegar","nameClean":"white wine vinegar","original":"3/4 tablespoon white-wine vinegar","originalString":"3/4 tablespoon white-wine vinegar","originalName":"white-wine vinegar","amount":0.75,"unit":"tablespoon","meta":[],"metaInformation":[],"measures":{"us":{"amount":0.75,"unitShort":"Tbsps","unitLong":"Tbsps"},"metric":{"amount":0.75,"unitShort":"Tbsps","unitLong":"Tbsps"}}},{"id":1082047,"aisle":"Spices and Seasonings","image":"salt.jpg","consistency":"solid","name":"kosher salt","nameClean":"kosher salt","original":"1/4 teaspoon kosher salt","originalString":"1/4 teaspoon kosher salt","originalName":"kosher salt","amount":0.25,"unit":"teaspoon","meta":[],"metaInformation":[],"measures":{"us":{"amount":0.25,"unitShort":"tsps","unitLong":"teaspoons"},"metric":{"amount":0.25,"unitShort":"tsps","unitLong":"teaspoons"}}},{"id":1002030,"aisle":"Spices and Seasonings","image":"pepper.jpg","consistency":"solid","name":"ground pepper","nameClean":"black pepper","original":"1/8 teaspoon fresh ground pepper","originalString":"1/8 teaspoon fresh ground pepper","originalName":"fresh ground pepper","amount":0.125,"unit":"teaspoon","meta":["fresh"],"metaInformation":["fresh"],"measures":{"us":{"amount":0.125,"unitShort":"tsps","unitLong":"teaspoons"},"metric":{"amount":0.125,"unitShort":"tsps","unitLong":"teaspoons"}}},{"id":1034053,"aisle":"Oil, Vinegar, Salad Dressing","image":"olive-oil.jpg","consistency":"liquid","name":"extra virgin olive oil","nameClean":"extra virgin olive oil","original":"1/8 cup extra virgin olive oil","originalString":"1/8 cup extra virgin olive oil","originalName":"extra virgin olive oil","amount":0.125,"unit":"cup","meta":[],"metaInformation":[],"measures":{"us":{"amount":0.125,"unitShort":"cups","unitLong":"cups"},"metric":{"amount":29.574,"unitShort":"ml","unitLong":"milliliters"}}},{"id":9216,"aisle":"Produce","image":"orange-zest.png","consistency":"solid","name":"orange zest","nameClean":"orange zest","original":"1/2 tablespoon orange zest","originalString":"1/2 tablespoon orange zest","originalName":"orange zest","amount":0.5,"unit":"tablespoon","meta":[],"metaInformation":[],"measures":{"us":{"amount":0.5,"unitShort":"Tbsps","unitLong":"Tbsps"},"metric":{"amount":0.5,"unitShort":"Tbsps","unitLong":"Tbsps"}}},{"id":12120,"aisle":"Baking","image":"hazelnuts.jpg","consistency":"solid","name":"hazelnuts","nameClean":"hazelnuts","original":"1/4 cup toasted hazelnuts","originalString":"1/4 cup toasted hazelnuts","originalName":"toasted hazelnuts","amount":0.25,"unit":"cup","meta":["toasted"],"metaInformation":["toasted"],"measures":{"us":{"amount":0.25,"unitShort":"cups","unitLong":"cups"},"metric":{"amount":59.147,"unitShort":"ml","unitLong":"milliliters"}}},{"id":9079,"aisle":"Dried Fruits;Produce","image":"dried-cranberries.jpg","consistency":"solid","name":"dried cranberries","nameClean":"dried cranberries","original":"handful of dried cranberries","originalString":"handful of dried cranberries","originalName":"dried cranberries","amount":1.0,"unit":"handful","meta":["dried"],"metaInformation":["dried"],"measures":{"us":{"amount":1.0,"unitShort":"handful","unitLong":"handful"},"metric":{"amount":1.0,"unitShort":"handful","unitLong":"handful"}}}],"id":642660,"title":"Fennel and Orange Salad With Toasted Hazelnuts and Cranberries","readyInMinutes":45,"servings":4,"sourceUrl":"https://www.foodista.com/recipe/4J3YBFD6/fennel-and-orange-salad-with-toasted-hazelnuts-and-cranberries","image":"https://spoonacular.com/recipeImages/642660-556x370.jpg","imageType":"jpg","summary":"Need a <b>gluten free, dairy free, paleolithic, and lacto ovo vegetarian side dish</b>? Fennel and Orange Salad With Toasted Hazelnuts and Cranberries could be an excellent recipe to try. This recipe serves 4. One serving contains <b>167 calories</b>, <b>2g of protein</b>, and <b>12g of fat</b>. For <b>65 cents per serving</b>, this recipe <b>covers 7%</b> of your daily requirements of vitamins and minerals. This recipe from Foodista requires extra virgin olive oil, ground pepper, hazelnuts, and kosher salt. A couple people made this recipe, and 18 would say it hit the spot. <b>Christmas</b> will be even more special with this recipe. From preparation to the plate, this recipe takes approximately <b>approximately 45 minutes</b>. With a spoonacular <b>score of 67%</b>, this dish is good. Similar recipes are <a href=\"https://spoonacular.com/recipes/baby-spinach-salad-with-pears-red-onions-cranberries-and-toasted-hazelnuts-201726\">Baby Spinach Salad with Pears, Red Onions, Cranberries and Toasted Hazelnuts</a>, <a href=\"https://spoonacular.com/recipes/blood-orange-salad-with-shaved-fennel-and-hazelnuts-51144\">Blood Orange Salad With Shaved Fennel And Hazelnuts</a>, and <a href=\"https://spoonacular.com/recipes/fennel-orange-salad-with-toasted-pistachios-43207\">Fennel & Orange Salad With Toasted Pistachios</a>.","cuisines":[],"dishTypes":["side dish","salad"],"diets":["gluten free","dairy free","paleolithic","lacto ovo vegetarian","primal","vegan"],"occasions":["christmas"],"instructions":"Finely grate enough zest from the orange to measure 1/2 tablespoon. Cut peel, including all white pith, from the orange with a paring knife. Then cut segments free from membranes.\nCut out and discard core of fennel bulb, then cut bulbs crosswise into very thin slices, as thin as you can get them.\nWhisk together vinegar, zest, salt, and pepper in a small bowl until salt is dissolved, then add olive oil slowly in a stream, whisking until combined well.\nToast hazelnuts on medium heat on a dry skillet.\nToss fennel and oranges with vinaigrette in a large bowl until combined well.\nTop with toasted hazelnuts and dried cranberries. Garnish with a few fennel fronds.","analyzedInstructions":[{"name":"","steps":[{"number":1,"step":"Finely grate enough zest from the orange to measure 1/2 tablespoon.","ingredients":[{"id":9200,"name":"orange","localizedName":"orange","image":"orange.png"}],"equipment":[]},{"number":2,"step":"Cut peel, including all white pith, from the orange with a paring knife. Then cut segments free from membranes.","ingredients":[{"id":9200,"name":"orange","localizedName":"orange","image":"orange.png"}],"equipment":[{"id":404745,"name":"knife","localizedName":"knife","image":"chefs-knife.jpg"}]},{"number":3,"step":"Cut out and discard core of fennel bulb, then cut bulbs crosswise into very thin slices, as thin as you can get them.","ingredients":[{"id":11957,"name":"fennel bulb","localizedName":"fennel bulb","image":"fennel.png"}],"equipment":[]},{"number":4,"step":"Whisk together vinegar, zest, salt, and pepper in a small bowl until salt is dissolved, then add olive oil slowly in a stream, whisking until combined well.","ingredients":[{"id":4053,"name":"olive oil","localizedName":"olive oil","image":"olive-oil.jpg"},{"id":2053,"name":"vinegar","localizedName":"vinegar","image":"vinegar-(white).jpg"},{"id":1002030,"name":"pepper","localizedName":"pepper","image":"pepper.jpg"},{"id":2047,"name":"salt","localizedName":"salt","image":"salt.jpg"}],"equipment":[{"id":404661,"name":"whisk","localizedName":"whisk","image":"whisk.png"},{"id":404783,"name":"bowl","localizedName":"bowl","image":"bowl.jpg"}]},{"number":5,"step":"Toast hazelnuts on medium heat on a dry skillet.","ingredients":[{"id":12120,"name":"hazelnuts","localizedName":"hazelnuts","image":"hazelnuts.jpg"},{"id":18070,"name":"toast","localizedName":"toast","image":"toast"}],"equipment":[{"id":404645,"name":"frying pan","localizedName":"frying pan","image":"pan.png"}]},{"number":6,"step":"Toss fennel and oranges with vinaigrette in a large bowl until combined well.","ingredients":[{"id":4135,"name":"vinaigrette","localizedName":"vinaigrette","image":"vinaigrette.jpg"},{"id":9200,"name":"orange","localizedName":"orange","image":"orange.png"},{"id":11957,"name":"fennel","localizedName":"fennel","image":"fennel.png"}],"equipment":[{"id":404783,"name":"bowl","localizedName":"bowl","image":"bowl.jpg"}]},{"number":7,"step":"Top with toasted hazelnuts and dried cranberries.","ingredients":[{"id":9079,"name":"dried cranberries","localizedName":"dried cranberries","image":"dried-cranberries.jpg"},{"id":12120,"name":"hazelnuts","localizedName":"hazelnuts","image":"hazelnuts.jpg"}],"equipment":[]},{"number":8,"step":"Garnish with a few fennel fronds.","ingredients":[{"id":11957,"name":"fennel","localizedName":"fennel","image":"fennel.png"}],"equipment":[]}]}],"originalId":null,"spoonacularSourceUrl":"https://spoonacular.com/fennel-and-orange-salad-with-toasted-hazelnuts-and-cranberries-642660"},{"vegetarian":true,"vegan":false,"glutenFree":false,"dairyFree":false,"veryHealthy":false,"cheap":false,"veryPopular":false,"sustainable":false,"weightWatcherSmartPoints":13,"gaps":"no","lowFodmap":false,"aggregateLikes":7,"spoonacularScore":27.0,"healthScore":2.0,"creditsText":"Foodista.com – The Cooking Encyclopedia Everyone Can Edit","license":"CC BY 3.0","sourceName":"Foodista","pricePerServing":62.19,"extendedIngredients":[{"id":1001,"aisle":"Milk, Eggs, Other Dairy","image":"butter-sliced.jpg","consistency":"solid","name":"butter","nameClean":"butter","original":"170 g butter, softened, cut into smaller pieces","originalString":"170 g butter, softened, cut into smaller pieces","originalName":"butter, softened, cut into smaller pieces","amount":170.0,"unit":"g","meta":["softened","cut into smaller pieces"],"metaInformation":["softened","cut into smaller pieces"],"measures":{"us":{"amount":5.997,"unitShort":"oz","unitLong":"ounces"},"metric":{"amount":170.0,"unitShort":"g","unitLong":"grams"}}},{"id":19336,"aisle":"Baking","image":"powdered-sugar.jpg","consistency":"solid","name":"icing sugar","nameClean":"powdered sugar","original":"125 g icing sugar","originalString":"125 g icing sugar","originalName":"icing sugar","amount":125.0,"unit":"g","meta":[],"metaInformation":[],"measures":{"us":{"amount":4.409,"unitShort":"oz","unitLong":"ounces"},"metric":{"amount":125.0,"unitShort":"g","unitLong":"grams"}}},{"id":1125,"aisle":"Milk, Eggs, Other Dairy","image":"egg-yolk.jpg","consistency":"solid","name":"egg yolks","nameClean":"egg yolk","original":"2 egg yolks","originalString":"2 egg yolks","originalName":"egg yolks","amount":2.0,"unit":"","meta":[],"metaInformation":[],"measures":{"us":{"amount":2.0,"unitShort":"","unitLong":""},"metric":{"amount":2.0,"unitShort":"","unitLong":""}}},{"id":9152,"aisle":"Produce","image":"lemon-juice.jpg","consistency":"liquid","name":"lemon juice","nameClean":"lemon juice","original":"2 tsp lemon juice","originalString":"2 tsp lemon juice","originalName":"lemon juice","amount":2.0,"unit":"tsp","meta":[],"metaInformation":[],"measures":{"us":{"amount":2.0,"unitShort":"tsps","unitLong":"teaspoons"},"metric":{"amount":2.0,"unitShort":"tsps","unitLong":"teaspoons"}}},{"id":20081,"aisle":"Baking","image":"flour.png","consistency":"solid","name":"flour","nameClean":"wheat flour","original":"190 g flour","originalString":"190 g flour","originalName":"flour","amount":190.0,"unit":"g","meta":[],"metaInformation":[],"measures":{"us":{"amount":6.702,"unitShort":"oz","unitLong":"ounces"},"metric":{"amount":190.0,"unitShort":"g","unitLong":"grams"}}},{"id":12061,"aisle":"Nuts","image":"almonds.jpg","consistency":"solid","name":"almonds","nameClean":"almonds","original":"110 g almonds, finely ground","originalString":"110 g almonds, finely ground","originalName":"almonds, finely ground","amount":110.0,"unit":"g","meta":["finely"],"metaInformation":["finely"],"measures":{"us":{"amount":3.88,"unitShort":"oz","unitLong":"ounces"},"metric":{"amount":110.0,"unitShort":"g","unitLong":"grams"}}},{"id":9079,"aisle":"Dried Fruits;Produce","image":"dried-cranberries.jpg","consistency":"solid","name":"dried cranberries","nameClean":"dried cranberries","original":"110 g cranberries, dried","originalString":"110 g cranberries, dried","originalName":"cranberries, dried","amount":110.0,"unit":"g","meta":["dried"],"metaInformation":["dried"],"measures":{"us":{"amount":3.88,"unitShort":"oz","unitLong":"ounces"},"metric":{"amount":110.0,"unitShort":"g","unitLong":"grams"}}},{"id":12062,"aisle":"Nuts;Savory Snacks","image":"blanched-almonds.png","consistency":"solid","name":"blanched almonds","nameClean":"blanched almonds","original":"A handful of blanched almonds and / or pistachios, coarsely chopped","originalString":"A handful of blanched almonds and / or pistachios, coarsely chopped","originalName":"A of blanched almonds and / or pistachios, coarsely chopped","amount":1.0,"unit":"handful","meta":["coarsely chopped"],"metaInformation":["coarsely chopped"],"measures":{"us":{"amount":1.0,"unitShort":"handful","unitLong":"handful"},"metric":{"amount":1.0,"unitShort":"handful","unitLong":"handful"}}}],"id":632091,"title":"Almond and cranberry shortbread","readyInMinutes":45,"servings":10,"sourceUrl":"https://www.foodista.com/recipe/6J6BPBR5/almond-and-cranberry-shortbread","image":"https://spoonacular.com/recipeImages/632091-556x370.jpg","imageType":"jpg","summary":"If you want to add more <b>lacto ovo vegetarian</b> recipes to your collection, Almond and cranberry shortbread might be a recipe you should try. This recipe serves 10 and costs 62 cents per serving. This dessert has <b>349 calories</b>, <b>5g of protein</b>, and <b>21g of fat</b> per serving. 7 people have tried and liked this recipe. If you have cranberries, icing sugar, lemon juice, and a few other ingredients on hand, you can make it. From preparation to the plate, this recipe takes roughly <b>roughly 45 minutes</b>. It is brought to you by Foodista. Taking all factors into account, this recipe <b>earns a spoonacular score of 23%</b>, which is not so super. Similar recipes include <a href=\"https://spoonacular.com/recipes/cranberry-almond-shortbread-301474\">Cranberry-Almond Shortbread</a>, <a href=\"https://spoonacular.com/recipes/cranberry-almond-shortbread-bars-831531\">Cranberry Almond Shortbread Bars</a>, and <a href=\"https://spoonacular.com/recipes/cranberry-shortbread-bars-with-almond-streusel-162607\">Cranberry Shortbread Bars with Almond Streusel</a>.","cuisines":[],"dishTypes":["dessert"],"diets":["lacto ovo vegetarian"],"occasions":[],"instructions":"Cream the butter for about 5 minutes until fluffy. Add powdered sugar, continue beating until the mixture is shiny and smooth.\nAdd the yolks and lemon juice and whisk until fully incorporated.\nMix flour and almonds and gradually add to the butter mixture. Mix until the doug has consistency of a thick paste. Do not overmix (too much mixing makes the cookies hard).\nAdd dried cranberries by kneading by hand.\nDivide the dough into two equal parts, shape each part into a 20-22 cm long roll.\nRoll each of the rolls in chopped almonds and/ or pistachios sprinkled over two aluminum sheets long enough to wrap the roll of dough. With fingers lightly press the roll towards the center to remove any air bubbles or cracks from the dough.\nWrap each roll in foil, twist the ends and place in the refrigerator for several hours, preferably overnight.\nRemove foil from a roll of dough (keep the other cool until use) and place on a cutting board. With a large, sharp knife cut the roll  into 5-6 mm wide slices.\nPlace the slices well apart, on a baking sheet covered with parchment paper. Bake the cookies in the oven preheated to 180C for about 12 min (be careful not to burn them). Let them cool on the sheet for about 5 minutes, then transfer to a rack or a plate to cool fully. Repeat with the second roll of dough.\nStore the cookies in an airtight container.","analyzedInstructions":[{"name":"","steps":[{"number":1,"step":"Cream the butter for about 5 minutes until fluffy.","ingredients":[{"id":1001,"name":"butter","localizedName":"butter","image":"butter-sliced.jpg"},{"id":1053,"name":"cream","localizedName":"cream","image":"fluid-cream.jpg"}],"equipment":[],"length":{"number":5,"unit":"minutes"}},{"number":2,"step":"Add powdered sugar, continue beating until the mixture is shiny and smooth.","ingredients":[{"id":19336,"name":"powdered sugar","localizedName":"powdered sugar","image":"powdered-sugar.jpg"}],"equipment":[]},{"number":3,"step":"Add the yolks and lemon juice and whisk until fully incorporated.","ingredients":[{"id":9152,"name":"lemon juice","localizedName":"lemon juice","image":"lemon-juice.jpg"},{"id":1125,"name":"egg yolk","localizedName":"egg yolk","image":"egg-yolk.jpg"}],"equipment":[{"id":404661,"name":"whisk","localizedName":"whisk","image":"whisk.png"}]},{"number":4,"step":"Mix flour and almonds and gradually add to the butter mixture.","ingredients":[{"id":12061,"name":"almonds","localizedName":"almonds","image":"almonds.jpg"},{"id":1001,"name":"butter","localizedName":"butter","image":"butter-sliced.jpg"},{"id":20081,"name":"all purpose flour","localizedName":"all purpose flour","image":"flour.png"}],"equipment":[]},{"number":5,"step":"Mix until the doug has consistency of a thick paste. Do not overmix (too much mixing makes the cookies hard).","ingredients":[{"id":10118192,"name":"cookies","localizedName":"cookies","image":"shortbread-cookies.jpg"}],"equipment":[]},{"number":6,"step":"Add dried cranberries by kneading by hand.","ingredients":[{"id":9079,"name":"dried cranberries","localizedName":"dried cranberries","image":"dried-cranberries.jpg"}],"equipment":[]},{"number":7,"step":"Divide the dough into two equal parts, shape each part into a 20-22 cm long roll.","ingredients":[{"id":0,"name":"dough","localizedName":"dough","image":"pizza-dough"},{"id":0,"name":"roll","localizedName":"roll","image":"dinner-yeast-rolls.jpg"}],"equipment":[]},{"number":8,"step":"Roll each of the rolls in chopped almonds and/ or pistachios sprinkled over two aluminum sheets long enough to wrap the roll of dough. With fingers lightly press the roll towards the center to remove any air bubbles or cracks from the dough.","ingredients":[{"id":12151,"name":"pistachio nuts","localizedName":"pistachio nuts","image":"pistachios.jpg"},{"id":12061,"name":"almonds","localizedName":"almonds","image":"almonds.jpg"},{"id":0,"name":"dough","localizedName":"dough","image":"pizza-dough"},{"id":0,"name":"roll","localizedName":"roll","image":"dinner-yeast-rolls.jpg"},{"id":10018364,"name":"wrap","localizedName":"wrap","image":"flour-tortilla.jpg"}],"equipment":[]},{"number":9,"step":"Wrap each roll in foil, twist the ends and place in the refrigerator for several hours, preferably overnight.","ingredients":[{"id":0,"name":"roll","localizedName":"roll","image":"dinner-yeast-rolls.jpg"},{"id":10018364,"name":"wrap","localizedName":"wrap","image":"flour-tortilla.jpg"}],"equipment":[{"id":404765,"name":"aluminum foil","localizedName":"aluminum foil","image":"aluminum-foil.png"}]},{"number":10,"step":"Remove foil from a roll of dough (keep the other cool until use) and place on a cutting board. With a large, sharp knife cut the roll  into 5-6 mm wide slices.","ingredients":[{"id":0,"name":"dough","localizedName":"dough","image":"pizza-dough"},{"id":0,"name":"roll","localizedName":"roll","image":"dinner-yeast-rolls.jpg"}],"equipment":[{"id":404716,"name":"cutting board","localizedName":"cutting board","image":"cutting-board.jpg"},{"id":404745,"name":"knife","localizedName":"knife","image":"chefs-knife.jpg"},{"id":404765,"name":"aluminum foil","localizedName":"aluminum foil","image":"aluminum-foil.png"}]},{"number":11,"step":"Place the slices well apart, on a baking sheet covered with parchment paper.","ingredients":[],"equipment":[{"id":404770,"name":"baking paper","localizedName":"baking paper","image":"baking-paper.jpg"},{"id":404727,"name":"baking sheet","localizedName":"baking sheet","image":"baking-sheet.jpg"}]},{"number":12,"step":"Bake the cookies in the oven preheated to 180C for about 12 min (be careful not to burn them).","ingredients":[{"id":10118192,"name":"cookies","localizedName":"cookies","image":"shortbread-cookies.jpg"}],"equipment":[{"id":404784,"name":"oven","localizedName":"oven","image":"oven.jpg","temperature":{"number":180.0,"unit":"Celsius"}}],"length":{"number":12,"unit":"minutes"}},{"number":13,"step":"Let them cool on the sheet for about 5 minutes, then transfer to a rack or a plate to cool fully. Repeat with the second roll of dough.","ingredients":[{"id":0,"name":"dough","localizedName":"dough","image":"pizza-dough"},{"id":0,"name":"roll","localizedName":"roll","image":"dinner-yeast-rolls.jpg"}],"equipment":[],"length":{"number":5,"unit":"minutes"}},{"number":14,"step":"Store the cookies in an airtight container.","ingredients":[{"id":10118192,"name":"cookies","localizedName":"cookies","image":"shortbread-cookies.jpg"}],"equipment":[]}]}],"originalId":null,"spoonacularSourceUrl":"https://spoonacular.com/almond-and-cranberry-shortbread-632091"},{"vegetarian":false,"vegan":false,"glutenFree":true,"dairyFree":true,"veryHealthy":false,"cheap":false,"veryPopular":false,"sustainable":false,"weightWatcherSmartPoints":3,"gaps":"no","lowFodmap":false,"aggregateLikes":11,"spoonacularScore":53.0,"healthScore":8.0,"creditsText":"Foodista.com – The Cooking Encyclopedia Everyone Can Edit","license":"CC BY 3.0","sourceName":"Foodista","pricePerServing":51.06,"extendedIngredients":[{"id":93607,"aisle":"Milk, Eggs, Other Dairy","image":"almond-milk.png","consistency":"liquid","name":"almond milk","nameClean":"almond milk","original":"1 cup almond milk (I used original unsweetened)","originalString":"1 cup almond milk (I used original unsweetened)","originalName":"almond milk (I used original unsweetened)","amount":1.0,"unit":"cup","meta":["unsweetened","(I used original )"],"metaInformation":["unsweetened","(I used original )"],"measures":{"us":{"amount":1.0,"unitShort":"cup","unitLong":"cup"},"metric":{"amount":236.588,"unitShort":"ml","unitLong":"milliliters"}}},{"id":18371,"aisle":"Baking","image":"white-powder.jpg","consistency":"solid","name":"baking powder","nameClean":"low sodium baking powder","original":"2 tsp baking powder","originalString":"2 tsp baking powder","originalName":"baking powder","amount":2.0,"unit":"tsp","meta":[],"metaInformation":[],"measures":{"us":{"amount":2.0,"unitShort":"tsps","unitLong":"teaspoons"},"metric":{"amount":2.0,"unitShort":"tsps","unitLong":"teaspoons"}}},{"id":9040,"aisle":"Produce","image":"bananas.jpg","consistency":"solid","name":"bananas","nameClean":"ripe banana","original":"2 very ripe bananas, mashed","originalString":"2 very ripe bananas, mashed","originalName":"very ripe bananas, mashed","amount":2.0,"unit":"","meta":["very ripe","mashed"],"metaInformation":["very ripe","mashed"],"measures":{"us":{"amount":2.0,"unitShort":"","unitLong":""},"metric":{"amount":2.0,"unitShort":"","unitLong":""}}},{"id":2010,"aisle":"Spices and Seasonings","image":"cinnamon.jpg","consistency":"solid","name":"cinnamon","nameClean":"cinnamon","original":"1 1/2 tsp cinnamon","originalString":"1 1/2 tsp cinnamon","originalName":"cinnamon","amount":1.5,"unit":"tsp","meta":[],"metaInformation":[],"measures":{"us":{"amount":1.5,"unitShort":"tsps","unitLong":"teaspoons"},"metric":{"amount":1.5,"unitShort":"tsps","unitLong":"teaspoons"}}},{"id":9079,"aisle":"Dried Fruits;Produce","image":"dried-cranberries.jpg","consistency":"solid","name":"dried cranberries","nameClean":"dried cranberries","original":"1 cup dried cranberries","originalString":"1 cup dried cranberries","originalName":"dried cranberries","amount":1.0,"unit":"cup","meta":["dried"],"metaInformation":["dried"],"measures":{"us":{"amount":1.0,"unitShort":"cup","unitLong":"cup"},"metric":{"amount":236.588,"unitShort":"ml","unitLong":"milliliters"}}},{"id":1123,"aisle":"Milk, Eggs, Other Dairy","image":"egg.png","consistency":"solid","name":"eggs","nameClean":"egg","original":"2 eggs","originalString":"2 eggs","originalName":"eggs","amount":2.0,"unit":"","meta":[],"metaInformation":[],"measures":{"us":{"amount":2.0,"unitShort":"","unitLong":""},"metric":{"amount":2.0,"unitShort":"","unitLong":""}}},{"id":10012220,"aisle":"Health Foods;Baking","image":"flax-seeds.png","consistency":"solid","name":"flaxseeds","nameClean":"flaxseed","original":"1 tbsp flaxseeds","originalString":"1 tbsp flaxseeds","originalName":"flaxseeds","amount":1.0,"unit":"tbsp","meta":[],"metaInformation":[],"measures":{"us":{"amount":1.0,"unitShort":"Tbsp","unitLong":"Tbsp"},"metric":{"amount":1.0,"unitShort":"Tbsp","unitLong":"Tbsp"}}},{"id":8120,"aisle":"Cereal","image":"rolled-oats.jpg","consistency":"solid","name":"oats","nameClean":"rolled oats","original":"3 cups dry oats (I used old fashioned oats)","originalString":"3 cups dry oats (I used old fashioned oats)","originalName":"dry oats (I used old fashioned oats)","amount":3.0,"unit":"cups","meta":["dry","(I used old fashioned oats)"],"metaInformation":["dry","(I used old fashioned oats)"],"measures":{"us":{"amount":3.0,"unitShort":"cups","unitLong":"cups"},"metric":{"amount":709.764,"unitShort":"ml","unitLong":"milliliters"}}},{"id":2047,"aisle":"Spices and Seasonings","image":"salt.jpg","consistency":"solid","name":"salt","nameClean":"salt","original":"1/4 teaspoon Salt","originalString":"1/4 teaspoon Salt","originalName":"Salt","amount":0.25,"unit":"teaspoon","meta":[],"metaInformation":[],"measures":{"us":{"amount":0.25,"unitShort":"tsps","unitLong":"teaspoons"},"metric":{"amount":0.25,"unitShort":"tsps","unitLong":"teaspoons"}}},{"id":2050,"aisle":"Baking","image":"vanilla-extract.jpg","consistency":"liquid","name":"vanilla extract","nameClean":"vanilla extract","original":"1 tsp vanilla extract","originalString":"1 tsp vanilla extract","originalName":"vanilla extract","amount":1.0,"unit":"tsp","meta":[],"metaInformation":[],"measures":{"us":{"amount":1.0,"unitShort":"tsp","unitLong":"teaspoon"},"metric":{"amount":1.0,"unitShort":"tsp","unitLong":"teaspoon"}}}],"id":633692,"title":"Baked Oatmeal with Dried Cranberries","readyInMinutes":45,"servings":9,"sourceUrl":"http://www.foodista.com/recipe/VS5TY2X2/baked-oatmeal-with-dried-cranberries","image":"https://spoonacular.com/recipeImages/633692-556x370.jpg","imageType":"jpg","summary":"Baked Oatmeal with Dried Cranberries might be just the morn meal you are searching for. This recipe serves 9 and costs 51 cents per serving. One serving contains <b>194 calories</b>, <b>5g of protein</b>, and <b>4g of fat</b>. A few people made this recipe, and 11 would say it hit the spot. It is perfect for <b>Christmas</b>. A mixture of cranberries, cinnamon, bananas, and a handful of other ingredients are all it takes to make this recipe so flavorful. It is a good option if you're following a <b>gluten free and dairy free</b> diet. From preparation to the plate, this recipe takes roughly <b>45 minutes</b>. All things considered, we decided this recipe <b>deserves a spoonacular score of 55%</b>. This score is solid. Try <a href=\"https://spoonacular.com/recipes/baked-oatmeal-with-dried-cranberries-apricots-48700\">Baked Oatmeal with Dried Cranberries & Apricots</a>, <a href=\"https://spoonacular.com/recipes/overnight-oatmeal-with-almonds-and-dried-cranberries-55635\">Overnight Oatmeal With Almonds And Dried Cranberries</a>, and <a href=\"https://spoonacular.com/recipes/overnight-oatmeal-with-almonds-and-dried-cranberries-55826\">Overnight Oatmeal with Almonds and Dried Cranberries</a> for similar recipes.","cuisines":[],"dishTypes":["side dish"],"diets":["gluten free","dairy free"],"occasions":["christmas"],"instructions":"<ol><li>1.Preheat oven to 350F</li><li>2.Mix dry ingredients until well combined.</li><li>3. Mix liquid ingredients separately.</li><li>4.Add the liquid ingredients to the dry mix.</li><li>5.Mix well.</li><li>5.Spray a pan with a non-stick spray - the smaller the pan, the thicker the bars will be.</li><li>6.Pour the mix into the pan.</li><li>7.Bake for 45 minutes.</li><li>8.Enjoy!</li></ol>","analyzedInstructions":[{"name":"","steps":[{"number":1,"step":"Preheat oven to 350F","ingredients":[],"equipment":[{"id":404784,"name":"oven","localizedName":"oven","image":"oven.jpg","temperature":{"number":350.0,"unit":"Fahrenheit"}}]},{"number":2,"step":"Mix dry ingredients until well combined.","ingredients":[],"equipment":[]},{"number":3,"step":"Mix liquid ingredients separately.","ingredients":[],"equipment":[]},{"number":4,"step":"Add the liquid ingredients to the dry mix.","ingredients":[],"equipment":[]},{"number":5,"step":"Mix well.5.Spray a pan with a non-stick spray - the smaller the pan, the thicker the bars will be.","ingredients":[],"equipment":[{"id":404645,"name":"frying pan","localizedName":"frying pan","image":"pan.png"}]},{"number":6,"step":"Pour the mix into the pan.","ingredients":[],"equipment":[{"id":404645,"name":"frying pan","localizedName":"frying pan","image":"pan.png"}]},{"number":7,"step":"Bake for 45 minutes.8.Enjoy!","ingredients":[],"equipment":[{"id":404784,"name":"oven","localizedName":"oven","image":"oven.jpg"}],"length":{"number":45,"unit":"minutes"}}]}],"originalId":null,"spoonacularSourceUrl":"https://spoonacular.com/baked-oatmeal-with-dried-cranberries-633692"},{"vegetarian":false,"vegan":false,"glutenFree":false,"dairyFree":false,"veryHealthy":false,"cheap":false,"veryPopular":false,"sustainable":false,"weightWatcherSmartPoints":10,"gaps":"no","lowFodmap":false,"aggregateLikes":55,"spoonacularScore":27.0,"healthScore":1.0,"creditsText":"Foodista.com – The Cooking Encyclopedia Everyone Can Edit","license":"CC BY 3.0","sourceName":"Foodista","pricePerServing":49.55,"extendedIngredients":[{"id":18371,"aisle":"Baking","image":"white-powder.jpg","consistency":"solid","name":"baking powder","nameClean":"low sodium baking powder","original":"1 tbsp baking powder","originalString":"1 tbsp baking powder","originalName":"baking powder","amount":1.0,"unit":"tbsp","meta":[],"metaInformation":[],"measures":{"us":{"amount":1.0,"unitShort":"Tbsp","unitLong":"Tbsp"},"metric":{"amount":1.0,"unitShort":"Tbsp","unitLong":"Tbsp"}}},{"id":1001,"aisle":"Milk, Eggs, Other Dairy","image":"butter-sliced.jpg","consistency":"solid","name":"butter","nameClean":"butter","original":"5 tbsp butter, cut into cubes","originalString":"5 tbsp butter, cut into cubes","originalName":"butter, cut into cubes","amount":5.0,"unit":"tbsp","meta":["cut into cubes"],"metaInformation":["cut into cubes"],"measures":{"us":{"amount":5.0,"unitShort":"Tbsps","unitLong":"Tbsps"},"metric":{"amount":5.0,"unitShort":"Tbsps","unitLong":"Tbsps"}}},{"id":10020129,"aisle":"Baking","image":"flour.png","consistency":"solid","name":"cake flour","nameClean":"cake flour","original":"1 cup cake flour","originalString":"1 cup cake flour","originalName":"cake flour","amount":1.0,"unit":"cup","meta":[],"metaInformation":[],"measures":{"us":{"amount":1.0,"unitShort":"cup","unitLong":"cup"},"metric":{"amount":236.588,"unitShort":"ml","unitLong":"milliliters"}}},{"id":93751,"aisle":"Dried Fruits;Produce;Baking","image":"candied-ginger-or-crystallized-ginger.jpg","consistency":"solid","name":"candied ginger","nameClean":"candied ginger","original":"1/4 cup chopped candied ginger","originalString":"1/4 cup chopped candied ginger","originalName":"chopped candied ginger","amount":0.25,"unit":"cup","meta":["chopped"],"metaInformation":["chopped"],"measures":{"us":{"amount":0.25,"unitShort":"cups","unitLong":"cups"},"metric":{"amount":59.147,"unitShort":"ml","unitLong":"milliliters"}}},{"id":9011,"aisle":"Dried Fruits;Produce","image":"apple-dried.jpg","consistency":"solid","name":"dried apples","nameClean":"dried apples","original":"1/4 cup dried apples","originalString":"1/4 cup dried apples","originalName":"dried apples","amount":0.25,"unit":"cup","meta":["dried"],"metaInformation":["dried"],"measures":{"us":{"amount":0.25,"unitShort":"cups","unitLong":"cups"},"metric":{"amount":59.147,"unitShort":"ml","unitLong":"milliliters"}}},{"id":9079,"aisle":"Dried Fruits;Produce","image":"dried-cranberries.jpg","consistency":"solid","name":"dried cranberries","nameClean":"dried cranberries","original":"1/4 cup chopped dried cranberries","originalString":"1/4 cup chopped dried cranberries","originalName":"chopped dried cranberries","amount":0.25,"unit":"cup","meta":["dried","chopped"],"metaInformation":["dried","chopped"],"measures":{"us":{"amount":0.25,"unitShort":"cups","unitLong":"cups"},"metric":{"amount":59.147,"unitShort":"ml","unitLong":"milliliters"}}},{"id":20081,"aisle":"Baking","image":"flour.png","consistency":"solid","name":"flour","nameClean":"wheat flour","original":"1 cup all-purpose flour","originalString":"1 cup all-purpose flour","originalName":"all-purpose flour","amount":1.0,"unit":"cup","meta":["all-purpose"],"metaInformation":["all-purpose"],"measures":{"us":{"amount":1.0,"unitShort":"cup","unitLong":"cup"},"metric":{"amount":236.588,"unitShort":"ml","unitLong":"milliliters"}}},{"id":1053,"aisle":"Milk, Eggs, Other Dairy","image":"fluid-cream.jpg","consistency":"liquid","name":"heavy cream","nameClean":"cream","original":"¼ cup heavy cream","originalString":"¼ cup heavy cream","originalName":"heavy cream","amount":0.25,"unit":"cup","meta":[],"metaInformation":[],"measures":{"us":{"amount":0.25,"unitShort":"cups","unitLong":"cups"},"metric":{"amount":59.147,"unitShort":"ml","unitLong":"milliliters"}}},{"id":2047,"aisle":"Spices and Seasonings","image":"salt.jpg","consistency":"solid","name":"salt","nameClean":"salt","original":"½ tsp salt","originalString":"½ tsp salt","originalName":"salt","amount":0.5,"unit":"tsp","meta":[],"metaInformation":[],"measures":{"us":{"amount":0.5,"unitShort":"tsps","unitLong":"teaspoons"},"metric":{"amount":0.5,"unitShort":"tsps","unitLong":"teaspoons"}}},{"id":19908,"aisle":"Baking","image":"raw-brown-sugar.png","consistency":"solid","name":"turbinado sugar","nameClean":"turbinado sugar","original":"4 tbsp turbinado sugar","originalString":"4 tbsp turbinado sugar","originalName":"turbinado sugar","amount":4.0,"unit":"tbsp","meta":[],"metaInformation":[],"measures":{"us":{"amount":4.0,"unitShort":"Tbsps","unitLong":"Tbsps"},"metric":{"amount":4.0,"unitShort":"Tbsps","unitLong":"Tbsps"}}},{"id":1077,"aisle":"Milk, Eggs, Other Dairy","image":"milk.png","consistency":"liquid","name":"whole milk","nameClean":"milk","original":"¾ cup whole milk","originalString":"¾ cup whole milk","originalName":"whole milk","amount":0.75,"unit":"cup","meta":["whole"],"metaInformation":["whole"],"measures":{"us":{"amount":0.75,"unitShort":"cups","unitLong":"cups"},"metric":{"amount":177.441,"unitShort":"ml","unitLong":"milliliters"}}}],"id":641651,"title":"Dried Fruit and Ginger Scones","readyInMinutes":45,"servings":8,"sourceUrl":"http://www.foodista.com/recipe/6B2W4D67/dried-fruit-and-ginger-scones","image":"https://spoonacular.com/recipeImages/641651-556x370.jpg","imageType":"jpg","summary":"Dried Fruit and Ginger Scones might be just the morn meal you are searching for. For <b>50 cents per serving</b>, this recipe <b>covers 6%</b> of your daily requirements of vitamins and minerals. One serving contains <b>274 calories</b>, <b>4g of protein</b>, and <b>11g of fat</b>. A few people made this recipe, and 55 would say it hit the spot. If you have apples, butter, milk, and a few other ingredients on hand, you can make it. From preparation to the plate, this recipe takes roughly <b>45 minutes</b>. This recipe is typical of Scottish cuisine. All things considered, we decided this recipe <b>deserves a spoonacular score of 29%</b>. This score is not so tremendous. Try <a href=\"https://spoonacular.com/recipes/low-fat-dried-fruit-scones-128926\">Low Fat Dried Fruit Scones</a>, <a href=\"https://spoonacular.com/recipes/gluten-free-ginger-cream-scones-with-homemade-candied-ginger-525984\">Gluten Free Ginger Cream Scones with Homemade Candied Ginger</a>, and <a href=\"https://spoonacular.com/recipes/chicken-with-passion-fruit-sauce-over-dried-fruit-and-nuts-orzo-227172\">Chicken with Passion Fruit Sauce over Dried Fruit and Nuts Orzo</a> for similar recipes.","cuisines":["English","British","Scottish","European"],"dishTypes":["side dish"],"diets":[],"occasions":[],"instructions":"<ol><li>Position a rack in the middle of your oven and preheat to 425F.  If you will be baking on a pizza stone, put it in the oven to preheat as well.  If you will be using a cookie sheet, line it with parchment paper and set it aside.</li><li>Whisk together the flours, baking powder, 3 TB of the sugar, and salt in a medium bowl.</li><li>Cut in the butter using a pastry blender, two knives, or your fingers, until the largest chunks of butter are the size of small peas.</li><li>Pour in the cream and milk (or just use all cream, if you have it) and mix it around with a fork until an evenly hydrated, extremely sticky dough forms.</li><li>Add the fruits and mix again until evenly distributed (you may have to work a bit to break up the ginger pieces).</li><li>Dump the sticky mass out onto a well-floured board.  Sprinkle a little flour on top as well, then pat the dough out into a circle about 1-inch thick.  Try not to add too much flour, lest they become dense and tough.  Dip a pizza cutter or other thin, sharp knife into flour, then cut the circle into 8 equal sized pieces.  You may need to scrape off and re-flour your slicing instrument between slices.</li><li>Using a bench scraper, a thin spatula, or (if you are brave) your hands, relocate your 8 scones to your prepared baking vessel, spacing them a half inch or so apart (they will puff and rise a little bit, but not tremendously).  Sprinkle the tops with the remaining 1 TB of sugar.</li><li>Bake for 13-15 minutes, or until lightly golden on top and cooked through.</li><li>Cool at least 10 minutes before removing to a wire rack.  Eat warm or cool.</li></ol>","analyzedInstructions":[{"name":"","steps":[{"number":1,"step":"Position a rack in the middle of your oven and preheat to 425F.  If you will be baking on a pizza stone, put it in the oven to preheat as well.  If you will be using a cookie sheet, line it with parchment paper and set it aside.","ingredients":[{"id":10118192,"name":"cookies","localizedName":"cookies","image":"shortbread-cookies.jpg"}],"equipment":[{"id":404770,"name":"baking paper","localizedName":"baking paper","image":"baking-paper.jpg"},{"id":404727,"name":"baking sheet","localizedName":"baking sheet","image":"baking-sheet.jpg"},{"id":406907,"name":"pizza stone","localizedName":"pizza stone","image":"pizza-stone.jpg"},{"id":404784,"name":"oven","localizedName":"oven","image":"oven.jpg","temperature":{"number":425.0,"unit":"Fahrenheit"}}]},{"number":2,"step":"Whisk together the flours, baking powder, 3 TB of the sugar, and salt in a medium bowl.","ingredients":[{"id":18369,"name":"baking powder","localizedName":"baking powder","image":"white-powder.jpg"},{"id":19335,"name":"sugar","localizedName":"sugar","image":"sugar-in-bowl.png"},{"id":2047,"name":"salt","localizedName":"salt","image":"salt.jpg"}],"equipment":[{"id":404661,"name":"whisk","localizedName":"whisk","image":"whisk.png"},{"id":404783,"name":"bowl","localizedName":"bowl","image":"bowl.jpg"}]},{"number":3,"step":"Cut in the butter using a pastry blender, two knives, or your fingers, until the largest chunks of butter are the size of small peas.","ingredients":[{"id":1001,"name":"butter","localizedName":"butter","image":"butter-sliced.jpg"},{"id":11304,"name":"peas","localizedName":"peas","image":"peas.jpg"}],"equipment":[{"id":404726,"name":"blender","localizedName":"blender","image":"blender.png"}]},{"number":4,"step":"Pour in the cream and milk (or just use all cream, if you have it) and mix it around with a fork until an evenly hydrated, extremely sticky dough forms.","ingredients":[{"id":1053,"name":"cream","localizedName":"cream","image":"fluid-cream.jpg"},{"id":0,"name":"dough","localizedName":"dough","image":"pizza-dough"},{"id":1077,"name":"milk","localizedName":"milk","image":"milk.png"}],"equipment":[]},{"number":5,"step":"Add the fruits and mix again until evenly distributed (you may have to work a bit to break up the ginger pieces).Dump the sticky mass out onto a well-floured board.","ingredients":[{"id":9431,"name":"fruit","localizedName":"fruit","image":"mixed-fresh-fruit.jpg"},{"id":11216,"name":"ginger","localizedName":"ginger","image":"ginger.png"}],"equipment":[]},{"number":6,"step":"Sprinkle a little flour on top as well, then pat the dough out into a circle about 1-inch thick.  Try not to add too much flour, lest they become dense and tough.  Dip a pizza cutter or other thin, sharp knife into flour, then cut the circle into 8 equal sized pieces.  You may need to scrape off and re-flour your slicing instrument between slices.Using a bench scraper, a thin spatula, or (if you are brave) your hands, relocate your 8 scones to your prepared baking vessel, spacing them a half inch or so apart (they will puff and rise a little bit, but not tremendously).","ingredients":[{"id":0,"name":"dough","localizedName":"dough","image":"pizza-dough"},{"id":20081,"name":"all purpose flour","localizedName":"all purpose flour","image":"flour.png"},{"id":0,"name":"dip","localizedName":"dip","image":""}],"equipment":[{"id":404649,"name":"dough scraper","localizedName":"dough scraper","image":"dough-scraper.jpg"},{"id":404651,"name":"pizza cutter","localizedName":"pizza cutter","image":"pizza-cutter.jpg"},{"id":404642,"name":"spatula","localizedName":"spatula","image":"spatula-or-turner.jpg"},{"id":404745,"name":"knife","localizedName":"knife","image":"chefs-knife.jpg"}]},{"number":7,"step":"Sprinkle the tops with the remaining 1 TB of sugar.","ingredients":[{"id":19335,"name":"sugar","localizedName":"sugar","image":"sugar-in-bowl.png"}],"equipment":[]},{"number":8,"step":"Bake for 13-15 minutes, or until lightly golden on top and cooked through.Cool at least 10 minutes before removing to a wire rack.  Eat warm or cool.","ingredients":[],"equipment":[{"id":405900,"name":"wire rack","localizedName":"wire rack","image":"wire-rack.jpg"},{"id":404784,"name":"oven","localizedName":"oven","image":"oven.jpg"}],"length":{"number":25,"unit":"minutes"}}]}],"originalId":null,"spoonacularSourceUrl":"https://spoonacular.com/dried-fruit-and-ginger-scones-641651"}]}